function	decompiled	error
ram:00001000	true	
ram:000010ce	true	
ram:0000110e	true	
ram:000011dc	true	
ram:0000130c	true	
ram:00001406	true	
ram:0000157a	true	
ram:000015fc	true	
ram:0000160a	true	
ram:00001822	true	
ram:00001834	true	
ram:00001842	true	
ram:00001850	true	
ram:0000185e	true	
ram:000018a6	true	
ram:000018de	true	
ram:00001c48	true	
ram:00001d1a	true	
ram:00001dc2	true	
ram:00001dea	true	
ram:00001e18	true	
ram:00001fa6	true	
ram:00001fbe	true	
ram:00002498	true	
ram:0000253e	true	
ram:000025e4	true	
ram:000025fe	true	
ram:0000268a	true	
ram:000026e8	true	
ram:0000272a	true	
ram:00002746	true	
ram:00002764	true	
ram:0000279c	true	
ram:000027b6	true	
ram:000027cc	true	
ram:000027e2	true	
ram:00002812	true	
ram:00002844	true	
ram:0000286e	true	
ram:0000289e	true	
ram:000028d0	true	
ram:000028ea	true	
ram:00002914	true	
ram:0000293c	true	
ram:00002966	true	
ram:000029f8	true	
ram:00002a5e	true	
ram:00002a74	true	
ram:00002a8a	true	
ram:00002aa0	true	
ram:00002c6a	true	
ram:00002cdc	true	
ram:00002d34	true	
ram:00002dea	true	
ram:00002dfe	true	
ram:00002efc	true	
ram:00003126	true	
ram:00003144	true	
ram:00003156	true	
ram:0000315c	true	
ram:00003178	true	
ram:000031b8	true	
ram:0000322a	true	
ram:000032b6	true	
ram:000033d0	true	
ram:00003416	true	
ram:0000343e	true	
ram:0000354a	true	
ram:00003598	true	
ram:0000359a	true	
ram:000035a8	true	
ram:00003662	true	
ram:00003724	true	
ram:00003798	true	
ram:000037b0	true	
ram:000037c8	true	
ram:000037e0	true	
ram:000037f8	true	
ram:00003810	true	
ram:0000384e	true	
ram:00003862	true	
ram:00003876	true	
ram:0000388a	true	
ram:00003c48	true	
ram:00003d0c	true	
ram:00003d8a	true	
ram:00003dd2	true	
ram:00003e1a	true	
ram:00003ed6	true	
ram:00003f20	true	
ram:00003f3a	true	
ram:00003f76	true	
ram:00003fac	true	
ram:00004074	true	
ram:000040dc	true	
ram:00004224	true	
ram:000042a4	true	
ram:000042ac	true	
ram:00004486	true	
ram:000045d4	true	
ram:00004628	true	
ram:000047c6	true	
ram:000047c8	true	
ram:000047fe	true	
ram:00004810	true	
ram:000048c2	true	
ram:00004916	true	
ram:00004964	true	
ram:00004ab8	true	
ram:00004b14	true	
ram:00004b9c	true	
ram:00004bb2	true	
ram:00004bb8	true	
ram:00004be0	true	
ram:00004bec	true	
ram:00004cee	true	
ram:00004dd8	true	
ram:00004ddc	true	
ram:00004e18	true	
ram:00004e1a	true	
ram:00004e86	true	
ram:00004eca	true	
ram:00004f3c	true	
ram:00004f66	true	
ram:00004f90	true	
ram:00004fba	true	
ram:000054fa	true	
ram:000055c0	true	
ram:0000566a	true	
ram:000056ce	true	
ram:00005710	true	
ram:00005744	true	
ram:00005864	true	
ram:00005af0	true	
ram:000064b8	true	
ram:000065a0	true	
ram:0000685a	true	
ram:0000696e	true	
ram:00006982	true	
ram:00006c78	true	
ram:00006cb0	true	
ram:00006f6c	true	
ram:00006ff6	true	
ram:00007080	true	
ram:000070e6	true	
ram:00007106	true	
ram:000072e0	true	
ram:00007466	true	
ram:0000746c	true	
ram:000074bc	true	
ram:000074d2	true	
ram:00007532	true	
ram:00007568	true	
ram:00007618	true	
ram:00007696	true	
ram:0000773c	true	
ram:00007794	true	
ram:00007800	true	
ram:00007804	true	
ram:0000780e	true	
ram:00007846	true	
ram:000078b2	true	
ram:00007968	true	
ram:000079ac	true	
ram:000079da	true	
ram:00007ab4	true	
ram:00007ac2	true	
ram:00007b82	true	
ram:00007c92	true	
ram:00007d1e	true	
ram:00007d36	true	
ram:00007e72	true	
ram:00007ed6	true	
ram:00007f40	true	
ram:00007f4a	true	
ram:00007f90	true	
ram:00007ffa	true	
ram:0000809a	true	
ram:00008106	true	
ram:00008160	true	
ram:000081fe	true	
ram:000082ae	true	
ram:00008396	true	
ram:000083c0	true	
ram:00008402	true	
ram:0000869e	true	
ram:000087aa	true	
ram:00008a52	true	
ram:00008ad8	true	
ram:00008b08	true	
ram:00008b86	true	
ram:00008bc2	true	
ram:00008bf6	true	
ram:00008c26	true	
ram:00008c58	true	
ram:00008c88	true	
ram:00008cbc	true	
ram:00008cd6	true	
ram:00008cd8	true	
ram:00008cda	true	
ram:00008d0e	true	
ram:00008d1e	true	
ram:00008d2e	true	
ram:00008d3e	true	
ram:00008d4e	true	
ram:00008d5e	true	
ram:00008d8e	true	
ram:200020c6	true	
ram:20002106	true	
ram:200021d4	true	
ram:20002304	true	
ram:200023fe	true	
ram:20002572	true	
ram:200025ae	true	
ram:200025f4	true	
ram:20002602	true	
ram:2000262a	true	
ram:20002644	true	
ram:200026fc	true	
ram:2000271a	true	
ram:20002746	true	
ram:20002772	true	
ram:2000277e	true	
ram:200027fe	true	
ram:2000280a	true	
ram:2000281a	true	
ram:2000282c	true	
ram:2000283a	true	
ram:20002848	true	
ram:20002856	true	
ram:2000289e	true	
ram:200028d6	true	
