from	to	type
ram:00040040	ram:200002b4	DATA
ram:00040044	ram:20000226	DATA
ram:00040048	ram:20000214	DATA
ram:0004004c	ram:200001dc	DATA
ram:00040054	ram:00042164	DATA
ram:00040058	ram:0004224c	DATA
ram:0004005c	ram:0004244a	DATA
ram:00040060	ram:000424ee	DATA
ram:00040064	ram:00041d24	DATA
ram:00040068	ram:00041c48	DATA
ram:0004006c	ram:00041cba	DATA
ram:00040070	ram:00041c74	DATA
ram:00040074	ram:000429c2	DATA
ram:0004007c	ram:0004210e	DATA
ram:00040080	ram:000426a0	DATA
ram:00040084	ram:000662a4	DATA
ram:00040088	ram:0006649c	DATA
ram:0004008c	ram:00066514	DATA
ram:00040090	ram:00061b44	DATA
ram:00040094	ram:00061b58	DATA
ram:00040098	ram:00056856	DATA
ram:0004009c	ram:0005594e	DATA
ram:000400a0	ram:00065c8c	DATA
ram:000400a4	ram:000426d6	DATA
ram:000400a8	ram:000624fc	DATA
ram:000400ac	ram:0004e0bc	DATA
ram:000400b0	ram:0004e14a	DATA
ram:000400b4	ram:0004e1a2	DATA
ram:000400b8	ram:000432b0	DATA
ram:000400bc	ram:000432fc	DATA
ram:000400c0	ram:00043166	DATA
ram:000400c4	ram:00049ce6	DATA
ram:000400c8	ram:000497a0	DATA
ram:000400cc	ram:0004a684	DATA
ram:000400d0	ram:0004aa54	DATA
ram:000400d4	ram:0004ae00	DATA
ram:000400d8	ram:000489c2	DATA
ram:000400dc	ram:00048960	DATA
ram:000400e0	ram:00048d4a	DATA
ram:000400e4	ram:00048a0e	DATA
ram:000400e8	ram:00048936	DATA
ram:000400ec	ram:000489ba	DATA
ram:000400f0	ram:000488e8	DATA
ram:000400f4	ram:00048a92	DATA
ram:000400f8	ram:00048aea	DATA
ram:000400fc	ram:00048a9a	DATA
ram:00040100	ram:00048a9e	DATA
ram:00040104	ram:00048b38	DATA
ram:00040108	ram:00048af2	DATA
ram:0004010c	ram:00048b24	DATA
ram:00040110	ram:00049046	DATA
ram:00040114	ram:0004904e	DATA
ram:00040118	ram:00048a8e	DATA
ram:0004011c	ram:00048a96	DATA
ram:00040120	ram:00048b36	DATA
ram:00040124	ram:0004904a	DATA
ram:00040128	ram:00048be6	DATA
ram:0004012c	ram:000491bc	DATA
ram:00040130	ram:0004bc5e	DATA
ram:00040134	ram:0004bcdc	DATA
ram:00040138	ram:0004bd1a	DATA
ram:0004013c	ram:00049f4a	DATA
ram:00040140	ram:00049f62	DATA
ram:00040144	ram:00049f9e	DATA
ram:00040148	ram:00048360	DATA
ram:0004014c	ram:00048444	DATA
ram:00040150	ram:000484ac	DATA
ram:00040154	ram:000451b2	DATA
ram:00040158	ram:00044c54	DATA
ram:0004015c	ram:000478b8	DATA
ram:00040160	ram:00044cd2	DATA
ram:00040164	ram:000473e4	DATA
ram:00040168	ram:00069f0c	DATA
ram:0004016c	ram:00069728	DATA
ram:00040170	ram:00069c32	DATA
ram:00040174	ram:0006b47c	DATA
ram:00040178	ram:0006b342	DATA
ram:0004017c	ram:0006b7c6	DATA
ram:00040180	ram:0006b77e	DATA
ram:00040184	ram:0006b7be	DATA
ram:00040188	ram:0006b86e	DATA
ram:0004018c	ram:00068642	DATA
ram:00040190	ram:0006b7fe	DATA
ram:00040194	ram:0006aa82	DATA
ram:00040198	ram:0006aaa8	DATA
ram:0004019c	ram:0006aad0	DATA
ram:000401a0	ram:0006b8de	DATA
ram:000401a4	ram:0006b13c	DATA
ram:000401a8	ram:0006b0d2	DATA
ram:000401ac	ram:0006b94e	DATA
ram:000401b0	ram:000688a4	DATA
ram:000401b4	ram:00068940	DATA
ram:000401b8	ram:00068968	DATA
ram:000401bc	ram:0006890a	DATA
ram:000401c0	ram:00063f76	DATA
ram:000401c4	ram:00062a94	DATA
ram:000401c8	ram:00062e22	DATA
ram:000401cc	ram:00062b78	DATA
ram:000401d0	ram:00063506	DATA
ram:000401d4	ram:00065d2c	DATA
ram:000401d8	ram:00065c12	DATA
ram:000401dc	ram:00068676	DATA
ram:000401e0	ram:00042bb4	DATA
ram:000401e4	ram:00061c80	DATA
ram:000401e8	ram:000624dc	DATA
ram:000401ec	ram:000625d4	DATA
ram:000401f0	ram:000653ba	DATA
ram:000401f4	ram:0006546c	DATA
ram:000401f8	ram:0006561c	DATA
ram:000401fc	ram:0004a34e	DATA
ram:00040200	ram:00063f24	DATA
ram:00040204	ram:00063586	DATA
ram:00040208	ram:00063bbc	DATA
ram:0004020c	ram:00063824	DATA
ram:00040210	ram:00062a48	DATA
ram:00040218	ram:00061d46	DATA
ram:0004021c	ram:0006b7ea	DATA
ram:00040220	ram:0006b782	DATA
ram:00040224	ram:0006b7ba	DATA
ram:00040228	ram:0006b7b6	DATA
ram:0004022c	ram:000423f6	DATA
ram:00040230	ram:0004a09c	DATA
ram:00040234	ram:0006b7f2	DATA
ram:00040238	ram:00064170	DATA
ram:0004023c	ram:000642c2	DATA
ram:00040240	ram:0006433c	DATA
ram:00040244	ram:00069c90	DATA
ram:00040248	ram:0006b7ee	DATA
ram:0004024c	ram:0006b7f6	DATA
ram:00040250	ram:000558da	DATA
ram:00040254	ram:0006b7fa	DATA
ram:0006bf50	ram:00048384	DATA
ram:0006bf54	ram:000483be	DATA
ram:0006bf58	ram:0004843c	DATA
ram:0006bf5c	ram:0004843c	DATA
ram:0006bf60	ram:000483d4	DATA
ram:0006bf64	ram:0004843c	DATA
ram:0006bf68	ram:000483ee	DATA
ram:0006bf6c	ram:0004840e	DATA
ram:0006bf70	ram:0004843c	DATA
ram:0006bf74	ram:00048426	DATA
ram:0006bf78	ram:00048516	DATA
ram:0006bf7c	ram:00048536	DATA
ram:0006bf80	ram:000485b2	DATA
ram:0006bf84	ram:00048548	DATA
ram:0006bf88	ram:000485b2	DATA
ram:0006bf8c	ram:000485b2	DATA
ram:0006bf90	ram:000485b2	DATA
ram:0006bf94	ram:0004856a	DATA
ram:0006bf98	ram:000485b2	DATA
ram:0006bf9c	ram:000485b2	DATA
ram:0006bfa0	ram:000485b2	DATA
ram:0006bfa4	ram:0004858e	DATA
ram:0006bfa8	ram:00043a10	DATA
ram:0006bfac	ram:00049dbe	DATA
ram:0006bfb0	ram:00043a4a	DATA
ram:0006bfb4	ram:0004ac56	DATA
ram:0006bfb8	ram:00043ac6	DATA
ram:0006bfbc	ram:0004ac22	DATA
ram:0006bfc0	ram:00043b80	DATA
ram:0006bfc4	ram:0004abee	DATA
ram:0006bfc8	ram:00043c1c	DATA
ram:0006bfcc	ram:0004b76a	DATA
ram:0006bfd0	ram:00043c6a	DATA
ram:0006bfd4	ram:0004b76a	DATA
ram:0006bfd8	ram:00043cc4	DATA
ram:0006bfdc	ram:0004b6bc	DATA
ram:0006bfe0	ram:00043b80	DATA
ram:0006bfe4	ram:0004ab8e	DATA
ram:0006bfe8	ram:00043d58	DATA
ram:0006bfec	ram:0004aede	DATA
ram:0006bff8	ram:00043da2	DATA
ram:0006bffc	ram:0004af6a	DATA
ram:0006c000	ram:00043e14	DATA
ram:0006c004	ram:00049e42	DATA
ram:0006c008	ram:0004ecbe	DATA
ram:0006c00c	ram:0004ecbe	DATA
ram:0006c010	ram:0004ece4	DATA
ram:0006c014	ram:0004ecfc	DATA
ram:0006c018	ram:0004ed04	DATA
ram:0006c01c	ram:0004ed0c	DATA
ram:0006c020	ram:0004ed14	DATA
ram:0006c024	ram:0004ed1c	DATA
ram:0006c028	ram:0004ed24	DATA
ram:0006c02c	ram:0004ed2c	DATA
ram:0006c030	ram:0004ed34	DATA
ram:0006c034	ram:0004ed6e	DATA
ram:0006c038	ram:0004ed76	DATA
ram:0006c03c	ram:0004ed3c	DATA
ram:0006c078	ram:0004fb8c	DATA
ram:0006c07c	ram:0004fb98	DATA
ram:0006c080	ram:0004fbda	DATA
ram:0006c084	ram:0004fd00	DATA
ram:0006c088	ram:0004fd0a	DATA
ram:0006c08c	ram:0004fd4e	DATA
ram:0006c090	ram:0004fd90	DATA
ram:0006c094	ram:0004fdc6	DATA
ram:0006c098	ram:0004fdfe	DATA
ram:0006c09c	ram:0004fca0	DATA
ram:0006c0a0	ram:0004fe32	DATA
ram:0006c0a4	ram:0004febe	DATA
ram:0006c0a8	ram:00050b26	DATA
ram:0006c0ac	ram:00050b04	DATA
ram:0006c0b0	ram:00050e1a	DATA
ram:0006c0b4	ram:00050e76	DATA
ram:0006c0b8	ram:0005117a	DATA
ram:0006c0bc	ram:00050f9c	DATA
ram:0006c0c0	ram:00050fe2	DATA
ram:0006c0c4	ram:00051026	DATA
ram:0006c0c8	ram:0005105e	DATA
ram:0006c0cc	ram:0005109a	DATA
ram:0006c0d0	ram:00050b04	DATA
ram:0006c0d4	ram:000510de	DATA
ram:0006c0d8	ram:00051154	DATA
ram:0006c104	ram:00055260	DATA
ram:0006c108	ram:00055286	DATA
ram:0006c10c	ram:0005539e	DATA
ram:0006c110	ram:000551de	DATA
ram:0006c114	ram:00055440	DATA
ram:0006c118	ram:00055522	DATA
ram:0006c11c	ram:000554bc	DATA
ram:0006c120	ram:00055588	DATA
ram:0006c124	ram:000555cc	DATA
ram:0006c128	ram:000551f0	DATA
ram:0006c12c	ram:0005534e	DATA
ram:0006c130	ram:000552f6	DATA
ram:0006c134	ram:00055508	DATA
ram:0006c138	ram:0005b7ec	DATA
ram:0006c13c	ram:0005c9f4	DATA
ram:0006c140	ram:0005b8c2	DATA
ram:0006c144	ram:0005ca56	DATA
ram:0006c148	ram:0005b8e6	DATA
ram:0006c14c	ram:0005b986	DATA
ram:0006c150	ram:0005b9b4	DATA
ram:0006c154	ram:0005b9f8	DATA
ram:0006c158	ram:0005c96c	DATA
ram:0006c15c	ram:0005c8dc	DATA
ram:0006c160	ram:0005bb24	DATA
ram:0006c164	ram:0005bb50	DATA
ram:0006c168	ram:0005bbc2	DATA
ram:0006c16c	ram:0005bc68	DATA
ram:0006c170	ram:0005c84c	DATA
ram:0006c174	ram:0005c760	DATA
ram:0006c178	ram:0005c66e	DATA
ram:0006c17c	ram:0005a9c4	DATA
ram:0006c180	ram:0005bd1a	DATA
ram:0006c184	ram:0005bd6e	DATA
ram:0006c188	ram:0005cd6e	DATA
ram:0006c18c	ram:0005cd06	DATA
ram:0006c190	ram:0005bda0	DATA
ram:0006c194	ram:0005bf44	DATA
ram:0006c198	ram:0005c098	DATA
ram:0006c19c	ram:0005c122	DATA
ram:0006c1a0	ram:0005c14e	DATA
ram:0006c1a4	ram:0005cdc4	DATA
ram:0006c1a8	ram:0005cdc8	DATA
ram:0006c1ac	ram:0005c1e4	DATA
ram:0006c1b0	ram:0005c222	DATA
ram:0006c1b4	ram:0005cdcc	DATA
ram:0006c1b8	ram:0005cdd0	DATA
ram:0006c1bc	ram:0005cdd4	DATA
ram:0006c1c0	ram:0005cdd8	DATA
ram:0006c1c4	ram:0005cbc2	DATA
ram:0006c1c8	ram:0005c26c	DATA
ram:0006c1cc	ram:0005c346	DATA
ram:0006c1d0	ram:0005cddc	DATA
ram:0006c1d4	ram:0005cde0	DATA
ram:0006c1d8	ram:0005c3f2	DATA
ram:0006c1dc	ram:0005c634	DATA
ram:0006c1e0	ram:0005d638	DATA
ram:0006c1e4	ram:0005ce4a	DATA
ram:0006c1e8	ram:0005ce00	DATA
ram:0006c1ec	ram:0005d31c	DATA
ram:0006c1f0	ram:0005d2ec	DATA
ram:0006c1f4	ram:0005d2be	DATA
ram:0006c1f8	ram:0005d27e	DATA
ram:0006c1fc	ram:0005d250	DATA
ram:0006c200	ram:0005d420	DATA
ram:0006c204	ram:0005d424	DATA
ram:0006c208	ram:0005d0ca	DATA
ram:0006c20c	ram:0005d428	DATA
ram:0006c210	ram:0005d08a	DATA
ram:0006c214	ram:0005d42c	DATA
ram:0006c218	ram:0005d068	DATA
ram:0006c21c	ram:0005d430	DATA
ram:0006c220	ram:0005d03c	DATA
ram:0006c224	ram:0005d02c	DATA
ram:0006c228	ram:0005cff4	DATA
ram:0006c22c	ram:0005d434	DATA
ram:0006c230	ram:0005cfd2	DATA
ram:0006c234	ram:0005d438	DATA
ram:0006c238	ram:0005d43c	DATA
ram:0006c23c	ram:0005d440	DATA
ram:0006c240	ram:0005d444	DATA
ram:0006c244	ram:0005ce04	DATA
ram:0006c248	ram:0005ce18	DATA
ram:0006c24c	ram:0005d448	DATA
ram:0006c250	ram:0005d44c	DATA
ram:0006c254	ram:0005d450	DATA
ram:0006c258	ram:0005d454	DATA
ram:0006c25c	ram:0005d418	DATA
ram:0006c260	ram:0005cf68	DATA
ram:0006c264	ram:0005cede	DATA
ram:0006c268	ram:0005d41c	DATA
ram:0006c26c	ram:0005d3b6	DATA
ram:0006c270	ram:0005d354	DATA
ram:0006c274	ram:0005ce1c	DATA
ram:0006c294	ram:00069750	DATA
ram:0006c298	ram:0006975e	DATA
ram:0006c29c	ram:0006976a	DATA
ram:0006c2a0	ram:00069774	DATA
ram:0006c2a4	ram:0006977e	DATA
ram:0006c2a8	ram:0006979e	DATA
ram:0006c2ac	ram:000697aa	DATA
ram:0006c2b0	ram:000697b4	DATA
ram:0006c2b4	ram:000697c0	DATA
ram:0006c2b8	ram:000697ca	DATA
ram:0006c2bc	ram:000697d4	DATA
ram:0006c2c0	ram:000697de	DATA
ram:0006c2c4	ram:000697e8	DATA
ram:0006c2c8	ram:000697f4	DATA
ram:0006c2cc	ram:000697fe	DATA
ram:0006c2d0	ram:00069808	DATA
ram:0006c2d4	ram:0006986e	DATA
ram:0006c2d8	ram:00069812	DATA
ram:0006c2dc	ram:0006981c	DATA
ram:0006c2e0	ram:00069826	DATA
ram:0006c2e4	ram:00069830	DATA
ram:0006c2e8	ram:00069844	DATA
ram:0006c2ec	ram:0006986e	DATA
ram:0006c2f0	ram:0006986e	DATA
ram:0006c2f4	ram:0006986e	DATA
ram:0006c2f8	ram:0006986e	DATA
ram:0006c2fc	ram:0006986e	DATA
ram:0006c300	ram:0006986e	DATA
ram:0006c304	ram:0006986e	DATA
ram:0006c308	ram:0006986e	DATA
ram:0006c30c	ram:0006984e	DATA
ram:0006c310	ram:0006983a	DATA
ram:0006c314	ram:0006986e	DATA
ram:0006c318	ram:00069858	DATA
ram:0006c31c	ram:00069864	DATA
ram:0006c320	ram:00069f42	DATA
ram:0006c324	ram:00069f76	DATA
ram:0006c328	ram:00069f9c	DATA
ram:0006c32c	ram:00069fb6	DATA
ram:0006c330	ram:00069fce	DATA
ram:0006c334	ram:00069fea	DATA
ram:0006c338	ram:0006a00c	DATA
ram:0006c33c	ram:0006a020	DATA
ram:0006c340	ram:0006a03e	DATA
ram:0006c344	ram:0006a058	DATA
ram:0006c348	ram:0006a074	DATA
ram:0006c34c	ram:0006a08e	DATA
ram:0006c350	ram:0006a0a6	DATA
ram:0006c354	ram:0006a0ba	DATA
ram:0006c358	ram:0006a0d6	DATA
ram:0006c35c	ram:0006a0ea	DATA
ram:0006c360	ram:0006a108	DATA
ram:0006c364	ram:0006a2cc	DATA
ram:0006c368	ram:0006a2e4	DATA
ram:0006c36c	ram:0006a2fe	DATA
ram:0006c370	ram:0006a320	DATA
ram:0006c374	ram:0006a4d0	DATA
ram:0006c378	ram:0006a37c	DATA
ram:0006c37c	ram:0006a12c	DATA
ram:0006c380	ram:0006a396	DATA
ram:0006c384	ram:0006a3aa	DATA
ram:0006c388	ram:0006a184	DATA
ram:0006c38c	ram:0006a184	DATA
ram:0006c390	ram:0006a25c	DATA
ram:0006c394	ram:0006a26a	DATA
ram:0006c398	ram:0006a3b2	DATA
ram:0006c39c	ram:0006a34a	DATA
ram:0006c3a0	ram:0006a3c6	DATA
ram:0006c3a4	ram:0006a440	DATA
ram:0006c3a8	ram:0006a496	DATA
ram:0006c3ac	ram:0006a804	DATA
ram:0006c3b0	ram:0006a536	DATA
ram:0006c3b4	ram:0006a536	DATA
ram:0006c3b8	ram:0006a73a	DATA
ram:0006c3bc	ram:0006a5d4	DATA
ram:0006c3c0	ram:0006a518	DATA
ram:0006c3c4	ram:0006a7fa	DATA
ram:0006c3c8	ram:0006a536	DATA
ram:0006c3cc	ram:0006a6d8	DATA
ram:0006c3d0	ram:0006a77a	DATA
ram:0006c3d4	ram:0006a536	DATA
ram:0006c3d8	ram:0006a536	DATA
ram:0006c3dc	ram:0006a536	DATA
ram:0006c3e0	ram:0006a536	DATA
ram:0006c3e4	ram:0006a536	DATA
ram:0006c3e8	ram:0006a536	DATA
ram:0006c3ec	ram:0006a536	DATA
ram:0006c3f0	ram:0006a536	DATA
ram:0006c3f4	ram:0006a536	DATA
ram:0006c3f8	ram:0006a536	DATA
ram:0006c3fc	ram:0006a58e	DATA
ram:0006c400	ram:0006ab58	DATA
ram:0006c404	ram:0006ac48	DATA
ram:0006c408	ram:0006ac18	DATA
ram:0006c40c	ram:0006ac86	DATA
ram:0006c410	ram:0006ac86	DATA
ram:0006c414	ram:0006ad10	DATA
ram:0006c418	ram:0006ad5e	DATA
ram:0006c41c	ram:0006ac48	DATA
ram:0006c420	ram:0006ac48	DATA
ram:0006c424	ram:0006ac48	DATA
ram:0006c428	ram:0006ac48	DATA
ram:0006c42c	ram:0006ac48	DATA
ram:0006c430	ram:0006ac48	DATA
ram:0006c434	ram:0006ac48	DATA
ram:0006c438	ram:0006ac48	DATA
ram:0006c43c	ram:0006ac48	DATA
ram:0006c440	ram:0006ac48	DATA
ram:0006c444	ram:0006ac48	DATA
ram:0006c448	ram:0006ac48	DATA
ram:0006c44c	ram:0006ad84	DATA
ram:0006c450	ram:0006ad84	DATA
ram:0006c454	ram:0006ac48	DATA
ram:0006c458	ram:0006ac48	DATA
ram:0006c45c	ram:0006ac48	DATA
ram:0006c460	ram:0006ac48	DATA
ram:0006c464	ram:0006ac48	DATA
ram:0006c468	ram:0006ac48	DATA
ram:0006c46c	ram:0006ade8	DATA
ram:0006c470	ram:0006ade8	DATA
ram:0006c474	ram:0006b368	DATA
ram:0006c478	ram:0006b376	DATA
ram:0006c47c	ram:0006b38c	DATA
ram:0006c480	ram:0006b398	DATA
ram:0006c484	ram:0006b3ae	DATA
ram:0006c488	ram:0006b3ba	DATA
ram:0006c48c	ram:0006b3c4	DATA
ram:0006c490	ram:0006b3cc	DATA
ram:0006c494	ram:0006b3d4	DATA
ram:0006c498	ram:0006b3de	DATA
ram:0006c49c	ram:0006b3e8	DATA
ram:0006c4a0	ram:0006b3f4	DATA
ram:0006c4a4	ram:0006b3fe	DATA
ram:0006c4a8	ram:0006b408	DATA
ram:0006c4ac	ram:0006b412	DATA
ram:0006c4b0	ram:0006b468	DATA
ram:0006c4b4	ram:0006b468	DATA
ram:0006c4b8	ram:0006b41c	DATA
ram:0006c4bc	ram:0006b42a	DATA
ram:0006c4c0	ram:0006b434	DATA
ram:0006c4c4	ram:0006b43e	DATA
ram:0006c4c8	ram:0006b448	DATA
ram:0006c4cc	ram:0006b450	DATA
ram:0006c4d0	ram:0006b45e	DATA
ram:0006c4d4	ram:0006b4a6	DATA
ram:0006c4d8	ram:0006b4c2	DATA
ram:0006c4dc	ram:0006b4d6	DATA
ram:0006c4e0	ram:0006b73c	DATA
ram:0006c4e4	ram:0006b4f2	DATA
ram:0006c4e8	ram:0006b55a	DATA
ram:0006c4ec	ram:0006b56e	DATA
ram:0006c4f0	ram:0006b582	DATA
ram:0006c4f4	ram:0006b59e	DATA
ram:0006c4f8	ram:0006b5ba	DATA
ram:0006c4fc	ram:0006b5ce	DATA
ram:0006c500	ram:0006b5ea	DATA
ram:0006c504	ram:0006b73c	DATA
ram:0006c508	ram:0006b606	DATA
ram:0006c50c	ram:0006b73c	DATA
ram:0006c510	ram:0006b73c	DATA
ram:0006c514	ram:0006b61c	DATA
ram:0006c518	ram:0006b644	DATA
ram:0006c51c	ram:0006b66c	DATA
ram:0006c520	ram:0006b688	DATA
ram:0006c524	ram:0006b69e	DATA
ram:0006c528	ram:0006b6b0	DATA
ram:0006c52c	ram:0006b6f8	DATA
ram:200018bc	ram:0006c65c	DATA
ram:200018c4	ram:0006c630	DATA
ram:200018cc	ram:0006c640	DATA
ram:200018d4	ram:200019a7	DATA
ram:200018dc	ram:0006c648	DATA
ram:200018e4	ram:20001ae4	DATA
ram:200018ec	ram:0006c640	DATA
ram:200018f4	ram:200019a4	DATA
ram:200018fc	ram:0006c638	DATA
ram:20001904	ram:20001a24	DATA
ram:2000190c	ram:0006c640	DATA
ram:20001914	ram:200019a8	DATA
ram:2000191c	ram:0006c658	DATA
ram:20001924	ram:200019ac	DATA
ram:2000192c	ram:0006c640	DATA
ram:20001934	ram:200019a6	DATA
ram:2000193c	ram:0006c63c	DATA
ram:20001944	ram:200019a5	DATA
ram:20001948	ram:00047f10	DATA
ram:2000194c	ram:00048066	DATA
ram:20001958	ram:0006c65c	DATA
ram:20001960	ram:200019b8	DATA
ram:20001968	ram:0006c640	DATA
ram:20001970	ram:200019c3	DATA
ram:20001978	ram:0006c664	DATA
ram:20001988	ram:0006c644	DATA
ram:20001998	ram:00049ffe	DATA
ram:200019bc	ram:0006c650	DATA
