00012380	VSET=	FUN_0001227c
00012388	TSET=	FUN_0001227c
00012394	FanCompareValue=	FUN_0001227c
000123a8	language=	FUN_0001227c
000123b4	language=%d	FUN_0001227c
000123c4	VSET=%d,ISET=%d,DCOUT_EN=%d	FUN_0001227c
000123e0	TSET=%d,%d	FUN_0001227c
000123ec	FanCompareValue=%d	FUN_0001227c
0001448c	Test1	FUN_000143d0
0001d818	lvgl_task	0001d7b4
0001d828	User_task	0001d7ce
0001d838	Time_task	0001d7e4
0001d848	Power_task	0001d7fa
00021248	0123456789abcdef	FUN_00020e44
0002125c	0123456789ABCDEF	FUN_00020e44
000222e0	V-%02d.%02dV	FUN_00022058
000222f0	I-%d.%03dA	FUN_00022058
000222fc	P-%03d.%01dW	FUN_00022058
0002230c	T-%ld:%02ld:%02ld	FUN_00022058
000254e8	%01d.%03d	FUN_000250d8
000254f4	%02d.%02d	FUN_000250d8
00026c58	V-%02d.%02dV	FUN_000269c4
00026c68	I-%d.%03dA	FUN_000269c4
00026c74	P-%03d.%01dW	FUN_000269c4
00026c88	T-%ld:%02ld:%02ld	FUN_000269c4
00026c9c	T-0:00:00	FUN_000269c4
00028c70	%02d.%01dV/%dW	FUN_000288a4
00028c8c	%ldh%02ldmin	FUN_000288a4
0002a690	Disconnect	FUN_0002a254
0002a6c0	%05.2f	FUN_0002a254
0002a978	%06.2f	FUN_0002a254
0002a988	%02d:%02d:%02d	FUN_0002a254
0002aea4	%.2fV	FUN_0002aa74
0002aebc	%.1fA	FUN_0002aa74
0002b30c	V-20.00V	FUN_0002b108
0002b31c	I-5.000A	FUN_0002b108
0002b32c	P-100.0W	FUN_0002b108
0002b338	T-0:00:00	FUN_0002b108
0002b5c0	%.2fV	FUN_0002b448
0002b6f4	%.1fA	FUN_0002b5e0
0002bae8	debug	FUN_0002ba24
0002be3c	%01d.%03d	FUN_0002bcf8
0002bfa0	I-SET	FUN_0002be54
0002bfac	%01d.%03d A	FUN_0002be54
0002bfbc	SET : 	FUN_0002be54
0002e7bc	 MEMORY	FUN_0002e3a4
0002ea3c	%d %s	FUN_0002e960
0002eb70	%03d.%02d	FUN_0002ea48
0002ed44	POWER OFF	FUN_0002ec4c
0002ed58	MP305B	FUN_0002ec4c
0002f0a4	POWER ON	FUN_0002ed60
0002f0ec	MP305B	FUN_0002ed60
0002f36c	%02d.%02d	FUN_0002f0f4
0002f378	%01d.%03d	FUN_0002f0f4
0002ff68	POWER	FUN_0002f6e4
0002ff74	%03d.%02d	FUN_0002f6e4
0002ff84	ENERGY	FUN_0002f6e4
0002ff8c	%03d.%01d	FUN_0002f6e4
000301d8	%.1fV/0.1%s	FUN_000300d4
00030b44	1A CAL	FUN_00030508
00030e4c	%02d.%02d	FUN_00030b50
00030e5c	%01d.%03d	FUN_00030b50
000312bc	%d.%02d	FUN_00030e8c
000312c8	%01d.%03d A	FUN_00030e8c
00031730	%02d.%02d V	FUN_00030e8c
0003174c	%03d.%02d	FUN_00030e8c
00031760	%03ld:%02ld:%02ld	FUN_00030e8c
000317dc	%03d.%01d	FUN_00030e8c
000318d4	30 %s	FUN_000317f0
00032894	30min	FUN_00032454
000328a0	0.5V/0.1s	FUN_00032454
00032cd8	Web Link	FUN_00032454
00032dcc	%d.%d/%d.%d/%d.%d/%d.%d	FUN_00032454
00032edc	%d %s	FUN_00032de8
000331e0	E-Marker	FUN_00032eec
0003320e	 5 Cable	
00033218	Undefined (0x0000)	FUN_00032eec
0003322c	50V 5A\n240W EPR	FUN_00032eec
0003323c	~1m <10ns	FUN_00032eec
00033248	USB4 Gen4\n(80Gbps)	FUN_00032eec
0003394c	%02d.%02d    V	FUN_00033538
0003395c	%01d.%03d    A	FUN_00033538
0003396c	%03d.%01d   W	FUN_00033538
0003397c	%03d.%01d Wh	FUN_00033538
0003398c	%02ld:%02ld:%02ld	FUN_00033538
000339a4	SRC Test	FUN_00033538
00033dbc	05.00V / 3.00A	FUN_00033538
00033ddc	20.00V / 5.00A	FUN_00033538
00034218	5.0V-11.0V / 3.00A	FUN_00033538
0003422c	09.0-15.0V / 3.00A\n15.0-20.0V / 3.00A	FUN_00033538
0003442c	15.0-28.0V / 140W	FUN_00033538
0003484c	Self-test ...  %d/%d	FUN_00032454
00034bb8	%03ld:%02ld:%02ld	FUN_00034950
00034bcc	%03d.%01d	FUN_00034950
00034be0	ENERGY	FUN_00034950
00035494	%.1fV@5A	FUN_0003538c
000355ec	%02d.%02d	FUN_000354a8
00035750	V-SET	FUN_00035604
0003575c	%02d.%02d V	FUN_00035604
0003576c	SET : 	FUN_00035604
00035c20	Web Link	FUN_00035a44
00036b6c	Start_Task	FUN_00036b48
0003facc	Check box	0003fa9c
00046038	Option 1\nOption 2\nOption 3	00046010
0004760c	IMAGE	FUN_000475c8
00047b58	IMAGE_HEADER	FUN_0004778c
00048c70	Enter	00048afa
0004f794	Option 1\nOption 2\nOption 3\nOption 4\nOption 5	0004f78a,0004fa40,0004fa94,0004fab8,0004fae0
00051965	,.;:-_)]}	FUN_00051844
000537c4	%d %s	FUN_00053730
00054c8c	%01d.%03d	FUN_00054c38
00054cdc	%03d.%02d	FUN_00054c98
00054f08	%02d.%02d	FUN_00054e80
00054fc8	%01d.%03d A	FUN_00054f18
0005502c	%03d.%01d	FUN_00054fd8
00055094	%01d.%03d	FUN_00055040
00055144	%03d.%02d	FUN_000550e8
000553ac	%03ld:%02ld:%02ld	FUN_00055340
00055458	%02d.%02d	FUN_000553c8
00055468	%02d.%02d V	FUN_000553c8
0005552c	%01d.%03d A	FUN_00055478
00055670	%03d.%01d Wh	FUN_00055630
000556d8	%01d.%03d    A	FUN_00055684
000556e8	%01d.%03d A	FUN_00055684
00055758	%03d.%01d   W	FUN_000556f4
00055768	%03d.%01d W	FUN_000556f4
000557cc	%02ld:%02ld:%02ld	FUN_00055774
00055838	%02d.%02d    V	FUN_000557e4
00055848	%02d.%02d V	FUN_000557e4
00055df4	%02d.%01dV/%dW	FUN_00055d8c
00055e7c	%ldh%02ldmin	FUN_00055e30
0005644c	%d.%01d	FUN_00056244
0005646c	%02d.%01d	FUN_00056244
0005647c	%02d.%02d	FUN_00056244
0005648c	%03d.%02d	FUN_00056244
000564a0	%02d:%02d:%02d	FUN_00056244
000567cc	%d.%02dV	FUN_0005673c
00056aa8	%01d.%03d A	FUN_000569b8
00056ac4	%d.%02d	FUN_000569b8
00056ad8	SET : %01d.%03d A	FUN_000569b8
00056bf8	%s  %dS	FUN_000380ec
00056c04	%d  mAh	FUN_000380ec
00056c0c	%d.%02d  Wh	FUN_000380ec
00056c18	%02d:%02d:%02d	FUN_000380ec
00056d6c	%d %s	FUN_00056d0c
0005704c	%.1fV/0.1%s	FUN_00056fc0
00057274	30 %s	FUN_00057204
00057300	%d %s	FUN_00057288
000576b8	SRC Test - %dW	FUN_0005735c
000576cc	%02d.%02dV / %d.%02dA	FUN_0005735c
000576e4	%d.%d-%d.%dV / %d.%02dA	FUN_0005735c
000576fc	09.0-15.0V / %d.%02dA\n15.0-20.0V / %d.%02dA	FUN_0005735c
00057728	%d.%d-%d.%dV / %dW	FUN_0005735c
00057a16	 %d Cable	
00057a24	Undefined (0x%04x)	FUN_000577c0
00057a3c	%dV %dA\n%dW EPR	FUN_000577c0
00057a4c	Passive Cable	FUN_000577c0
00057a5c	Active Cable	FUN_000577c0
00057a6c	%dV %dA %dW EPR	FUN_000577c0
00057a7c	%dV %dA\n%dW No-EPR	FUN_000577c0
00057a90	%dV %dA %dW No-EPR	FUN_000577c0
00057aac	USB2.0 only\n(480Mbps)	FUN_000577c0
00057ac4	USB3.2 Gen1\n(5Gbps)	FUN_000577c0
00057ad8	USB3.2/USB4 Gen2\n(10Gbps/20Gbps)	FUN_000577c0
00057afc	USB4 Gen3\n(40Gbps)	FUN_000577c0
00057b10	USB4 Gen4\n(80Gbps)	FUN_000577c0
00057b24	USB2.0 only (480Mbps)	FUN_000577c0
00057b3c	USB3.2 Gen1 (5Gbps)	FUN_000577c0
00057b50	USB4 Gen3 (40Gbps)	FUN_000577c0
00057b64	USB4 Gen4 (80Gbps)	FUN_000577c0
00057ddc	%d.%d/%d.%d/%d.%d/%d.%d	FUN_00057d54
00057e5c	Self-test Err %d	FUN_0001ecc4
00057e70	Self-test ...  %d/%d	FUN_0001ecc4
00057e88	Self-test All OK %d/%d	FUN_0001ecc4
0005824c	%.1fV@5A	FUN_000581ac
00058308	%02d.%02d V	FUN_00058268
0005831c	SET : %02d.%02d V	FUN_00058268
00058a64	(null)	FUN_00058970
0005d054	%02d.%02d	FUN_0005ced8
0005d060	%01d.%03d	FUN_0005ced8
00065ca0	%d %s	00065c96
0006618c	SET : %02d.%02d V	FUN_00065e34
000661a0	SET : %01d.%03d A	FUN_00065e34
000661c8	I-SET	FUN_00065e34
000661d0	V-SET	FUN_00065e34
000664ac	Web Link	FUN_00066214
000670c0	Tmr Svc	FUN_00067090
0006e00a	DDDDDDDDD	
0006f8a0	DDDDDDDDDDDD0	
0006f990	DDDDDDDDDDDD0	
0006fa80	DDDDDDDDDDDD0	
0006fb70	DDDDDDDDDDDD0	
0006fc60	DDDDDDDDDDDD0	
0007bd3a	DDDDDDDOP	
0007fdbe	DDDDDDDDD 	
0008218d	DDDDDDDDDDDDDDDDDDDDDDDDDDDDD@	
00082de0	btnmatrix	
00082e04	calendar	
00082e20	March	1ffe00a0
00082e28	April	1ffe00a4
00082e30	December	1ffe00c4
00082e3c	September	1ffe00b8
00082e48	November	1ffe00c0
00082e54	October	1ffe00bc
00082e5c	August	1ffe00b4
00082e64	calendar-header-arrow	
00082e88	January	1ffe0098
00082e90	February	1ffe009c
00082e9c	2025\n2024\n2023\n2022\n2021\n2020\n2019\n2018\n2017\n2016\n2015\n2014\n2013\n2012\n2011\n2010\n2009\n2008\n2007\n2006\n2005\n2004\n2003\n2002\n2001\n2000\n1999\n1998\n1997\n1996\n1995\n1994\n1993\n1992\n1991\n1990\n1989\n1988\n1987\n1986\n1985\n1984\n1983\n1982\n1981\n1980\n1979\n1978\n1977\n1976\n1975\n1974\n1973\n1972\n1971\n1970\n1969\n1968\n1967\n1966\n1965\n1964\n1963\n1962\n1961\n1960\n1959\n1958\n1957\n1956\n1955\n1954\n1953\n1952\n1951\n1950\n1949\n1948\n1947\n1946\n1945\n1944\n1943\n1942\n1941\n1940\n1939\n1938\n1937\n1936\n1935\n1934\n1933\n1932\n1931\n1930\n1929\n1928\n1927\n1926\n1925\n1924\n1923\n1922\n1921\n1920\n1919\n1918\n1917\n1916\n1915\n1914\n1913\n1912\n1911\n1910\n1909\n1908\n1907\n1906\n1905\n1904\n1903\n1902\n1901	1ffe00cc,FUN_000538e4
00083110	01\n02\n03\n04\n05\n06\n07\n08\n09\n10\n11\n12	1ffe00c8,FUN_000538e4
00083134	calendar-header-dropdown	
00083150	chart	
00083158	checkbox	
00083164	dropdown-list	
00083174	image	
0008317c	keyboard	
00083300	label	
00083328	list-text	
00083334	menu-page	
00083340	menu-section	
00083350	menu-separator	
00083360	menu-cont	
00083374	msgbox-header-button	
0008338c	msgbox-footer-button	
000833a4	msgbox-backdrop	
000833b4	msgbox-header	
000833c4	msgbox-footer	
000833d4	msgbox-content	
000833ec	roller-label	
000833fc	roller	
00083404	scale	
0008340c	slider	
00083414	spinbox	
0008341c	spinner	
00083424	switch	
0008342c	table	
0008343c	textarea	
00083450	tileview	
00083460	I %dmV/%dmA\n\t\t\t\t\t\t\t\t\t\t%dmV/%dmA\n\t\t\t\t\t\t\t\t\t\tO %dmV/%dmA\n\t\t\t\t\t\t\t\t\t\t%dmV/%dmA\n\t\t\t\t\t\t\t\t\t\tD %dmV\n%duA\n\t\t\t\t\t\t\t\t\t\tT %d/%d/%d %d\n\t\t\t\t\t\t\t\t\t\t%d %d %d\n\t\t\t\t\t\t\t\t\t\tV%d.%d.%d.%d %d %d\n\t\t\t\t\t\t\t\t\t\tV%d.%d,%dmAh	FUN_000568f4
00083520	~100m 1000ns	1ffe0320
00083530	~200m 2000ns	1ffe0324
00083540	~300m 3000ns	1ffe0328
00083550	~1m <10ns	1ffe0304
0008355c	~2m 10ns to 20ns	1ffe0308
00083570	~3m 20ns to 30ns	1ffe030c
00083584	~4m 30ns to 40ns	1ffe0310
00083598	~5m 40ns to 50ns	1ffe0314
000835ac	~6m 50ns to 60ns	1ffe0318
000835c0	~7m 60ns to 70ns	1ffe031c
000835d8	NiMH/Cd	1ffe07d0
000835e8	Lilon	1ffe07c4
00083648	BATTERY TYPE	
00083660	POWER	1ffe089c,1ffe0998
00083668	ERROR	1ffe08c8
00083670	I-SET	1ffe0898
00083680	ENERGY	1ffe0994
00083688	Uploading Data	1ffe0910
00083698	No Data	1ffe0914
000836a0	Last Data	1ffe09b0
000836ac	Added	1ffe093c
000836b4	Disabled	1ffe0984
000836c0	Battery disconnected	1ffe08f0
000836d8	Output voltage inverted	1ffe08cc
000836f0	Add\nDevice	1ffe0940
000836fc	Abnormal\nbattery voltage	1ffe08f4
00083718	Middle	1ffe097c
00083720	Profile	1ffe091c
00083728	Remaining Time	1ffe08b8
00083738	Volume	1ffe0948
00083748	Internal circuit failure	1ffe08ec
00083764	Battery\nlow temperature	1ffe08d4
00083784	Remote Control\nActive	1ffe0908
0008379c	Confirm Bluetooth\nBinding	1ffe0904
000837b8	System overheating	1ffe08dc
000837cc	Battery overheating	1ffe08d8
000837e0	Charge Setting	1ffe09a0
000837f0	Setting	1ffe088c
00083808	Unlock	1ffe0888
00083810	User Manual	1ffe0930
0008381c	Scan to view the full user manual	1ffe0934
00083840	Scan to access the remote control panel	1ffe092c
00083868	Allow Remote\nControl	1ffe0900
00083880	Auto Screen-Darken	1ffe094c
00083898	Data Rate\nSpecification	1ffe0928
000838b0	Overvoltage protection	1ffe08e4
000838c8	Overcurrent protection	1ffe08e0
000838e0	Condition	1ffe09a4
000838ec	Total Energy Consumption	1ffe08b4
00083908	Auto Shutdown	1ffe0950
00083918	Unknown	1ffe08f8
00083924	Sys Info	1ffe0968
00083938	Ramp Step	1ffe0954
0008394c	USB Line Drop	1ffe0958
0008395c	Charger	1ffe0880
00083964	Regulated\nDC Power	
00083978	Programmable\nDC Power	
00083990	Input Power	1ffe08b0
0008399c	Low battery power	1ffe08d0
000839b0	Internal data error	1ffe08e8
000839c8	Real-time \nChanges	1ffe08a8
000839dc	Bluetooth Accessories	1ffe0938
000839f4	Cycles	1ffe08c0
000839fc	Cells	1ffe09a8
00083a08	Disconnect	1ffe090c
00083a14	Factory Reset	1ffe0964
00083a24	Charge Limit	1ffe08c4,1ffe0944
00083a34	Current	1ffe09ac
00083a3c	Start	1ffe09b4
00083a44	Data repair\nPlease restart	1ffe09cc
00083a60	System Self-Test	1ffe0960
00083a78	Update Now	1ffe08fc
00083a84	OCP Delay	1ffe095c
00083a90	Latency	1ffe0924
00083a98	Battery	1ffe08ac
00083aa0	Capacity	1ffe09b8
00083aac	Power Delivery\nCapability	1ffe0920
