phase	function	instruction	disassembly	op_index	direction	space	bytes	address_expression	resolved_address	value_expression
decompiler	CODE:1000	CODE:af9c	MOV 0x81,#0xd2	271	read	SFR	1	SFR:81	0x81	
decompiler	CODE:100b	CODE:511f	MOVX @DPTR,A	35	read	EXTMEM	1	EXTMEM:2038	0x2038	
decompiler	CODE:100b	CODE:5127	MOVX @DPTR,A	43	read	EXTMEM	1	EXTMEM:2039	0x2039	
decompiler	CODE:100b	CODE:51c1	MOVX @DPTR,A	708	write	EXTMEM	1	EXTMEM:2038	0x2038	INT_AND(mem[EXTMEM:2038],INT_NEGATE(mem[EXTMEM:0551]))
decompiler	CODE:100b	CODE:51d7	MOVX @DPTR,A	721	write	EXTMEM	1	EXTMEM:2039	0x2039	INT_AND(mem[EXTMEM:2039],INT_NEGATE(mem[EXTMEM:0552]))
decompiler	CODE:100b	CODE:51d8	CLR 0xb9	375	read	BITS	1	BITS:b9	0xb9	
decompiler	CODE:100b	CODE:51f4	RETI	707	write	EXTMEM	1	EXTMEM:2038	0x2038	mem[EXTMEM:2038]
decompiler	CODE:100b	CODE:51f4	RETI	707	read	EXTMEM	1	EXTMEM:2038	0x2038	
decompiler	CODE:100b	CODE:51f4	RETI	719	write	EXTMEM	1	EXTMEM:2039	0x2039	mem[EXTMEM:2039]
decompiler	CODE:100b	CODE:51f4	RETI	719	read	EXTMEM	1	EXTMEM:2039	0x2039	
decompiler	CODE:100b	CODE:51f4	RETI	731	write	EXTMEM	1	EXTMEM:203a	0x203a	mem[EXTMEM:203a]
decompiler	CODE:100b	CODE:51f4	RETI	731	read	EXTMEM	1	EXTMEM:203a	0x203a	
decompiler	CODE:100b	CODE:51f4	RETI	743	write	EXTMEM	1	EXTMEM:203b	0x203b	mem[EXTMEM:203b]
decompiler	CODE:100b	CODE:51f4	RETI	743	read	EXTMEM	1	EXTMEM:203b	0x203b	
decompiler	CODE:101b	CODE:77d1	MOV 0xb8,#0xf7	87	read	SFR	1	SFR:b8	0xb8	
decompiler	CODE:1023	CODE:790b	MOV 0xb8,#0xef	87	read	SFR	1	SFR:b8	0xb8	
decompiler	CODE:103b	CODE:47d2	MOVX @DPTR,A	38	read	EXTMEM	1	EXTMEM:2165	0x2165	
decompiler	CODE:103b	CODE:47ff	RETI	176	write	EXTMEM	1	EXTMEM:2165	0x2165	mem[EXTMEM:2165]
decompiler	CODE:103b	CODE:47ff	RETI	176	read	EXTMEM	1	EXTMEM:2165	0x2165	
decompiler	CODE:1043	CODE:75e8	MOVX @DPTR,A	38	read	EXTMEM	1	EXTMEM:2265	0x2265	
decompiler	CODE:1043	CODE:7615	RETI	176	write	EXTMEM	1	EXTMEM:2265	0x2265	mem[EXTMEM:2265]
decompiler	CODE:1043	CODE:7615	RETI	176	read	EXTMEM	1	EXTMEM:2265	0x2265	
decompiler	CODE:104b	CODE:5c60	JNB 0xc7,0x5c8b	249	read	BITS	1	BITS:c7	0xc7	
decompiler	CODE:104b	CODE:5c89	CLR 0xc7	248	read	BITS	1	BITS:c7	0xc7	
decompiler	CODE:104b	CODE:5c8b	JNB 0xc6,0x5c90	247	read	BITS	1	BITS:c6	0xc6	
decompiler	CODE:104b	CODE:5c8e	CLR 0xc6	246	read	BITS	1	BITS:c6	0xc6	
decompiler	CODE:104b	CODE:5c90	JNB 0xc5,0x5cb5	245	read	BITS	1	BITS:c5	0xc5	
decompiler	CODE:104b	CODE:5ca7	ORL 0xd7,#0x10	240	read	SFR	1	SFR:d7	0xd7	
decompiler	CODE:104b	CODE:5ca7	ORL 0xd7,#0x10	242	read	SFR	1	SFR:d7	0xd7	
decompiler	CODE:104b	CODE:5caa	MOV R7,0xc7	238	read	SFR	1	SFR:c7	0xc7	
decompiler	CODE:104b	CODE:5cb3	MOV @R0,0xc7	239	read	SFR	1	SFR:c7	0xc7	
decompiler	CODE:104b	CODE:5cb5	MOV A,0xd7	243	read	SFR	1	SFR:d7	0xd7	
decompiler	CODE:104b	CODE:5cd0	ANL 0xd7,#0xe7	241	read	SFR	1	SFR:d7	0xd7	
decompiler	CODE:104b	CODE:5cd0	ANL 0xd7,#0xe7	244	read	SFR	1	SFR:d7	0xd7	
decompiler	CODE:104b	CODE:5cd3	MOV A,0xc0	236	read	SFR	1	SFR:c0	0xc0	
decompiler	CODE:104b	CODE:5cdc	MOV 0xc3,#0xfb	237	read	SFR	1	SFR:c3	0xc3	
decompiler	CODE:10a6	CODE:10a8	ANL 0xb9,A	22	read	SFR	1	SFR:b9	0xb9	
decompiler	CODE:10a6	CODE:10a8	ANL 0xb9,A	23	read	SFR	1	SFR:b9	0xb9	
decompiler	CODE:27b2	CODE:27fd	ORL 0xc2,A	144	read	SFR	1	SFR:c2	0xc2	
decompiler	CODE:27b2	CODE:27fd	ORL 0xc2,A	145	read	SFR	1	SFR:c2	0xc2	
decompiler	CODE:3724	CODE:3746	MOVX @DPTR,A	82	write	EXTMEM	1	EXTMEM:2155	0x2155	0x10
decompiler	CODE:3724	CODE:374c	MOVX @DPTR,A	87	write	EXTMEM	1	EXTMEM:2154	0x2154	0x4
decompiler	CODE:3724	CODE:376f	MOVX @DPTR,A	170	write	EXTMEM	1	EXTMEM:2255	0x2255	0x10
decompiler	CODE:3724	CODE:37e9	MOV 0xa3,A	518	read	SFR	1	SFR:a3	0xa3	
decompiler	CODE:3724	CODE:37f1	JZ 0x37fd	986	read	EXTMEM	1	EXTMEM:1053	0x1053	
decompiler	CODE:3724	CODE:37f3	MOV 0xa3,#0x2e	519	read	SFR	1	SFR:a3	0xa3	
decompiler	CODE:3724	CODE:37fb	MOV 0xa3,A	520	read	SFR	1	SFR:a3	0xa3	
decompiler	CODE:3724	CODE:37fd	RET	768	write	EXTMEM	1	EXTMEM:1053	0x1053	mem[EXTMEM:1053]
decompiler	CODE:3724	CODE:37fd	RET	768	read	EXTMEM	1	EXTMEM:1053	0x1053	
decompiler	CODE:3724	CODE:37fd	RET	788	write	EXTMEM	1	EXTMEM:2020	0x2020	mem[EXTMEM:2020]
decompiler	CODE:3724	CODE:37fd	RET	788	read	EXTMEM	1	EXTMEM:2020	0x2020	
decompiler	CODE:3724	CODE:37fd	RET	807	write	EXTMEM	1	EXTMEM:2021	0x2021	mem[EXTMEM:2021]
decompiler	CODE:3724	CODE:37fd	RET	807	read	EXTMEM	1	EXTMEM:2021	0x2021	
decompiler	CODE:3724	CODE:37fd	RET	826	write	EXTMEM	1	EXTMEM:203c	0x203c	mem[EXTMEM:203c]
decompiler	CODE:3724	CODE:37fd	RET	826	read	EXTMEM	1	EXTMEM:203c	0x203c	
decompiler	CODE:3724	CODE:37fd	RET	845	write	EXTMEM	1	EXTMEM:203e	0x203e	mem[EXTMEM:203e]
decompiler	CODE:3724	CODE:37fd	RET	845	read	EXTMEM	1	EXTMEM:203e	0x203e	
decompiler	CODE:3724	CODE:37fd	RET	864	write	EXTMEM	1	EXTMEM:2154	0x2154	mem[EXTMEM:2154]
decompiler	CODE:3724	CODE:37fd	RET	864	read	EXTMEM	1	EXTMEM:2154	0x2154	
decompiler	CODE:3724	CODE:37fd	RET	883	write	EXTMEM	1	EXTMEM:2155	0x2155	mem[EXTMEM:2155]
decompiler	CODE:3724	CODE:37fd	RET	883	read	EXTMEM	1	EXTMEM:2155	0x2155	
decompiler	CODE:3724	CODE:37fd	RET	902	write	EXTMEM	1	EXTMEM:2255	0x2255	mem[EXTMEM:2255]
decompiler	CODE:3724	CODE:37fd	RET	902	read	EXTMEM	1	EXTMEM:2255	0x2255	
decompiler	CODE:3724	CODE:37fd	RET	921	write	EXTMEM	1	EXTMEM:2304	0x2304	mem[EXTMEM:2304]
decompiler	CODE:3724	CODE:37fd	RET	921	read	EXTMEM	1	EXTMEM:2304	0x2304	
decompiler	CODE:3724	CODE:37fd	RET	940	write	EXTMEM	1	EXTMEM:2404	0x2404	mem[EXTMEM:2404]
decompiler	CODE:3724	CODE:37fd	RET	940	read	EXTMEM	1	EXTMEM:2404	0x2404	
decompiler	CODE:3e15	CODE:393e	MOV R5,0xf3	688	read	SFR	1	SFR:f3	0xf3	
decompiler	CODE:47aa	CODE:47d2	MOVX @DPTR,A	37	read	EXTMEM	1	EXTMEM:2165	0x2165	
decompiler	CODE:47aa	CODE:47ff	RETI	175	write	EXTMEM	1	EXTMEM:2165	0x2165	mem[EXTMEM:2165]
decompiler	CODE:47aa	CODE:47ff	RETI	175	read	EXTMEM	1	EXTMEM:2165	0x2165	
decompiler	CODE:50fb	CODE:511f	MOVX @DPTR,A	34	read	EXTMEM	1	EXTMEM:2038	0x2038	
decompiler	CODE:50fb	CODE:5127	MOVX @DPTR,A	42	read	EXTMEM	1	EXTMEM:2039	0x2039	
decompiler	CODE:50fb	CODE:51c1	MOVX @DPTR,A	707	write	EXTMEM	1	EXTMEM:2038	0x2038	INT_AND(mem[EXTMEM:2038],INT_NEGATE(mem[EXTMEM:0551]))
decompiler	CODE:50fb	CODE:51d7	MOVX @DPTR,A	720	write	EXTMEM	1	EXTMEM:2039	0x2039	INT_AND(mem[EXTMEM:2039],INT_NEGATE(mem[EXTMEM:0552]))
decompiler	CODE:50fb	CODE:51d8	CLR 0xb9	374	read	BITS	1	BITS:b9	0xb9	
decompiler	CODE:50fb	CODE:51f4	RETI	706	write	EXTMEM	1	EXTMEM:2038	0x2038	mem[EXTMEM:2038]
decompiler	CODE:50fb	CODE:51f4	RETI	706	read	EXTMEM	1	EXTMEM:2038	0x2038	
decompiler	CODE:50fb	CODE:51f4	RETI	718	write	EXTMEM	1	EXTMEM:2039	0x2039	mem[EXTMEM:2039]
decompiler	CODE:50fb	CODE:51f4	RETI	718	read	EXTMEM	1	EXTMEM:2039	0x2039	
decompiler	CODE:50fb	CODE:51f4	RETI	730	write	EXTMEM	1	EXTMEM:203a	0x203a	mem[EXTMEM:203a]
decompiler	CODE:50fb	CODE:51f4	RETI	730	read	EXTMEM	1	EXTMEM:203a	0x203a	
decompiler	CODE:50fb	CODE:51f4	RETI	742	write	EXTMEM	1	EXTMEM:203b	0x203b	mem[EXTMEM:203b]
decompiler	CODE:50fb	CODE:51f4	RETI	742	read	EXTMEM	1	EXTMEM:203b	0x203b	
decompiler	CODE:5c3c	CODE:5c60	JNB 0xc7,0x5c8b	248	read	BITS	1	BITS:c7	0xc7	
decompiler	CODE:5c3c	CODE:5c89	CLR 0xc7	247	read	BITS	1	BITS:c7	0xc7	
decompiler	CODE:5c3c	CODE:5c8b	JNB 0xc6,0x5c90	246	read	BITS	1	BITS:c6	0xc6	
decompiler	CODE:5c3c	CODE:5c8e	CLR 0xc6	245	read	BITS	1	BITS:c6	0xc6	
decompiler	CODE:5c3c	CODE:5c90	JNB 0xc5,0x5cb5	244	read	BITS	1	BITS:c5	0xc5	
decompiler	CODE:5c3c	CODE:5ca7	ORL 0xd7,#0x10	239	read	SFR	1	SFR:d7	0xd7	
decompiler	CODE:5c3c	CODE:5ca7	ORL 0xd7,#0x10	241	read	SFR	1	SFR:d7	0xd7	
decompiler	CODE:5c3c	CODE:5caa	MOV R7,0xc7	237	read	SFR	1	SFR:c7	0xc7	
decompiler	CODE:5c3c	CODE:5cb3	MOV @R0,0xc7	238	read	SFR	1	SFR:c7	0xc7	
decompiler	CODE:5c3c	CODE:5cb5	MOV A,0xd7	242	read	SFR	1	SFR:d7	0xd7	
decompiler	CODE:5c3c	CODE:5cd0	ANL 0xd7,#0xe7	240	read	SFR	1	SFR:d7	0xd7	
decompiler	CODE:5c3c	CODE:5cd0	ANL 0xd7,#0xe7	243	read	SFR	1	SFR:d7	0xd7	
decompiler	CODE:5c3c	CODE:5cd3	MOV A,0xc0	235	read	SFR	1	SFR:c0	0xc0	
decompiler	CODE:5c3c	CODE:5cdc	MOV 0xc3,#0xfb	236	read	SFR	1	SFR:c3	0xc3	
decompiler	CODE:5db7	CODE:5db7	ANL 0xc9,#0xfb	336	read	SFR	1	SFR:c9	0xc9	
decompiler	CODE:5db7	CODE:5db7	ANL 0xc9,#0xfb	339	read	SFR	1	SFR:c9	0xc9	
decompiler	CODE:5db7	CODE:5dbf	ORL 0xc9,#0x4	337	read	SFR	1	SFR:c9	0xc9	
decompiler	CODE:5db7	CODE:5dbf	ORL 0xc9,#0x4	340	read	SFR	1	SFR:c9	0xc9	
decompiler	CODE:5db7	CODE:5dd2	ORL 0xc9,#0x4	338	read	SFR	1	SFR:c9	0xc9	
decompiler	CODE:5db7	CODE:5dd2	ORL 0xc9,#0x4	341	read	SFR	1	SFR:c9	0xc9	
decompiler	CODE:678e	CODE:67f9	ANL 0xc3,A	249	read	SFR	1	SFR:c3	0xc3	
decompiler	CODE:678e	CODE:67f9	ANL 0xc3,A	250	read	SFR	1	SFR:c3	0xc3	
decompiler	CODE:678e	CODE:67fc	ORL 0xc1,A	247	read	SFR	1	SFR:c1	0xc1	
decompiler	CODE:678e	CODE:67fc	ORL 0xc1,A	248	read	SFR	1	SFR:c1	0xc1	
decompiler	CODE:6f27	CODE:6f83	MOV 0xa3,#0x5a	149	read	SFR	1	SFR:a3	0xa3	
decompiler	CODE:6ffc	CODE:6ffd	ORL 0xb9,A	12	read	SFR	1	SFR:b9	0xb9	
decompiler	CODE:6ffc	CODE:6ffd	ORL 0xb9,A	13	read	SFR	1	SFR:b9	0xb9	
decompiler	CODE:72d3	CODE:7306	JB 0x80,0x7309	199	read	BITS	1	BITS:80	0x80	
decompiler	CODE:7398	CODE:73da	MOVX @DPTR,A	213	write	EXTMEM	1	EXTMEM:205a	0x205a	0x0
decompiler	CODE:7398	CODE:73db	RET	399	write	EXTMEM	1	EXTMEM:205a	0x205a	0x0
decompiler	CODE:7398	CODE:73db	RET	399	read	EXTMEM	1	EXTMEM:205a	0x205a	
decompiler	CODE:7398	CODE:73e7	MOVX @DPTR,A	121	write	EXTMEM	1	EXTMEM:205a	0x205a	0x1
decompiler	CODE:7398	CODE:73f6	RET	398	write	EXTMEM	1	EXTMEM:205a	0x205a	mem[EXTMEM:205a]
decompiler	CODE:7398	CODE:73f6	RET	398	read	EXTMEM	1	EXTMEM:205a	0x205a	
decompiler	CODE:7398	CODE:73f6	RET	434	write	EXTMEM	1	EXTMEM:205a	0x205a	mem[EXTMEM:205a]
decompiler	CODE:7398	CODE:73f6	RET	434	read	EXTMEM	1	EXTMEM:205a	0x205a	
decompiler	CODE:7398	CODE:73f6	RET	441	write	EXTMEM	1	EXTMEM:205a	0x205a	mem[EXTMEM:205a]
decompiler	CODE:7398	CODE:73f6	RET	441	read	EXTMEM	1	EXTMEM:205a	0x205a	
decompiler	CODE:7568	CODE:7593	MOV 0xc6,#0x6	117	read	SFR	1	SFR:c6	0xc6	
decompiler	CODE:7568	CODE:7596	MOV 0xce,#0xee	118	read	SFR	1	SFR:ce	0xce	
decompiler	CODE:7568	CODE:7599	MOV 0xd6,#0x3	120	read	SFR	1	SFR:d6	0xd6	
decompiler	CODE:7568	CODE:75a8	MOV 0xe6,A	122	read	SFR	1	SFR:e6	0xe6	
decompiler	CODE:7568	CODE:75af	MOV 0xcf,A	119	read	SFR	1	SFR:cf	0xcf	
decompiler	CODE:7568	CODE:75b4	MOV 0xd7,#0x4	121	read	SFR	1	SFR:d7	0xd7	
decompiler	CODE:75c0	CODE:75e8	MOVX @DPTR,A	37	read	EXTMEM	1	EXTMEM:2265	0x2265	
decompiler	CODE:75c0	CODE:7615	RETI	175	write	EXTMEM	1	EXTMEM:2265	0x2265	mem[EXTMEM:2265]
decompiler	CODE:75c0	CODE:7615	RETI	175	read	EXTMEM	1	EXTMEM:2265	0x2265	
decompiler	CODE:76bf	CODE:76c9	MOVX @DPTR,A	22	write	EXTMEM	1	EXTMEM:1011	0x1011	INT_OR(INT_AND(mem[EXTMEM:1011],0x3f),0x40)
decompiler	CODE:76bf	CODE:76d4	MOVX @DPTR,A	45	write	EXTMEM	1	EXTMEM:1010	0x1010	INT_OR(INT_AND(mem[EXTMEM:1010],0xfc),0x1)
decompiler	CODE:76bf	CODE:76d5	RET	56	write	EXTMEM	1	EXTMEM:1010	0x1010	mem[EXTMEM:1010]
decompiler	CODE:76bf	CODE:76d5	RET	56	read	EXTMEM	1	EXTMEM:1010	0x1010	
decompiler	CODE:76bf	CODE:76d5	RET	57	write	EXTMEM	1	EXTMEM:1011	0x1011	mem[EXTMEM:1011]
decompiler	CODE:76bf	CODE:76d5	RET	57	read	EXTMEM	1	EXTMEM:1011	0x1011	
decompiler	CODE:76ec	CODE:76f4	MOV 0xc7,A	23	read	SFR	1	SFR:c7	0xc7	
decompiler	CODE:77b4	CODE:77d1	MOV 0xb8,#0xf7	86	read	SFR	1	SFR:b8	0xb8	
decompiler	CODE:78ee	CODE:790b	MOV 0xb8,#0xef	86	read	SFR	1	SFR:b8	0xb8	
decompiler	CODE:793a	CODE:793c	MOV 0xa3,#0x5a	115	read	SFR	1	SFR:a3	0xa3	
decompiler	CODE:793a	CODE:793f	MOV 0x85,#0x10	114	read	SFR	1	SFR:85	0x85	
decompiler	CODE:793a	CODE:7943	MOV 0xa3,A	116	read	SFR	1	SFR:a3	0xa3	
decompiler	CODE:7aaa	CODE:7aaf	MOVX @DPTR,A	4	write	EXTMEM	1	EXTMEM:1000	0x1000	0x3
decompiler	CODE:7aaa	CODE:7ab3	MOVX @DPTR,A	9	write	EXTMEM	1	EXTMEM:1001	0x1001	0xf0
decompiler	CODE:7aaa	CODE:7ab7	MOVX @DPTR,A	14	write	EXTMEM	1	EXTMEM:1002	0x1002	0x23
decompiler	CODE:7aaa	CODE:7ab9	MOV 0x80,A	82	read	SFR	1	SFR:80	0x80	
decompiler	CODE:7aaa	CODE:7abc	MOVX @DPTR,A	20	write	EXTMEM	1	EXTMEM:1003	0x1003	0x0
decompiler	CODE:7aaa	CODE:7ac2	MOVX @DPTR,A	25	write	EXTMEM	1	EXTMEM:1008	0x1008	0x3f
decompiler	CODE:7aaa	CODE:7ac6	MOVX @DPTR,A	30	write	EXTMEM	1	EXTMEM:1009	0x1009	0xfc
decompiler	CODE:7aaa	CODE:7aca	MOVX @DPTR,A	35	write	EXTMEM	1	EXTMEM:100a	0x100a	0x81
decompiler	CODE:7aaa	CODE:7acb	MOV 0xc8,#0x80	83	read	SFR	1	SFR:c8	0xc8	
decompiler	CODE:7aaa	CODE:7ad0	MOVX @DPTR,A	41	write	EXTMEM	1	EXTMEM:100b	0x100b	0x0
decompiler	CODE:7aaa	CODE:7ad5	MOVX @DPTR,A	46	write	EXTMEM	1	EXTMEM:1010	0x1010	0x1
decompiler	CODE:7aaa	CODE:7ad9	MOVX @DPTR,A	51	write	EXTMEM	1	EXTMEM:1011	0x1011	0x40
decompiler	CODE:7aaa	CODE:7add	MOVX @DPTR,A	56	write	EXTMEM	1	EXTMEM:1012	0x1012	0x8
decompiler	CODE:7aaa	CODE:7adf	MOV 0xf8,A	84	read	SFR	1	SFR:f8	0xf8	
decompiler	CODE:7aaa	CODE:7ae2	MOVX @DPTR,A	62	write	EXTMEM	1	EXTMEM:1013	0x1013	0x0
decompiler	CODE:7aaa	CODE:7ae3	SETB 0xcf	88	read	BITS	1	BITS:cf	0xcf	
decompiler	CODE:7aaa	CODE:7ae5	SETB 0xcd	87	read	BITS	1	BITS:cd	0xcd	
decompiler	CODE:7aaa	CODE:7ae7	CLR 0x85	85	read	BITS	1	BITS:85	0x85	
decompiler	CODE:7aaa	CODE:7ae9	CLR 0xc8	86	read	BITS	1	BITS:c8	0xc8	
decompiler	CODE:7aaa	CODE:7af0	MOVX @DPTR,A	71	write	EXTMEM	1	EXTMEM:1016	0x1016	0xc
decompiler	CODE:7aaa	CODE:7af1	RET	89	write	EXTMEM	1	EXTMEM:1000	0x1000	0x3
decompiler	CODE:7aaa	CODE:7af1	RET	89	read	EXTMEM	1	EXTMEM:1000	0x1000	
decompiler	CODE:7aaa	CODE:7af1	RET	90	write	EXTMEM	1	EXTMEM:1001	0x1001	0xf0
decompiler	CODE:7aaa	CODE:7af1	RET	90	read	EXTMEM	1	EXTMEM:1001	0x1001	
decompiler	CODE:7aaa	CODE:7af1	RET	91	write	EXTMEM	1	EXTMEM:1002	0x1002	0x23
decompiler	CODE:7aaa	CODE:7af1	RET	91	read	EXTMEM	1	EXTMEM:1002	0x1002	
decompiler	CODE:7aaa	CODE:7af1	RET	92	write	EXTMEM	1	EXTMEM:1003	0x1003	0x0
decompiler	CODE:7aaa	CODE:7af1	RET	92	read	EXTMEM	1	EXTMEM:1003	0x1003	
decompiler	CODE:7aaa	CODE:7af1	RET	93	write	EXTMEM	1	EXTMEM:1008	0x1008	0x3f
decompiler	CODE:7aaa	CODE:7af1	RET	93	read	EXTMEM	1	EXTMEM:1008	0x1008	
decompiler	CODE:7aaa	CODE:7af1	RET	94	write	EXTMEM	1	EXTMEM:1009	0x1009	0xfc
decompiler	CODE:7aaa	CODE:7af1	RET	94	read	EXTMEM	1	EXTMEM:1009	0x1009	
decompiler	CODE:7aaa	CODE:7af1	RET	95	write	EXTMEM	1	EXTMEM:100a	0x100a	0x81
decompiler	CODE:7aaa	CODE:7af1	RET	95	read	EXTMEM	1	EXTMEM:100a	0x100a	
decompiler	CODE:7aaa	CODE:7af1	RET	96	write	EXTMEM	1	EXTMEM:100b	0x100b	0x0
decompiler	CODE:7aaa	CODE:7af1	RET	96	read	EXTMEM	1	EXTMEM:100b	0x100b	
decompiler	CODE:7aaa	CODE:7af1	RET	97	write	EXTMEM	1	EXTMEM:1010	0x1010	0x1
decompiler	CODE:7aaa	CODE:7af1	RET	97	read	EXTMEM	1	EXTMEM:1010	0x1010	
decompiler	CODE:7aaa	CODE:7af1	RET	98	write	EXTMEM	1	EXTMEM:1011	0x1011	0x40
decompiler	CODE:7aaa	CODE:7af1	RET	98	read	EXTMEM	1	EXTMEM:1011	0x1011	
decompiler	CODE:7aaa	CODE:7af1	RET	99	write	EXTMEM	1	EXTMEM:1012	0x1012	0x8
decompiler	CODE:7aaa	CODE:7af1	RET	99	read	EXTMEM	1	EXTMEM:1012	0x1012	
decompiler	CODE:7aaa	CODE:7af1	RET	100	write	EXTMEM	1	EXTMEM:1013	0x1013	0x0
decompiler	CODE:7aaa	CODE:7af1	RET	100	read	EXTMEM	1	EXTMEM:1013	0x1013	
decompiler	CODE:7aaa	CODE:7af1	RET	101	write	EXTMEM	1	EXTMEM:1016	0x1016	0xc
decompiler	CODE:7aaa	CODE:7af1	RET	101	read	EXTMEM	1	EXTMEM:1016	0x1016	
decompiler	CODE:7c14	CODE:7c1a	MOVX @DPTR,A	7	write	EXTMEM	1	EXTMEM:1012	0x1012	INT_OR(mem[EXTMEM:1012],0x2)
decompiler	CODE:7c14	CODE:7c1b	CLR 0xf9	19	read	BITS	1	BITS:f9	0xf9	
decompiler	CODE:7c14	CODE:7c1d	RET	20	write	EXTMEM	1	EXTMEM:1012	0x1012	mem[EXTMEM:1012]
decompiler	CODE:7c14	CODE:7c1d	RET	20	read	EXTMEM	1	EXTMEM:1012	0x1012	
decompiler	CODE:7d25	CODE:7d25	ANL 0xb9,#0xf9	113	read	SFR	1	SFR:b9	0xb9	
decompiler	CODE:7d25	CODE:7d25	ANL 0xb9,#0xf9	115	read	SFR	1	SFR:b9	0xb9	
decompiler	CODE:7d25	CODE:7d65	ORL 0xb9,#0x6	114	read	SFR	1	SFR:b9	0xb9	
decompiler	CODE:7d25	CODE:7d65	ORL 0xb9,#0x6	116	read	SFR	1	SFR:b9	0xb9	
decompiler	CODE:7d25	CODE:7d68	RET	146	write	EXTMEM	1	EXTMEM:2038	0x2038	mem[EXTMEM:2038]
decompiler	CODE:7d25	CODE:7d68	RET	146	read	EXTMEM	1	EXTMEM:2038	0x2038	
decompiler	CODE:7d25	CODE:7d68	RET	149	write	EXTMEM	1	EXTMEM:2039	0x2039	mem[EXTMEM:2039]
decompiler	CODE:7d25	CODE:7d68	RET	149	read	EXTMEM	1	EXTMEM:2039	0x2039	
decompiler	CODE:7d25	CODE:7d68	RET	152	write	EXTMEM	1	EXTMEM:203a	0x203a	mem[EXTMEM:203a]
decompiler	CODE:7d25	CODE:7d68	RET	152	read	EXTMEM	1	EXTMEM:203a	0x203a	
decompiler	CODE:7d25	CODE:7d68	RET	155	write	EXTMEM	1	EXTMEM:203b	0x203b	mem[EXTMEM:203b]
decompiler	CODE:7d25	CODE:7d68	RET	155	read	EXTMEM	1	EXTMEM:203b	0x203b	
decompiler	CODE:8229	CODE:825e	LJMP 0x9454	184	write	EXTMEM	1	EXTMEM:2038	0x2038	mem[EXTMEM:2038]
decompiler	CODE:8229	CODE:825e	LJMP 0x9454	184	read	EXTMEM	1	EXTMEM:2038	0x2038	
decompiler	CODE:8229	CODE:825e	LJMP 0x9454	193	write	EXTMEM	1	EXTMEM:203a	0x203a	mem[EXTMEM:203a]
decompiler	CODE:8229	CODE:825e	LJMP 0x9454	193	read	EXTMEM	1	EXTMEM:203a	0x203a	
decompiler	CODE:8229	CODE:8264	RET	185	write	EXTMEM	1	EXTMEM:2038	0x2038	mem[EXTMEM:2038]
decompiler	CODE:8229	CODE:8264	RET	185	read	EXTMEM	1	EXTMEM:2038	0x2038	
decompiler	CODE:8229	CODE:8264	RET	194	write	EXTMEM	1	EXTMEM:203a	0x203a	mem[EXTMEM:203a]
decompiler	CODE:8229	CODE:8264	RET	194	read	EXTMEM	1	EXTMEM:203a	0x203a	
decompiler	CODE:838d	CODE:8392	MOVX @DPTR,A	4	write	EXTMEM	1	EXTMEM:2013	0x2013	0xb9
decompiler	CODE:838d	CODE:8398	MOVX @DPTR,A	9	write	EXTMEM	1	EXTMEM:2012	0x2012	0x11
decompiler	CODE:838d	CODE:839d	MOVX @DPTR,A	14	write	EXTMEM	1	EXTMEM:203a	0x203a	0x0
decompiler	CODE:838d	CODE:839f	MOVX @DPTR,A	18	write	EXTMEM	1	EXTMEM:203b	0x203b	0x0
decompiler	CODE:838d	CODE:83a3	MOVX @DPTR,A	22	write	EXTMEM	1	EXTMEM:2038	0x2038	0x0
decompiler	CODE:838d	CODE:83a5	MOVX @DPTR,A	26	write	EXTMEM	1	EXTMEM:2039	0x2039	0x0
decompiler	CODE:838d	CODE:83ab	MOVX @DPTR,A	31	write	EXTMEM	1	EXTMEM:231e	0x231e	0x7a
decompiler	CODE:838d	CODE:83af	MOVX @DPTR,A	36	write	EXTMEM	1	EXTMEM:231f	0x231f	0x3d
decompiler	CODE:838d	CODE:83b5	MOVX @DPTR,A	41	write	EXTMEM	1	EXTMEM:2309	0x2309	0x10
decompiler	CODE:838d	CODE:83bb	MOVX @DPTR,A	46	write	EXTMEM	1	EXTMEM:241e	0x241e	0x7a
decompiler	CODE:838d	CODE:83bf	MOVX @DPTR,A	51	write	EXTMEM	1	EXTMEM:241f	0x241f	0x3d
decompiler	CODE:838d	CODE:83c5	MOVX @DPTR,A	56	write	EXTMEM	1	EXTMEM:2409	0x2409	0x10
decompiler	CODE:838d	CODE:83c6	RET	67	write	EXTMEM	1	EXTMEM:2012	0x2012	0x11
decompiler	CODE:838d	CODE:83c6	RET	67	read	EXTMEM	1	EXTMEM:2012	0x2012	
decompiler	CODE:838d	CODE:83c6	RET	68	write	EXTMEM	1	EXTMEM:2013	0x2013	0xb9
decompiler	CODE:838d	CODE:83c6	RET	68	read	EXTMEM	1	EXTMEM:2013	0x2013	
decompiler	CODE:838d	CODE:83c6	RET	69	write	EXTMEM	1	EXTMEM:2038	0x2038	0x0
decompiler	CODE:838d	CODE:83c6	RET	69	read	EXTMEM	1	EXTMEM:2038	0x2038	
decompiler	CODE:838d	CODE:83c6	RET	70	write	EXTMEM	1	EXTMEM:2039	0x2039	0x0
decompiler	CODE:838d	CODE:83c6	RET	70	read	EXTMEM	1	EXTMEM:2039	0x2039	
decompiler	CODE:838d	CODE:83c6	RET	71	write	EXTMEM	1	EXTMEM:203a	0x203a	0x0
decompiler	CODE:838d	CODE:83c6	RET	71	read	EXTMEM	1	EXTMEM:203a	0x203a	
decompiler	CODE:838d	CODE:83c6	RET	72	write	EXTMEM	1	EXTMEM:203b	0x203b	0x0
decompiler	CODE:838d	CODE:83c6	RET	72	read	EXTMEM	1	EXTMEM:203b	0x203b	
decompiler	CODE:838d	CODE:83c6	RET	73	write	EXTMEM	1	EXTMEM:2309	0x2309	0x10
decompiler	CODE:838d	CODE:83c6	RET	73	read	EXTMEM	1	EXTMEM:2309	0x2309	
decompiler	CODE:838d	CODE:83c6	RET	74	write	EXTMEM	1	EXTMEM:231e	0x231e	0x7a
decompiler	CODE:838d	CODE:83c6	RET	74	read	EXTMEM	1	EXTMEM:231e	0x231e	
decompiler	CODE:838d	CODE:83c6	RET	75	write	EXTMEM	1	EXTMEM:231f	0x231f	0x3d
decompiler	CODE:838d	CODE:83c6	RET	75	read	EXTMEM	1	EXTMEM:231f	0x231f	
decompiler	CODE:838d	CODE:83c6	RET	76	write	EXTMEM	1	EXTMEM:2409	0x2409	0x10
decompiler	CODE:838d	CODE:83c6	RET	76	read	EXTMEM	1	EXTMEM:2409	0x2409	
decompiler	CODE:838d	CODE:83c6	RET	77	write	EXTMEM	1	EXTMEM:241e	0x241e	0x7a
decompiler	CODE:838d	CODE:83c6	RET	77	read	EXTMEM	1	EXTMEM:241e	0x241e	
decompiler	CODE:838d	CODE:83c6	RET	78	write	EXTMEM	1	EXTMEM:241f	0x241f	0x3d
decompiler	CODE:838d	CODE:83c6	RET	78	read	EXTMEM	1	EXTMEM:241f	0x241f	
decompiler	CODE:8800	CODE:8807	MOV A,0xb9	94	read	SFR	1	SFR:b9	0xb9	
decompiler	CODE:8800	CODE:880d	ANL 0xb9,#0x7f	92	read	SFR	1	SFR:b9	0xb9	
decompiler	CODE:8800	CODE:880d	ANL 0xb9,#0x7f	95	read	SFR	1	SFR:b9	0xb9	
decompiler	CODE:8800	CODE:882f	ORL 0xb9,A	93	read	SFR	1	SFR:b9	0xb9	
decompiler	CODE:8800	CODE:882f	ORL 0xb9,A	96	read	SFR	1	SFR:b9	0xb9	
decompiler	CODE:89b2	CODE:89c0	ANL 0xb9,#0x7f	89	read	SFR	1	SFR:b9	0xb9	
decompiler	CODE:89b2	CODE:89c0	ANL 0xb9,#0x7f	91	read	SFR	1	SFR:b9	0xb9	
decompiler	CODE:89b2	CODE:89c8	ORL 0xb9,#0x80	90	read	SFR	1	SFR:b9	0xb9	
decompiler	CODE:89b2	CODE:89c8	ORL 0xb9,#0x80	92	read	SFR	1	SFR:b9	0xb9	
decompiler	CODE:8b9d	CODE:8b9d	MOV 0xa3,#0x5a	74	read	SFR	1	SFR:a3	0xa3	
decompiler	CODE:8b9d	CODE:8baf	MOV 0xa3,#0xce	75	read	SFR	1	SFR:a3	0xa3	
decompiler	CODE:8b9d	CODE:8bb5	MOV 0xbd,#0xff	78	read	SFR	1	SFR:bd	0xbd	
decompiler	CODE:8b9d	CODE:8bb8	MOV 0xbe,#0xff	79	read	SFR	1	SFR:be	0xbe	
decompiler	CODE:8b9d	CODE:8bbb	MOV 0xbf,#0xff	80	read	SFR	1	SFR:bf	0xbf	
decompiler	CODE:8b9d	CODE:8bbf	MOV 0xa3,A	76	read	SFR	1	SFR:a3	0xa3	
decompiler	CODE:8b9d	CODE:8bc1	MOV 0xb8,A	77	read	SFR	1	SFR:b8	0xb8	
decompiler	CODE:8b9d	CODE:8bc3	MOV 0xc3,A	81	read	SFR	1	SFR:c3	0xc3	
decompiler	CODE:8b9d	CODE:8bc5	MOV 0xcb,A	82	read	SFR	1	SFR:cb	0xcb	
decompiler	CODE:9436	CODE:943d	MOV 0x85,CY	64	read	BITS	1	BITS:85	0x85	
decompiler	CODE:9436	CODE:9449	MOV 0xc8,CY	65	read	BITS	1	BITS:c8	0xc8	
decompiler	CODE:94ae	CODE:94ae	MOV 0xb1,R7	53	read	SFR	1	SFR:b1	0xb1	
decompiler	CODE:94ae	CODE:94b2	MOV 0xb5,CY	57	read	BITS	1	BITS:b5	0xb5	
decompiler	CODE:94ae	CODE:94b4	SETB 0xb6	58	read	BITS	1	BITS:b6	0xb6	
decompiler	CODE:94ae	CODE:94b6	JNB 0xb4,0x94b6	56	read	BITS	1	BITS:b4	0xb4	
decompiler	CODE:94ae	CODE:94b9	MOV A,0xb3	55	read	SFR	1	SFR:b3	0xb3	
decompiler	CODE:94ae	CODE:94c2	MOV A,0xb2	54	read	SFR	1	SFR:b2	0xb2	
decompiler	CODE:94ae	CODE:94c9	CLR 0xb6	59	read	BITS	1	BITS:b6	0xb6	
decompiler	CODE:95f2	CODE:95f2	CLR 0xa0	46	read	BITS	1	BITS:a0	0xa0	
decompiler	CODE:95f2	CODE:95f4	MOV 0xa3,#0x5a	45	read	SFR	1	SFR:a3	0xa3	
decompiler	CODE:9800	CODE:9817	MOVX @DPTR,A	55	write	EXTMEM	1	EXTMEM:2013	0x2013	INT_AND(mem[EXTMEM:2013],LOAD(0x211,PTRADD(0xb8fa,INT_ZEXT(mem[INTMEM:b3]),0x1)))
decompiler	CODE:9800	CODE:9818	RET	54	write	EXTMEM	1	EXTMEM:2013	0x2013	mem[EXTMEM:2013]
decompiler	CODE:9800	CODE:9818	RET	54	read	EXTMEM	1	EXTMEM:2013	0x2013	
decompiler	CODE:9924	CODE:9924	ANL 0xc1,#0xfb	37	read	SFR	1	SFR:c1	0xc1	
decompiler	CODE:9924	CODE:9924	ANL 0xc1,#0xfb	38	read	SFR	1	SFR:c1	0xc1	
decompiler	CODE:9924	CODE:9933	MOV 0xc6,A	39	read	SFR	1	SFR:c6	0xc6	
decompiler	CODE:9924	CODE:9935	MOV 0xce,A	40	read	SFR	1	SFR:ce	0xce	
decompiler	CODE:9924	CODE:9937	MOV 0xd6,A	41	read	SFR	1	SFR:d6	0xd6	
decompiler	CODE:9924	CODE:9939	MOV 0xd7,A	42	read	SFR	1	SFR:d7	0xd7	
decompiler	CODE:9a4f	CODE:9a54	MOVX @DPTR,A	4	write	EXTMEM	1	EXTMEM:10b8	0x10b8	0xaa
decompiler	CODE:9a4f	CODE:9a5a	MOVX @DPTR,A	9	write	EXTMEM	1	EXTMEM:10ba	0x10ba	0x55
decompiler	CODE:9a4f	CODE:9a60	MOVX @DPTR,A	14	write	EXTMEM	1	EXTMEM:10bd	0x10bd	0xa5
decompiler	CODE:9a4f	CODE:9a61	MOV 0xf4,#0xff	26	read	SFR	1	SFR:f4	0xf4	
decompiler	CODE:9a4f	CODE:9a64	RET	27	write	EXTMEM	1	EXTMEM:10b8	0x10b8	0xaa
decompiler	CODE:9a4f	CODE:9a64	RET	27	read	EXTMEM	1	EXTMEM:10b8	0x10b8	
decompiler	CODE:9a4f	CODE:9a64	RET	28	write	EXTMEM	1	EXTMEM:10ba	0x10ba	0x55
decompiler	CODE:9a4f	CODE:9a64	RET	28	read	EXTMEM	1	EXTMEM:10ba	0x10ba	
decompiler	CODE:9a4f	CODE:9a64	RET	29	write	EXTMEM	1	EXTMEM:10bd	0x10bd	0xa5
decompiler	CODE:9a4f	CODE:9a64	RET	29	read	EXTMEM	1	EXTMEM:10bd	0x10bd	
decompiler	CODE:9b66	CODE:9b6b	MOV 0xce,A	20	read	SFR	1	SFR:ce	0xce	
decompiler	CODE:9b66	CODE:9b6d	SETB 0xc3	21	read	BITS	1	BITS:c3	0xc3	
decompiler	CODE:9b66	CODE:9b72	MOV A,0xc7	19	read	SFR	1	SFR:c7	0xc7	
decompiler	CODE:9bdf	CODE:9be0	MOV 0x86,A	24	read	SFR	1	SFR:86	0x86	
decompiler	CODE:9bdf	CODE:9be5	MOVX @DPTR,A	5	write	EXTMEM	1	EXTMEM:2039	0x2039	0x0
decompiler	CODE:9bdf	CODE:9be6	MOV 0xa4,#0x1	25	read	SFR	1	SFR:a4	0xa4	
decompiler	CODE:9bdf	CODE:9bec	MOV A,0xbc	27	read	SFR	1	SFR:bc	0xbc	
decompiler	CODE:9bdf	CODE:9bf0	MOV 0xbc,A	26	read	SFR	1	SFR:bc	0xbc	
decompiler	CODE:9bdf	CODE:9bf2	RET	29	write	EXTMEM	1	EXTMEM:2039	0x2039	0x0
decompiler	CODE:9bdf	CODE:9bf2	RET	29	read	EXTMEM	1	EXTMEM:2039	0x2039	
decompiler	CODE:9cdd	CODE:9cee	MOVX @DPTR,A	21	write	EXTMEM	1	EXTMEM:2013	0x2013	INT_OR(CALL(0xe0ffe690b8f893fe,0xb9),INDIRECT((register, 0x6, 1),0xd))
decompiler	CODE:9cdd	CODE:9cef	RET	55	write	EXTMEM	1	EXTMEM:2013	0x2013	mem[EXTMEM:2013]
decompiler	CODE:9cdd	CODE:9cef	RET	55	read	EXTMEM	1	EXTMEM:2013	0x2013	
decompiler	CODE:9cf0	CODE:9d01	MOVX @DPTR,A	21	write	EXTMEM	1	EXTMEM:2013	0x2013	INT_OR(CALL(0xe0ffe690b8f893fe,0xb3),INDIRECT((register, 0x6, 1),0xd))
decompiler	CODE:9cf0	CODE:9d02	RET	55	write	EXTMEM	1	EXTMEM:2013	0x2013	mem[EXTMEM:2013]
decompiler	CODE:9cf0	CODE:9d02	RET	55	read	EXTMEM	1	EXTMEM:2013	0x2013	
decompiler	CODE:9f69	CODE:9f6d	MOVX @DPTR,A	4	write	EXTMEM	1	EXTMEM:10b8	0x10b8	0x0
decompiler	CODE:9f69	CODE:9f71	MOVX @DPTR,A	8	write	EXTMEM	1	EXTMEM:10ba	0x10ba	0x0
decompiler	CODE:9f69	CODE:9f75	MOVX @DPTR,A	12	write	EXTMEM	1	EXTMEM:10bd	0x10bd	0x0
decompiler	CODE:9f69	CODE:9f76	MOV 0xf4,A	24	read	SFR	1	SFR:f4	0xf4	
decompiler	CODE:9f69	CODE:9f78	RET	25	write	EXTMEM	1	EXTMEM:10b8	0x10b8	0x0
decompiler	CODE:9f69	CODE:9f78	RET	25	read	EXTMEM	1	EXTMEM:10b8	0x10b8	
decompiler	CODE:9f69	CODE:9f78	RET	26	write	EXTMEM	1	EXTMEM:10ba	0x10ba	0x0
decompiler	CODE:9f69	CODE:9f78	RET	26	read	EXTMEM	1	EXTMEM:10ba	0x10ba	
decompiler	CODE:9f69	CODE:9f78	RET	27	write	EXTMEM	1	EXTMEM:10bd	0x10bd	0x0
decompiler	CODE:9f69	CODE:9f78	RET	27	read	EXTMEM	1	EXTMEM:10bd	0x10bd	
decompiler	CODE:a1db	CODE:a1dc	MOV 0xa8,A	15	read	SFR	1	SFR:a8	0xa8	
decompiler	CODE:a1db	CODE:a1de	MOV 0xaa,#0x3e	17	read	SFR	1	SFR:aa	0xaa	
decompiler	CODE:a1db	CODE:a1e1	MOV 0xa9,#0x80	16	read	SFR	1	SFR:a9	0xa9	
decompiler	CODE:a1db	CODE:a1e4	SETB 0xa8	18	read	BITS	1	BITS:a8	0xa8	
decompiler	CODE:a20b	CODE:a212	MOV 0xdf,R6	27	read	SFR	1	SFR:df	0xdf	
decompiler	CODE:a20b	CODE:a214	MOV 0xde,A	26	read	SFR	1	SFR:de	0xde	
decompiler	CODE:a377	CODE:a37f	ANL 0xc1,A	28	read	SFR	1	SFR:c1	0xc1	
decompiler	CODE:a377	CODE:a37f	ANL 0xc1,A	29	read	SFR	1	SFR:c1	0xc1	
decompiler	CODE:a449	CODE:a449	MOV 0xce,#0xee	17	read	SFR	1	SFR:ce	0xce	
decompiler	CODE:a449	CODE:a44c	ORL 0xc2,#0x4	15	read	SFR	1	SFR:c2	0xc2	
decompiler	CODE:a449	CODE:a44c	ORL 0xc2,#0x4	16	read	SFR	1	SFR:c2	0xc2	
decompiler	CODE:a449	CODE:a44f	ORL 0xc1,#0x4	13	read	SFR	1	SFR:c1	0xc1	
decompiler	CODE:a449	CODE:a44f	ORL 0xc1,#0x4	14	read	SFR	1	SFR:c1	0xc1	
decompiler	CODE:a569	CODE:a56a	MOV 0xa8,A	14	read	SFR	1	SFR:a8	0xa8	
decompiler	CODE:a569	CODE:a56c	SETB 0xa8	17	read	BITS	1	BITS:a8	0xa8	
decompiler	CODE:a569	CODE:a56e	ORL 0xc9,#0x4	15	read	SFR	1	SFR:c9	0xc9	
decompiler	CODE:a569	CODE:a56e	ORL 0xc9,#0x4	16	read	SFR	1	SFR:c9	0xc9	
decompiler	CODE:a5b5	CODE:a5bb	MOVX @DPTR,A	7	write	EXTMEM	1	EXTMEM:2013	0x2013	INT_OR(mem[EXTMEM:2013],0x76)
decompiler	CODE:a5b5	CODE:a5bc	RET	18	write	EXTMEM	1	EXTMEM:2013	0x2013	mem[EXTMEM:2013]
decompiler	CODE:a5b5	CODE:a5bc	RET	18	read	EXTMEM	1	EXTMEM:2013	0x2013	
decompiler	CODE:a654	CODE:a659	MOVX @DPTR,A	4	write	EXTMEM	1	EXTMEM:2011	0x2011	0x12
decompiler	CODE:a654	CODE:a65a	RET	15	write	EXTMEM	1	EXTMEM:2011	0x2011	0x12
decompiler	CODE:a654	CODE:a65a	RET	15	read	EXTMEM	1	EXTMEM:2011	0x2011	
decompiler	CODE:a67e	CODE:a67e	CLR 0xb7	15	read	BITS	1	BITS:b7	0xb7	
decompiler	CODE:a67e	CODE:a680	SETB 0xb2	13	read	BITS	1	BITS:b2	0xb2	
decompiler	CODE:a67e	CODE:a682	CLR 0xb5	14	read	BITS	1	BITS:b5	0xb5	
decompiler	CODE:a685	CODE:a685	MOV 0xa1,#0xff	13	read	SFR	1	SFR:a1	0xa1	
decompiler	CODE:a685	CODE:a688	MOV 0xa0,#0xf2	12	read	SFR	1	SFR:a0	0xa0	
decompiler	CODE:a7b8	CODE:a7b8	ORL 0xa0,#0x4	11	read	SFR	1	SFR:a0	0xa0	
decompiler	CODE:a7b8	CODE:a7b8	ORL 0xa0,#0x4	12	read	SFR	1	SFR:a0	0xa0	
decompiler	CODE:a7bc	CODE:a7bc	ORL 0xa0,#0x1	11	read	SFR	1	SFR:a0	0xa0	
decompiler	CODE:a7bc	CODE:a7bc	ORL 0xa0,#0x1	12	read	SFR	1	SFR:a0	0xa0	
decompiler	CODE:a7c0	CODE:793c	MOV 0xa3,#0x5a	116	read	SFR	1	SFR:a3	0xa3	
decompiler	CODE:a7c0	CODE:793f	MOV 0x85,#0x10	115	read	SFR	1	SFR:85	0x85	
decompiler	CODE:a7c0	CODE:7943	MOV 0xa3,A	117	read	SFR	1	SFR:a3	0xa3	
decompiler	CODE:a9e2	CODE:aa17	JB 0xd2,0xaa36	218	read	BITS	1	BITS:d2	0xd2	
decompiler	CODE:aa37	CODE:aa37	CLR 0xd5	128	read	BITS	1	BITS:d5	0xd5	
decompiler	CODE:aa37	CODE:aa3d	CPL 0xd5	129	read	BITS	1	BITS:d5	0xd5	
decompiler	CODE:aa37	CODE:aa3d	CPL 0xd5	131	read	BITS	1	BITS:d5	0xd5	
decompiler	CODE:aa37	CODE:aa4a	CPL 0xd5	130	read	BITS	1	BITS:d5	0xd5	
decompiler	CODE:aa37	CODE:aa4a	CPL 0xd5	132	read	BITS	1	BITS:d5	0xd5	
decompiler	CODE:aa37	CODE:aa62	JNB 0xd5,0xaa6c	133	read	BITS	1	BITS:d5	0xd5	
decompiler	CODE:ac2d	CODE:ac53	JBC 0xd7,0xac59	575	read	BITS	1	BITS:d7	0xd7	
decompiler	CODE:ac2d	CODE:ac53	JBC 0xd7,0xac59	578	read	BITS	1	BITS:d7	0xd7	
decompiler	CODE:ac2d	CODE:ac74	JBC 0xd7,0xac7c	576	read	BITS	1	BITS:d7	0xd7	
decompiler	CODE:ac2d	CODE:ac74	JBC 0xd7,0xac7c	579	read	BITS	1	BITS:d7	0xd7	
decompiler	CODE:ac2d	CODE:ac9e	JBC 0xd7,0xaca8	577	read	BITS	1	BITS:d7	0xd7	
decompiler	CODE:ac2d	CODE:ac9e	JBC 0xd7,0xaca8	580	read	BITS	1	BITS:d7	0xd7	
decompiler	CODE:aeac	CODE:aebf	JBC 0xaf,0xaec8	78	read	BITS	1	BITS:af	0xaf	
decompiler	CODE:aeac	CODE:aebf	JBC 0xaf,0xaec8	80	read	BITS	1	BITS:af	0xaf	
decompiler	CODE:aeac	CODE:aecd	SETB 0xaf	79	read	BITS	1	BITS:af	0xaf	
decompiler	CODE:af88	CODE:af9c	MOV 0x81,#0xd2	270	read	SFR	1	SFR:81	0x81	
