time_iso,t_s,voltage_V,current_A,power_W,set_voltage_V,set_current_A,output,mode,faults
2026-10-05T06:49:49.648Z,0.116,0.00,0.000,0.00,12.00,0.200,0,off,
2026-10-05T06:49:49.765Z,0.233,0.00,0.000,0.00,12.00,0.200,1,cv,
2026-10-05T06:49:49.886Z,0.354,11.86,0.099,1.19,12.00,0.200,1,cv,
2026-10-05T06:49:50.004Z,0.472,12.00,0.096,1.14,12.00,0.200,1,cv,
2026-10-05T06:49:50.124Z,0.592,12.00,0.095,1.14,12.00,0.200,1,cv,
2026-10-05T06:49:50.240Z,0.708,12.00,0.095,1.14,12.00,0.200,1,cv,
2026-10-05T06:49:50.356Z,0.824,12.00,0.095,1.14,12.00,0.200,1,cv,
2026-10-05T06:49:50.475Z,0.943,12.00,0.095,1.14,12.00,0.200,1,cv,
2026-10-05T06:49:50.595Z,1.063,12.00,0.095,1.14,12.00,0.200,1,cv,
2026-10-05T06:49:50.712Z,1.180,12.00,0.095,1.14,12.00,0.200,1,cv,
2026-10-05T06:49:50.839Z,1.307,12.00,0.095,1.14,12.00,0.200,1,cv,
2026-10-05T06:49:50.958Z,1.426,12.00,0.095,1.13,12.00,0.200,1,cv,
2026-10-05T06:49:51.069Z,1.537,12.00,0.095,1.13,12.00,0.200,1,cv,
2026-10-05T06:49:51.189Z,1.657,12.00,0.095,1.14,12.00,0.200,1,cv,
2026-10-05T06:49:51.310Z,1.778,12.00,0.095,1.13,12.00,0.200,1,cv,
2026-10-05T06:49:51.430Z,1.898,12.00,0.095,1.13,12.00,0.200,1,cv,
2026-10-05T06:49:51.550Z,2.018,12.00,0.095,1.14,12.00,0.200,1,cv,
2026-10-05T06:49:51.667Z,2.135,12.00,0.095,1.14,12.00,0.200,1,cv,
2026-10-05T06:49:51.788Z,2.256,12.00,0.095,1.13,12.00,0.200,1,cv,
2026-10-05T06:49:51.909Z,2.377,12.00,0.095,1.13,12.00,0.200,1,cv,
2026-10-05T06:49:52.037Z,2.505,12.00,0.095,1.13,12.00,0.200,1,cv,
2026-10-05T06:49:52.154Z,2.622,12.00,0.095,1.13,12.00,0.200,1,cv,
2026-10-05T06:49:52.277Z,2.745,12.00,0.095,1.13,12.00,0.200,1,cv,
2026-10-05T06:49:52.393Z,2.861,12.00,0.095,1.13,12.00,0.200,1,cv,
2026-10-05T06:49:52.513Z,2.981,12.00,0.095,1.13,12.00,0.200,1,cv,
2026-10-05T06:49:52.631Z,3.099,12.00,0.095,1.13,12.00,0.200,1,cv,
2026-10-05T06:49:52.752Z,3.220,12.00,0.095,1.13,12.00,0.200,1,cv,
2026-10-05T06:49:52.880Z,3.348,12.00,0.095,1.13,12.00,0.200,1,cv,
2026-10-05T06:49:52.998Z,3.466,12.00,0.095,1.13,12.00,0.200,1,cv,
2026-10-05T06:49:53.115Z,3.583,12.00,0.095,1.13,12.00,0.200,1,cv,
2026-10-05T06:49:53.238Z,3.706,12.00,0.095,1.13,12.00,0.200,1,cv,
2026-10-05T06:49:53.361Z,3.829,12.00,0.095,1.13,12.00,0.200,1,cv,
2026-10-05T06:49:53.482Z,3.950,12.00,0.095,1.13,12.00,0.200,1,cv,
2026-10-05T06:49:53.603Z,4.071,12.00,0.095,1.13,12.00,0.200,1,cv,
2026-10-05T06:49:53.726Z,4.194,12.00,0.095,1.13,12.00,0.200,1,cv,
2026-10-05T06:49:53.848Z,4.316,12.00,0.095,1.13,12.00,0.200,1,cv,
2026-10-05T06:49:53.969Z,4.437,12.00,0.095,1.13,12.00,0.200,1,cv,
2026-10-05T06:49:54.089Z,4.557,12.00,0.095,1.13,12.00,0.200,1,cv,
2026-10-05T06:49:54.208Z,4.676,12.00,0.000,0.00,12.00,0.200,0,off,
2026-10-05T06:49:54.330Z,4.798,12.00,0.000,0.00,12.00,0.200,0,off,
2026-10-05T06:49:54.446Z,4.914,12.00,0.000,0.00,12.00,0.200,0,off,
2026-10-05T06:49:54.562Z,5.030,0.00,0.000,0.00,12.00,0.200,0,off,
2026-10-05T06:49:54.685Z,5.153,0.00,0.000,0.00,12.00,0.200,0,off,
2026-10-05T06:49:54.807Z,5.275,0.00,0.000,0.00,12.00,0.200,0,off,
