12f34	cmd_dispatch	command dispatcher: 4 UART mailboxes at 0x1FFF9660, opcode compare chain + TBB for DC..FE
1304e	cmd_dispatch_tbb	TBB over opcode-0xDC, 35 byte entries at 0x13052
131bc	cmd_dispatch_reply	common reply path: tx record, 0x15430 encode, GATE+0 pending
1330a	cmd_dispatch_usb_timeout	tail: USB host link (S+3=2) dropped after 8000 ms without a type-1 frame
13126	cmd_18_bind_inline	S+0x47=1, K+6=route type; 19 is deferred
1312e	cmd_51_ack_inline	type 3: ack of main's 50 (clears GATE+0x103)
1313c	cmd_53_ack_inline	type 3: ack of main's 52 (clears GATE+0x104)
1307e	cmd_A0_language_read_inline	A1 + byte 0x1FFFA0CE
130d8	cmd_F1_ack_inline	type 3: 0x1FFFA00E 1->2 (companion ready for update reboot)
131f0	cmd_D8_program_read_inline	finds program id, requests worker load, D9 deferred
132c0	cmd_FD_companion_status_inline	03 companion ready, FF companion reset
1dffc	cmd_00_identity	reply 01 91 67 01
116a8	cmd_20_block_write	sub 05 write 128 B to SPI 0x100000+off, sub 06 compare byte sum
18368	cmd_A2_language_write	language 0/1, on change: output off, config save
15aa0	cmd_BB_scan_list	companion BLE scan list ingest
14660	cmd_BD_link_state	type 6: host link S+3; type 5: peer state and name
1855c	cmd_BE_peer_select	companion peer selection flags
158bc	cmd_C2_dc_telemetry	C3 37-byte DC telemetry
15ef8	cmd_C4_settings_read	C5 settings
1caa4	cmd_C6_settings_write	C7, sequential checks, sets S+0x48
1b7f4	cmd_C8_dc_control	C9, remote control + DC setpoints/output/mode/refresh
15bec	cmd_D0_pd_profile_read	D1 profile name, class, 7 or 9 PDO groups
1c628	cmd_D2_pd_profile_write	D3, writes PD profile, optional save flag
15e48	cmd_D4_program_list	D5 names and step counts for ids 1..count
1c8b8	cmd_D6_program_header	D7, write/delete program name and step count
1c73c	cmd_DA_program_steps	DB, 10 step records per call, completion deferred
1565c	cmd_DC_program_selected	DD selected program id and step count
15694	cmd_DE_prog_pd_telemetry	DF 69-byte program/PD telemetry
1b634	cmd_E0_device_info	E1 short (route 6) or long (other routes) identity
13c40	cmd_E1_companion_identity	type 3: stores CH58x version bytes 0x11..0x14
1b4d0	cmd_E2_program_control	E3, program action/output/mode
15630	cmd_E4_pd_active	E5 active PD profile index + 1
1d520	cmd_E8_pd_control	E9, PDO enable mask, PDO send, output/mode
154ac	cmd_EA_charge_settings	EB charge settings and last-charge summary
1555c	cmd_EC_charge_telemetry	ED charge telemetry
13d44	cmd_EE_charge_control	EF, battery type/voltage/cells/current/output/mode
1b7c4	cmd_F0_update_mode	F0 AC: 0x1FFFA00C=1
15118	cmd_F2_update_erase	F3, erase SPI range for staged app
1f508	cmd_F4_update_write	F5, write 128 B to SPI and add read-back words
1f250	cmd_F6_update_verify	F7, check sum, write AA55CC33 into staged identity block
12400	cmd_FC_update_commit	FD, SPI header at 0 and request code in log 0x1F0000
1db94	cmd_FE_factory_reset	FE AA 55: defaults, table reset, reboot request
12690	build_19_bind_reply	19 00/FF, 00 suffix for route 6
15ca0	build_D9_program_chunk	D9 id + up to 10 step records from cursor K+3
133bc	tx_service	transmit scheduler: deferred and unsolicited frames from 0x1FFF9550 bits
15fa4	chan_tx_record	returns 0x1FFF9CE8 + n*0x214
15430	frame_encode	AA, (dst<<4)|src, len, body, sum with AA doubling
1d380	storage_worker	SPI saves/loads of PD table, program table and steps
1a128	out_request_get	returns 0x1FFFAA2E
1a134	fault_word_get	returns u16 0x1FFFAA1E
1aebc	out_request_set	0x1FFFAA2E = v
1af64	dc_target_voltage_set	0x1FFFA940 = v (10 mV)
1aea4	dc_current_limit_set	0x1FFFA944 = v (1 mA)
1cb8c	buzzer_play	start tone pattern n if buzzer level S+0x54 != 0
1a5fc	counters_reset_energy_time	clears 0x1FFE01E4, 0x1FFFA978, 0x1FFFA980
1d6fc	charger_start	charge parameters, pre-checks, state 1
1d858	charger_stop	0x1FFFAAAC=0, 0x1FFFAA5C=0
1d958	config_save	copy settings to 0x1FFFA0B8, write if checksum changed
1ae70	companion_ready_set	0x1FFFAA4E = v
1af48	power_mode_set	0x1FFFAA37 = mode
54474	ui_mode_switch	applies requested mode S+0x31
5553c	ui_remote_request	shows remote prompt when S+0x45 == 2
5f434	ui_remote_prompt_show	remote-control prompt
5af88	ui_remote_allow_cb	S+0x42=1, S+0x45=1, event bit 2
5b034	ui_remote_deny_cb	S+0x42=0, S+0x45=0, event bit 2
2478c	ui_bind_allow_cb	S+0x46=1, S+0x47=0, event bit 1
2483c	ui_bind_deny_cb	S+0x46=0, S+0x47=0, event bit 1
127fc	ui_program_action	S+0x4C 1 prev, 2 pause, 3 next
58ba4	program_run_startstop	program runner start (1) or stop (0)
58d50	program_step_timer	500 ms program step timer callback
59638	program_prev_step	previous step button
597c0	program_pause_toggle	pause/resume button (S+0x20)
5934c	program_next_step	next step button
1e284	state_publish	copies power/charger/PD values into S with unit scaling
1e7b4	ui_sync_tick	UI model sync, calls field setters
1ab34	power_state_machine	power state 0x1FFFAA54 and output request enforcement
19f18	power_output_update	output on/off, outState CV/CC detection
19e68	power_voltage_slew_ocp	voltage ramp and OCP timer
19a50	power_energy_time_accumulate	energy mWh and on-time ms
1978c	fault_monitor	fault word bits 0-4, 6, 8
19f4c	ina226_measure	output voltage and current from INA226
11900	pd_companion_parse	PD companion frames B1, 01, B7, B5, BD, E5
11c18	pd_companion_apply	applies PD companion reports
11eac	pd_companion_tx	PD companion transmit
12adc	pd_mask_apply	applies S+0x9C PDO enable mask
5735c	pd_profile_render	PD profile screen, PDO decoding
1fc24	upd_erase_range	F2 erase (loops 65536 times for len < 0x10000)
1fc94	upd_write_block	F4 program 128 B and sum read-back
1fe0c	upd_verify_commit	F6 verify and write identity magic
1dbe8	factory_defaults_request	0x1FFE01CD=1, defaults, 0x1FFE01CC=1
1d868	config_defaults	factory defaults of config block 0x1FFFA0B8
1ca60	reboot_request	power stage off request, reboot countdown
12850	reboot_countdown	counts down then 0x1B71C
1b71c	system_reset_to_boot	0x1234 to 0x2005F000, NVIC reset
1feb8	nvic_system_reset	AIRCR = 0x05FA0004
1fc0c	boot_mailbox_write	writes two halfwords at [0x1FFE01C8]
1bef8	spi_flash_read	SPI NOR read (03)
1bf3a	spi_flash_program	SPI NOR page program (02), refuses addr+len > 0x800000
1bdc6	spi_flash_erase64k	SPI NOR 64 KB erase (D8)
1bdf6	spi_flash_erase4k	SPI NOR 4 KB erase (20)
1bf9c	spi_flash_cmd	command byte + 24-bit address + data
1c364	config_flash_write	config record to internal flash 0xFE000 + n*0x80
188e0	pd_table_load	loads/rebuilds PD table from SPI 0x160000
14318	program_table_load	loads/rebuilds program table from SPI 0x161000
1f7c4	charger_nimh_check	charge termination checks, NiMH -dV
56244	ui_charge_update	charge screen update and end-of-charge summary
53438	ui_wave_toggle	device waveform page timer, S+0x11
2f0f4	ui_program_table_fill	program step table (Jump/Off rows)
1227c	console_cmd_parse	text console VSET/ISET/DCOUT_EN, TSET, FanCompareValue, language
1fffaacc	S_live_state	live state block S
1ffe0184	K_link_ctrl	link/transmit control block K
1fff9448	tx_gate	pending reply record, flags word at +0x108
1fff9550	evt_flags	event/transmit flag word (bit 2 deferred remote reply, bit 7 D9, ...)
1fff9660	rx_mailboxes	4 x 0x104 decoded frame records
1fffa354	program_table	names, step counts, ids, selected, count
1fffa138	pd_profile_table	names, PDO groups, class bytes, active index
1fffa340	pd_profile_class	profile wattage per index
1fffa34a	pd_active_index	active PD profile index
1fff8f7c	program_xfer_buf	program step transfer buffer 100 x 12
1fffa414	program_run_steps	steps of the selected program 100 x 12
1fffa8c4	xfer_flags	storage worker request flags and DA cursor (+8)
1fffa00c	upd_state	update state block (0x98 bytes)
1fffa0b8	config_block	persistent configuration (128 bytes)
1ffe07e0	charge_limit_table	6 x 11 u16 per battery type
1ffe07bc	battery_type_names	LiHv LiPo Lilon LiFe Pb NiMH/Cd
1fffaa2e	out_request	output request flag
1fffaa2f	out_on	output actually on
1fffaa1e	fault_word	fault bits reported as C3 chargeError
1fffa940	dc_target_v	target voltage 10 mV
1fffa944	dc_limit_i	current limit 1 mA
1fffa950	dc_applied_v	applied (ramped) voltage 10 mV
1fffa964	meas_v_mV	measured output voltage mV
1fffa968	meas_i_uA	measured output current uA
1fffa974	meas_p_uW	output power uW
1fffa978	energy_mWh	output energy mWh
1fffa980	out_time_ms	output-on time ms
1fffaa54	power_state	power state machine
1fffaa37	power_mode	power stage mode 0..3
1fffaab0	charger_error	charger error word
1fffaaac	charger_state	charger state
