00040034	VER_LIB
00040038	tmos_rand
0004003c	tmos_memcmp
00040040	tmos_isbufset
00040044	tmos_strlen
00040048	tmos_memset
0004004c	tmos_memcpy
00040050	tmos_set_event
00040054	tmos_clear_event
00040058	tmos_start_task
0004022c	tmos_start_reload_task
0004005c	tmos_stop_task
00040060	tmos_get_task_timer
00040064	tmos_msg_send
00040068	tmos_msg_deallocate
0004006c	tmos_msg_receive
00040070	tmos_msg_allocate
000401e0	tmos_snv_read
00040074	TMOS_TimerInit
00040214	TMOS_TimerIRQHandler
0004007c	TMOS_GetSystemClock
00040080	TMOS_ProcessEventRegister
00040084	LL_AddWhiteListDevice
00040088	LL_RemoveWhiteListDevice
0004008c	LL_ClearWhiteList
00040090	LL_Encrypt
00040094	LL_Decrypt
00040098	LL_GetNumberOfUnAckPacket
0004009c	LL_ConnectEventRegister
00040250	LL_AdvertiseEventRegister
000400a0	LL_SetTxPowerLevel
000401e4	BLE_ReadRssi
00040218	BLE_ReadCfo
000401e8	BLE_PAControlInit
000401ec	BLE_RegInit
000400a4	BLE_LibInit
000400a8	BLE_AccessAddressGenerate
000400ac	linkDB_Register
000400b0	linkDB_State
000400b4	linkDB_PerformFunc
000400b8	ATT_GetMTU
000400bc	ATT_HandleValueCfm
000400c0	ATT_CompareUUID
000400c4	GATT_InitClient
000400c8	GATT_RegisterForInd
000400cc	GATT_FindHandle
000400d0	GATT_Indication
000400d4	GATT_Notification
000400d8	GATT_ExchangeMTU
000400dc	GATT_DiscAllPrimaryServices
000400e0	GATT_DiscPrimaryServiceByUUID
000400e4	GATT_FindIncludedServices
000400e8	GATT_DiscAllChars
000400ec	GATT_DiscCharsByUUID
000400f0	GATT_DiscAllCharDescs
000400f4	GATT_ReadCharValue
000400f8	GATT_ReadUsingCharUUID
000400fc	GATT_ReadLongCharValue
00040100	GATT_ReadMultiCharValues
00040104	GATT_WriteNoRsp
00040108	GATT_SignedWriteNoRsp
0004010c	GATT_WriteCharValue
00040110	GATT_WriteLongCharValue
00040114	GATT_ReliableWrites
00040118	GATT_ReadCharDesc
0004011c	GATT_ReadLongCharDesc
00040120	GATT_WriteCharDesc
00040124	GATT_WriteLongCharDesc
00040128	GATT_bm_alloc
0004012c	GATT_bm_free
00040130	GATTServApp_RegisterService
00040134	GATTServApp_AddService
000401fc	GATTServApp_DeregisterService
00040138	GATTServApp_InitCharCfg
00040230	GATTServApp_SendServiceChangedInd
0004013c	GATTServApp_ReadCharCfg
00040140	GATTServApp_WriteCharCfg
00040144	GATTServApp_ProcessCCCWriteReq
00040148	GGS_SetParameter
0004014c	GGS_GetParameter
00040150	GGS_AddService
00040154	GAP_SetParamValue
00040158	GAP_GetParamValue
0004015c	GAP_ConfigDeviceAddr
00040160	GAP_ResolvePrivateAddr
00040164	GAP_UpdateAdvertisingData
00040168	GAPBondMgr_SetParameter
0004016c	GAPBondMgr_GetParameter
00040170	GAPBondMgr_PasscodeRsp
00040260	GAPBondMgr_OobRsp
00040264	GAPBondMgr_EccInit
00040244	GAPBondMgr_PeriSecurityReq
00040174	GAPRole_SetParameter
00040178	GAPRole_GetParameter
0004017c	GAPRole_TerminateLink
00040180	GAPRole_ReadRssiCmd
00040220	GAPRole_CreateSync
00040224	GAPRole_CancelSync
00040228	GAPRole_TerminateSync
00040184	GAPRole_UpdateLink
0004021c	GAPRole_UpdatePHY
00040248	GAPRole_SetPrivacyMode
0004024c	GAPRole_SetPathLossReporting
00040254	GAPRole_SetPowerlevel
00040188	GAPRole_BroadcasterInit
0004018c	GAPRole_BroadcasterStartDevice
000401dc	GAPRole_BroadcasterSetCB
00040190	GAPRole_ObserverInit
00040194	GAPRole_ObserverStartDevice
00040198	GAPRole_ObserverStartDiscovery
0004019c	GAPRole_ObserverCancelDiscovery
000401a0	GAPRole_PeripheralInit
000401a4	GAPRole_PeripheralStartDevice
000401a8	GAPRole_PeripheralConnParamUpdateReq
000401ac	GAPRole_CentralInit
000401b0	GAPRole_CentralStartDevice
000401b4	GAPRole_CentralStartDiscovery
000401b8	GAPRole_CentralCancelDiscovery
00040234	GAPRole_SetHostChanClassification
000401bc	GAPRole_CentralEstablishLink
000401c0	RF_RoleInit
000401c4	RF_Config
000401c8	RF_Rx
000401cc	RF_Tx
000401d0	RF_Shut
00040200	RF_SetChannel
00040204	RF_FrequencyHoppingShut
00040208	RF_FrequencyHoppingTx
0004020c	RF_FrequencyHoppingRx
00040210	RF_BondingErase
000401d4	LL_SingleChannel
000401d8	LL_TestEnd
000401f0	API_LE_ReceiverTestCmd
000401f4	API_LE_TransmitterTestCmd
000401f8	API_LE_TestEndCmd
00040238	RFEND_SetSensitivity
0004023c	RFEND_TXCtuneSet
00040240	RFEND_TXCtuneGet
