address	name	body_bytes	decompiled	message
CODE:1000	image_entry	3	true	
CODE:1003	thunk_FUN_CODE_67ff	3	true	
CODE:1006	FUN_CODE_1006	5	true	
CODE:100b	thunk_FUN_CODE_50fb	3	true	
CODE:100e	FUN_CODE_100e	5	true	
CODE:1013	thunk_FUN_CODE_4fff	3	true	
CODE:1016	FUN_CODE_1016	5	true	
CODE:101b	thunk_FUN_CODE_77b4	3	true	
CODE:101e	FUN_CODE_101e	5	true	
CODE:1023	thunk_FUN_CODE_78ee	3	true	
CODE:1026	FUN_CODE_1026	5	true	
CODE:102b	thunk_FUN_CODE_97ff	3	true	
CODE:102e	FUN_CODE_102e	5	true	
CODE:1033	FUN_CODE_1033	8	true	
CODE:103b	thunk_FUN_CODE_47aa	3	true	
CODE:103e	FUN_CODE_103e	5	true	
CODE:1043	thunk_FUN_CODE_75c0	3	true	
CODE:1046	FUN_CODE_1046	5	true	
CODE:104b	thunk_FUN_CODE_5c3c	3	true	
CODE:104e	FUN_CODE_104e	37	true	
CODE:1076	FUN_CODE_1076	5	true	
CODE:107e	FUN_CODE_107e	5	true	
CODE:1086	FUN_CODE_1086	5	true	
CODE:108e	FUN_CODE_108e	5	true	
CODE:1096	FUN_CODE_1096	5	true	
CODE:109e	FUN_CODE_109e	5	true	
CODE:10a6	FUN_CODE_10a6	5	true	
CODE:10ae	FUN_CODE_10ae	5	true	
CODE:10b6	FUN_CODE_10b6	1199	true	
CODE:11dc	FUN_CODE_11dc	37	true	
CODE:124a	FUN_CODE_124a	20	true	
CODE:129e	FUN_CODE_129e	19	true	
CODE:16ed	FUN_CODE_16ed	11	true	
CODE:16f8	FUN_CODE_16f8	11	true	
CODE:1703	FUN_CODE_1703	11	true	
CODE:170e	FUN_CODE_170e	29	true	
CODE:1800	FUN_CODE_1800	878	true	
CODE:1d06	FUN_CODE_1d06	4	true	
CODE:1d0a	FUN_CODE_1d0a	21	true	
CODE:1d1f	FUN_CODE_1d1f	3	true	
CODE:1d22	FUN_CODE_1d22	1	true	
CODE:1d23	FUN_CODE_1d23	4	true	
CODE:1d27	FUN_CODE_1d27	3	true	
CODE:1d2a	FUN_CODE_1d2a	2	true	
CODE:1d2c	FUN_CODE_1d2c	6	true	
CODE:1d32	FUN_CODE_1d32	12	true	
CODE:1d3e	FUN_CODE_1d3e	11	true	
CODE:1d49	FUN_CODE_1d49	9	true	
CODE:1d52	FUN_CODE_1d52	3	true	
CODE:1d55	FUN_CODE_1d55	1	true	
CODE:1d56	FUN_CODE_1d56	12	true	
CODE:1d62	FUN_CODE_1d62	5	true	
CODE:1d67	FUN_CODE_1d67	7	true	
CODE:1d6e	FUN_CODE_1d6e	20	true	
CODE:1d87	FUN_CODE_1d87	6	true	
CODE:1d8d	FUN_CODE_1d8d	11	true	
CODE:1d98	FUN_CODE_1d98	3	true	
CODE:1d9b	FUN_CODE_1d9b	14	true	
CODE:1da9	FUN_CODE_1da9	4	true	
CODE:1dad	FUN_CODE_1dad	17	true	
CODE:1dbe	FUN_CODE_1dbe	1	true	
CODE:1dbf	FUN_CODE_1dbf	6	true	
CODE:1dc5	FUN_CODE_1dc5	6	true	
CODE:1dcb	FUN_CODE_1dcb	8	true	
CODE:1dd3	FUN_CODE_1dd3	8	true	
CODE:1ddb	FUN_CODE_1ddb	8	true	
CODE:1de3	FUN_CODE_1de3	14	true	
CODE:1dfa	FUN_CODE_1dfa	8	true	
CODE:1e02	FUN_CODE_1e02	8	true	
CODE:1e0a	FUN_CODE_1e0a	17	true	
CODE:1e1b	FUN_CODE_1e1b	2	true	
CODE:1e1d	FUN_CODE_1e1d	8	true	
CODE:1e28	thunk_FUN_CODE_adf3	3	true	
CODE:1e2f	FUN_CODE_1e2f	1	true	
CODE:1e30	FUN_CODE_1e30	1	true	
CODE:1e31	FUN_CODE_1e31	8	true	
CODE:1e39	FUN_CODE_1e39	8	true	
CODE:1e41	FUN_CODE_1e41	7	true	
CODE:1e48	FUN_CODE_1e48	7	true	
CODE:1e4f	FUN_CODE_1e4f	13	true	
CODE:1e5c	FUN_CODE_1e5c	22	true	
CODE:1e72	thunk_FUN_CODE_adf3	3	true	
CODE:1e7e	FUN_CODE_1e7e	8	true	
CODE:1e86	FUN_CODE_1e86	7	true	
CODE:1e8d	FUN_CODE_1e8d	11	true	
CODE:1e98	FUN_CODE_1e98	12	true	
CODE:1ea4	FUN_CODE_1ea4	3	true	
CODE:1ea7	FUN_CODE_1ea7	9	true	
CODE:1ec0	FUN_CODE_1ec0	9	true	
CODE:1ec9	FUN_CODE_1ec9	9	true	
CODE:1ed2	FUN_CODE_1ed2	9	true	
CODE:1ee9	FUN_CODE_1ee9	13	true	
CODE:1ef6	FUN_CODE_1ef6	7	true	
CODE:1efd	FUN_CODE_1efd	6	true	
CODE:1f03	FUN_CODE_1f03	13	true	
CODE:1f10	FUN_CODE_1f10	8	true	
CODE:1f18	FUN_CODE_1f18	8	true	
CODE:1f20	FUN_CODE_1f20	8	true	
CODE:1f28	FUN_CODE_1f28	8	true	
CODE:1f30	FUN_CODE_1f30	1	true	
CODE:1f31	FUN_CODE_1f31	7	true	
CODE:1f38	FUN_CODE_1f38	11	true	
CODE:1f43	thunk_FUN_CODE_adf3	3	true	
CODE:1f4c	FUN_CODE_1f4c	10	true	
CODE:1f56	FUN_CODE_1f56	10	true	
CODE:1f60	FUN_CODE_1f60	6	true	
CODE:1ffd	thunk_FUN_CODE_996c	3	true	
CODE:2000	FUN_CODE_2000	152	true	
CODE:236b	FUN_CODE_236b	457	true	
CODE:25d4	FUN_CODE_25d4	41	true	
CODE:2796	FUN_CODE_2796	19	true	
CODE:27a9	FUN_CODE_27a9	9	true	
CODE:27b2	FUN_CODE_27b2	78	true	
CODE:2800	FUN_CODE_2800	277	true	
CODE:2a5b	FUN_CODE_2a5b	582	true	
CODE:2ca1	FUN_CODE_2ca1	553	true	
CODE:2eca	FUN_CODE_2eca	10	true	
CODE:2ed4	FUN_CODE_2ed4	236	true	
CODE:2ff6	FUN_CODE_2ff6	10	true	
CODE:3000	FUN_CODE_3000	477	true	
CODE:31dd	FUN_CODE_31dd	476	true	
CODE:33b9	FUN_CODE_33b9	6	true	
CODE:33d3	FUN_CODE_33d3	3	true	
CODE:33d6	FUN_CODE_33d6	6	true	
CODE:33dc	FUN_CODE_33dc	3	true	
CODE:33df	FUN_CODE_33df	3	true	
CODE:33e2	FUN_CODE_33e2	7	true	
CODE:33e9	FUN_CODE_33e9	6	true	
CODE:33ef	FUN_CODE_33ef	6	true	
CODE:33f5	FUN_CODE_33f5	12	true	
CODE:3401	FUN_CODE_3401	8	true	
CODE:3409	FUN_CODE_3409	34	true	
CODE:342b	FUN_CODE_342b	2	true	
CODE:342d	FUN_CODE_342d	2	true	
CODE:342f	FUN_CODE_342f	8	true	
CODE:3437	FUN_CODE_3437	2	true	
CODE:3439	FUN_CODE_3439	6	true	
CODE:343f	FUN_CODE_343f	1	true	
CODE:3440	FUN_CODE_3440	2	true	
CODE:3442	FUN_CODE_3442	8	true	
CODE:344a	FUN_CODE_344a	2	true	
CODE:344c	FUN_CODE_344c	11	true	
CODE:3457	FUN_CODE_3457	3	true	
CODE:345a	FUN_CODE_345a	2	true	
CODE:345c	FUN_CODE_345c	8	true	
CODE:3464	FUN_CODE_3464	5	true	
CODE:3469	FUN_CODE_3469	8	true	
CODE:3471	FUN_CODE_3471	1	true	
CODE:3472	FUN_CODE_3472	6	true	
CODE:3478	FUN_CODE_3478	25	true	
CODE:3491	FUN_CODE_3491	14	true	
CODE:349f	FUN_CODE_349f	13	true	
CODE:34ac	FUN_CODE_34ac	13	true	
CODE:34b9	FUN_CODE_34b9	13	true	
CODE:34c6	FUN_CODE_34c6	4	true	
CODE:34ca	FUN_CODE_34ca	10	true	
CODE:34d4	FUN_CODE_34d4	10	true	
CODE:34de	FUN_CODE_34de	8	true	
CODE:34e6	FUN_CODE_34e6	3	true	
CODE:34e9	FUN_CODE_34e9	8	true	
CODE:34f1	FUN_CODE_34f1	3	true	
CODE:34f4	FUN_CODE_34f4	8	true	
CODE:34fc	FUN_CODE_34fc	15	true	
CODE:350b	FUN_CODE_350b	15	true	
CODE:351a	FUN_CODE_351a	13	true	
CODE:3527	FUN_CODE_3527	13	true	
CODE:3534	FUN_CODE_3534	13	true	
CODE:3541	FUN_CODE_3541	13	true	
CODE:3555	FUN_CODE_3555	8	true	
CODE:355d	FUN_CODE_355d	11	true	
CODE:3724	FUN_CODE_3724	218	true	
CODE:37fe	FUN_CODE_37fe	1	true	
CODE:37ff	FUN_CODE_37ff	1	true	
CODE:3800	FUN_CODE_3800	59	true	
CODE:399f	FUN_CODE_399f	313	true	
CODE:3b3c	FUN_CODE_3b3c	241	true	
CODE:3caa	FUN_CODE_3caa	363	true	
CODE:3e15	FUN_CODE_3e15	273	true	
CODE:3f72	FUN_CODE_3f72	140	true	
CODE:3ffe	FUN_CODE_3ffe	1	true	
CODE:3fff	FUN_CODE_3fff	1	true	
CODE:4000	FUN_CODE_4000	313	true	
CODE:4153	FUN_CODE_4153	68	true	
CODE:42a5	FUN_CODE_42a5	296	true	
CODE:43ee	FUN_CODE_43ee	2	true	
CODE:43f0	FUN_CODE_43f0	1	true	
CODE:43f1	FUN_CODE_43f1	10	true	
CODE:440b	FUN_CODE_440b	8	true	
CODE:4413	FUN_CODE_4413	11	true	
CODE:441e	FUN_CODE_441e	6	true	
CODE:4424	FUN_CODE_4424	3	true	
CODE:4427	thunk_FUN_CODE_adf3	3	true	
CODE:4434	FUN_CODE_4434	2	true	
CODE:4436	FUN_CODE_4436	11	true	
CODE:4441	FUN_CODE_4441	3	true	
CODE:4444	FUN_CODE_4444	10	true	
CODE:444e	FUN_CODE_444e	13	true	
CODE:445b	FUN_CODE_445b	5	true	
CODE:4460	FUN_CODE_4460	8	true	
CODE:4468	FUN_CODE_4468	8	true	
CODE:4470	FUN_CODE_4470	13	true	
CODE:447d	FUN_CODE_447d	5	true	
CODE:4482	FUN_CODE_4482	8	true	
CODE:448a	FUN_CODE_448a	4	true	
CODE:448e	FUN_CODE_448e	7	true	
CODE:4495	FUN_CODE_4495	15	true	
CODE:44a4	FUN_CODE_44a4	13	true	
CODE:44b1	FUN_CODE_44b1	14	true	
CODE:44d1	FUN_CODE_44d1	14	true	
CODE:44df	FUN_CODE_44df	2	true	
CODE:44e1	FUN_CODE_44e1	8	true	
CODE:44e9	FUN_CODE_44e9	13	true	
CODE:44f6	FUN_CODE_44f6	13	true	
CODE:4503	FUN_CODE_4503	7	true	
CODE:450a	FUN_CODE_450a	8	true	
CODE:4512	FUN_CODE_4512	8	true	
CODE:451a	FUN_CODE_451a	7	true	
CODE:4521	FUN_CODE_4521	7	true	
CODE:4528	FUN_CODE_4528	6	true	
CODE:4532	FUN_CODE_4532	297	true	
CODE:4696	thunk_FUN_CODE_adf3	3	true	
CODE:4699	FUN_CODE_4699	11	true	
CODE:46b2	FUN_CODE_46b2	25	true	
CODE:46cb	FUN_CODE_46cb	4	true	
CODE:46cf	FUN_CODE_46cf	8	true	
CODE:46d7	FUN_CODE_46d7	6	true	
CODE:46dd	FUN_CODE_46dd	9	true	
CODE:46e6	FUN_CODE_46e6	12	true	
CODE:471f	FUN_CODE_471f	9	true	
CODE:4736	FUN_CODE_4736	3	true	
CODE:4739	FUN_CODE_4739	6	true	
CODE:4752	thunk_FUN_CODE_adf3	3	true	
CODE:4758	FUN_CODE_4758	7	true	
CODE:475f	FUN_CODE_475f	13	true	
CODE:476c	FUN_CODE_476c	12	true	
CODE:4780	thunk_FUN_CODE_ad49	3	true	
CODE:4789	FUN_CODE_4789	7	true	
CODE:4790	FUN_CODE_4790	10	true	
CODE:47a3	FUN_CODE_47a3	7	true	
CODE:47aa	FUN_CODE_47aa	86	true	
CODE:4800	FUN_CODE_4800	288	true	
CODE:4920	FUN_CODE_4920	207	true	
CODE:4a22	FUN_CODE_4a22	17	true	
CODE:4a33	FUN_CODE_4a33	12	true	
CODE:4a3f	FUN_CODE_4a3f	251	true	
CODE:4b3a	FUN_CODE_4b3a	18	true	
CODE:4b4c	FUN_CODE_4b4c	18	true	
CODE:4b5e	FUN_CODE_4b5e	178	true	
CODE:4c77	FUN_CODE_4c77	75	true	
CODE:4d85	FUN_CODE_4d85	167	true	
CODE:4e91	FUN_CODE_4e91	267	true	
CODE:4f9c	FUN_CODE_4f9c	98	true	
CODE:4ffe	FUN_CODE_4ffe	1	true	
CODE:4fff	FUN_CODE_4fff	1	true	
CODE:5000	FUN_CODE_5000	73	true	
CODE:5049	FUN_CODE_5049	21	true	
CODE:5062	FUN_CODE_5062	2	true	
CODE:5064	FUN_CODE_5064	7	true	
CODE:506b	FUN_CODE_506b	13	true	
CODE:5078	FUN_CODE_5078	3	true	
CODE:507b	FUN_CODE_507b	2	true	
CODE:507d	FUN_CODE_507d	8	true	
CODE:5085	FUN_CODE_5085	3	true	
CODE:5088	FUN_CODE_5088	10	true	
CODE:5092	FUN_CODE_5092	15	true	
CODE:50a1	FUN_CODE_50a1	7	true	
CODE:50a8	FUN_CODE_50a8	3	true	
CODE:50ab	FUN_CODE_50ab	10	true	
CODE:50c8	FUN_CODE_50c8	11	true	
CODE:50e1	FUN_CODE_50e1	13	true	
CODE:50ee	FUN_CODE_50ee	13	true	
CODE:50fb	FUN_CODE_50fb	250	true	
CODE:51f5	FUN_CODE_51f5	189	true	
CODE:52ef	FUN_CODE_52ef	248	true	
CODE:53e7	FUN_CODE_53e7	3	true	
CODE:53ea	thunk_FUN_CODE_adf3	3	true	
CODE:53f0	FUN_CODE_53f0	3	true	
CODE:53f3	FUN_CODE_53f3	1	true	
CODE:53f4	FUN_CODE_53f4	6	true	
CODE:53fa	FUN_CODE_53fa	22	true	
CODE:5410	FUN_CODE_5410	24	true	
CODE:5428	FUN_CODE_5428	13	true	
CODE:5435	FUN_CODE_5435	36	true	
CODE:5459	FUN_CODE_5459	16	true	
CODE:5469	FUN_CODE_5469	3	true	
CODE:546c	FUN_CODE_546c	13	true	
CODE:5479	FUN_CODE_5479	8	true	
CODE:5481	FUN_CODE_5481	3	true	
CODE:5484	FUN_CODE_5484	7	true	
CODE:548b	FUN_CODE_548b	12	true	
CODE:5497	FUN_CODE_5497	6	true	
CODE:549d	FUN_CODE_549d	13	true	
CODE:54aa	FUN_CODE_54aa	11	true	
CODE:54b5	FUN_CODE_54b5	10	true	
CODE:54bf	FUN_CODE_54bf	11	true	
CODE:54ca	FUN_CODE_54ca	6	true	
CODE:54d0	FUN_CODE_54d0	6	true	
CODE:54d6	FUN_CODE_54d6	128	true	
CODE:5561	FUN_CODE_5561	25	true	
CODE:557a	FUN_CODE_557a	22	true	
CODE:5590	FUN_CODE_5590	26	true	
CODE:55aa	FUN_CODE_55aa	22	true	
CODE:55c0	FUN_CODE_55c0	66	true	
CODE:5693	FUN_CODE_5693	6	true	
CODE:56a8	FUN_CODE_56a8	218	true	
CODE:5782	FUN_CODE_5782	10	true	
CODE:578c	FUN_CODE_578c	27	true	
CODE:58e1	FUN_CODE_58e1	223	true	
CODE:59c0	FUN_CODE_59c0	184	true	
CODE:5a9d	FUN_CODE_5a9d	202	true	
CODE:5b77	FUN_CODE_5b77	188	true	
CODE:5c33	FUN_CODE_5c33	9	true	
CODE:5c3c	FUN_CODE_5c3c	190	true	
CODE:5cfa	FUN_CODE_5cfa	189	true	
CODE:5db7	FUN_CODE_5db7	188	true	
CODE:5e73	FUN_CODE_5e73	64	true	
CODE:5f2c	FUN_CODE_5f2c	183	true	
CODE:5fe3	FUN_CODE_5fe3	29	true	
CODE:6000	FUN_CODE_6000	43	true	
CODE:60b4	FUN_CODE_60b4	174	true	
CODE:6162	FUN_CODE_6162	172	true	
CODE:620e	FUN_CODE_620e	7	true	
CODE:6215	FUN_CODE_6215	2	true	
CODE:6217	FUN_CODE_6217	7	true	
CODE:621e	FUN_CODE_621e	3	true	
CODE:6221	FUN_CODE_6221	10	true	
CODE:622b	FUN_CODE_622b	7	true	
CODE:6232	FUN_CODE_6232	2	true	
CODE:6234	FUN_CODE_6234	7	true	
CODE:6240	FUN_CODE_6240	8	true	
CODE:6248	FUN_CODE_6248	6	true	
CODE:624e	FUN_CODE_624e	7	true	
CODE:6255	FUN_CODE_6255	3	true	
CODE:6258	FUN_CODE_6258	11	true	
CODE:6263	FUN_CODE_6263	3	true	
CODE:6266	FUN_CODE_6266	7	true	
CODE:626d	FUN_CODE_626d	9	true	
CODE:6276	FUN_CODE_6276	13	true	
CODE:6283	FUN_CODE_6283	8	true	
CODE:628b	FUN_CODE_628b	1	true	
CODE:628c	FUN_CODE_628c	7	true	
CODE:6293	FUN_CODE_6293	11	true	
CODE:629e	FUN_CODE_629e	7	true	
CODE:62a5	thunk_FUN_CODE_adf3	3	true	
CODE:62ae	FUN_CODE_62ae	10	true	
CODE:62b8	FUN_CODE_62b8	169	true	
CODE:6361	FUN_CODE_6361	165	true	
CODE:6406	FUN_CODE_6406	155	true	
CODE:64a1	FUN_CODE_64a1	154	true	
CODE:653b	FUN_CODE_653b	152	true	
CODE:65d3	FUN_CODE_65d3	83	true	
CODE:666b	FUN_CODE_666b	120	true	
CODE:66fd	FUN_CODE_66fd	145	true	
CODE:678e	FUN_CODE_678e	113	true	
CODE:67ff	FUN_CODE_67ff	1	true	
CODE:6800	FUN_CODE_6800	120	true	
CODE:6891	FUN_CODE_6891	71	true	
CODE:691c	FUN_CODE_691c	135	true	
CODE:69a3	FUN_CODE_69a3	132	true	
CODE:6a27	FUN_CODE_6a27	132	true	
CODE:6aab	FUN_CODE_6aab	125	true	
CODE:6ba4	FUN_CODE_6ba4	119	true	
CODE:6c1b	FUN_CODE_6c1b	26	true	
CODE:6c35	FUN_CODE_6c35	93	true	
CODE:6c92	FUN_CODE_6c92	119	true	
CODE:6d09	FUN_CODE_6d09	111	true	
CODE:6d78	FUN_CODE_6d78	109	true	
CODE:6de5	FUN_CODE_6de5	108	true	
CODE:6e51	FUN_CODE_6e51	107	true	
CODE:6ebc	FUN_CODE_6ebc	107	true	
CODE:6f27	FUN_CODE_6f27	107	true	
CODE:6ffc	FUN_CODE_6ffc	4	true	
CODE:7000	FUN_CODE_7000	105	true	
CODE:7069	FUN_CODE_7069	104	true	
CODE:70d1	FUN_CODE_70d1	104	true	
CODE:71a0	FUN_CODE_71a0	103	true	
CODE:7207	FUN_CODE_7207	102	true	
CODE:726d	FUN_CODE_726d	102	true	
CODE:72d3	FUN_CODE_72d3	101	true	
CODE:7338	FUN_CODE_7338	90	true	
CODE:7398	FUN_CODE_7398	95	true	
CODE:73f7	FUN_CODE_73f7	13	true	
CODE:74b3	FUN_CODE_74b3	91	true	
CODE:750e	FUN_CODE_750e	90	true	
CODE:7568	FUN_CODE_7568	88	true	
CODE:75c0	FUN_CODE_75c0	86	true	
CODE:7616	FUN_CODE_7616	85	true	
CODE:766b	FUN_CODE_766b	84	true	
CODE:76bf	FUN_CODE_76bf	23	true	
CODE:76d6	FUN_CODE_76d6	22	true	
CODE:76ec	FUN_CODE_76ec	13	true	
CODE:770c	FUN_CODE_770c	6	true	
CODE:7712	FUN_CODE_7712	81	true	
CODE:7763	FUN_CODE_7763	81	true	
CODE:77b4	FUN_CODE_77b4	76	true	
CODE:7800	FUN_CODE_7800	80	true	
CODE:789f	FUN_CODE_789f	79	true	
CODE:78ee	FUN_CODE_78ee	76	true	
CODE:793a	FUN_CODE_793a	75	true	
CODE:7985	FUN_CODE_7985	75	true	
CODE:79d0	FUN_CODE_79d0	44	true	
CODE:7a1a	FUN_CODE_7a1a	72	true	
CODE:7a62	FUN_CODE_7a62	72	true	
CODE:7aaa	FUN_CODE_7aaa	72	true	
CODE:7af2	FUN_CODE_7af2	72	true	
CODE:7b3a	FUN_CODE_7b3a	72	true	
CODE:7b82	FUN_CODE_7b82	72	true	
CODE:7bca	FUN_CODE_7bca	71	true	
CODE:7c14	FUN_CODE_7c14	10	true	
CODE:7c57	FUN_CODE_7c57	69	true	
CODE:7ce1	FUN_CODE_7ce1	68	true	
CODE:7d25	FUN_CODE_7d25	68	true	
CODE:7d69	FUN_CODE_7d69	4	true	
CODE:7d6d	FUN_CODE_7d6d	5	true	
CODE:7d72	FUN_CODE_7d72	8	true	
CODE:7d7a	FUN_CODE_7d7a	9	true	
CODE:7d83	FUN_CODE_7d83	1	true	
CODE:7d84	FUN_CODE_7d84	7	true	
CODE:7d8b	FUN_CODE_7d8b	13	true	
CODE:7d98	FUN_CODE_7d98	7	true	
CODE:7d9f	FUN_CODE_7d9f	13	true	
CODE:7dac	FUN_CODE_7dac	67	true	
CODE:7def	FUN_CODE_7def	67	true	
CODE:7eb6	FUN_CODE_7eb6	65	true	
CODE:7ef7	FUN_CODE_7ef7	43	true	
CODE:7f77	FUN_CODE_7f77	63	true	
CODE:7fb6	FUN_CODE_7fb6	63	true	
CODE:7ff5	FUN_CODE_7ff5	11	true	
CODE:8000	FUN_CODE_8000	26	true	
CODE:803f	FUN_CODE_803f	63	true	
CODE:807e	FUN_CODE_807e	62	true	
CODE:80bc	FUN_CODE_80bc	61	true	
CODE:80f9	FUN_CODE_80f9	31	true	
CODE:8136	FUN_CODE_8136	61	true	
CODE:8173	FUN_CODE_8173	61	true	
CODE:81b0	FUN_CODE_81b0	61	true	
CODE:81ed	FUN_CODE_81ed	60	true	
CODE:8229	FUN_CODE_8229	60	true	
CODE:8265	FUN_CODE_8265	60	true	
CODE:82a1	FUN_CODE_82a1	8	true	
CODE:82a9	FUN_CODE_82a9	7	true	
CODE:82b0	FUN_CODE_82b0	13	true	
CODE:82bd	FUN_CODE_82bd	13	true	
CODE:82ca	FUN_CODE_82ca	12	true	
CODE:82d6	FUN_CODE_82d6	6	true	
CODE:82dc	FUN_CODE_82dc	59	true	
CODE:8317	FUN_CODE_8317	59	true	
CODE:8352	FUN_CODE_8352	59	true	
CODE:838d	FUN_CODE_838d	58	true	
CODE:83c7	FUN_CODE_83c7	13	true	
CODE:83d4	FUN_CODE_83d4	8	true	
CODE:83dc	FUN_CODE_83dc	11	true	
CODE:83e7	FUN_CODE_83e7	8	true	
CODE:83ef	FUN_CODE_83ef	2	true	
CODE:83f1	FUN_CODE_83f1	6	true	
CODE:83f7	FUN_CODE_83f7	10	true	
CODE:8401	FUN_CODE_8401	58	true	
CODE:843b	FUN_CODE_843b	57	true	
CODE:8474	FUN_CODE_8474	26	true	
CODE:848e	FUN_CODE_848e	19	true	
CODE:84a1	FUN_CODE_84a1	12	true	
CODE:84ad	FUN_CODE_84ad	57	true	
CODE:84e6	FUN_CODE_84e6	57	true	
CODE:851f	FUN_CODE_851f	57	true	
CODE:8558	FUN_CODE_8558	57	true	
CODE:8591	FUN_CODE_8591	51	true	
CODE:85c9	FUN_CODE_85c9	56	true	
CODE:8601	FUN_CODE_8601	55	true	
CODE:8638	FUN_CODE_8638	55	true	
CODE:866f	FUN_CODE_866f	54	true	
CODE:86a5	FUN_CODE_86a5	39	true	
CODE:86da	FUN_CODE_86da	52	true	
CODE:870e	FUN_CODE_870e	52	true	
CODE:8742	FUN_CODE_8742	52	true	
CODE:8776	FUN_CODE_8776	41	true	
CODE:879f	FUN_CODE_879f	11	true	
CODE:87aa	FUN_CODE_87aa	24	true	
CODE:87dd	FUN_CODE_87dd	35	true	
CODE:8800	FUN_CODE_8800	50	true	
CODE:8832	FUN_CODE_8832	50	true	
CODE:8864	FUN_CODE_8864	49	true	
CODE:8895	FUN_CODE_8895	48	true	
CODE:88c5	FUN_CODE_88c5	48	true	
CODE:88f5	FUN_CODE_88f5	8	true	
CODE:88fd	FUN_CODE_88fd	3	true	
CODE:8900	FUN_CODE_8900	9	true	
CODE:8909	FUN_CODE_8909	8	true	
CODE:8911	FUN_CODE_8911	10	true	
CODE:8925	FUN_CODE_8925	47	true	
CODE:8954	FUN_CODE_8954	47	true	
CODE:8983	FUN_CODE_8983	34	true	
CODE:89b2	FUN_CODE_89b2	46	true	
CODE:89e0	FUN_CODE_89e0	46	true	
CODE:8a0e	FUN_CODE_8a0e	45	true	
CODE:8a3b	FUN_CODE_8a3b	45	true	
CODE:8a68	FUN_CODE_8a68	45	true	
CODE:8a95	FUN_CODE_8a95	45	true	
CODE:8ac2	FUN_CODE_8ac2	25	true	
CODE:8b1b	FUN_CODE_8b1b	5	true	
CODE:8b24	FUN_CODE_8b24	7	true	
CODE:8b2b	FUN_CODE_8b2b	16	true	
CODE:8b3b	FUN_CODE_8b3b	5	true	
CODE:8b40	FUN_CODE_8b40	7	true	
CODE:8b47	FUN_CODE_8b47	43	true	
CODE:8b72	FUN_CODE_8b72	43	true	
CODE:8b9d	FUN_CODE_8b9d	43	true	
CODE:8bc8	FUN_CODE_8bc8	43	true	
CODE:8bf3	FUN_CODE_8bf3	31	true	
CODE:8c1e	FUN_CODE_8c1e	43	true	
CODE:8c9d	FUN_CODE_8c9d	42	true	
CODE:8cc7	FUN_CODE_8cc7	41	true	
CODE:8d19	FUN_CODE_8d19	41	true	
CODE:8d42	FUN_CODE_8d42	41	true	
CODE:8d6b	FUN_CODE_8d6b	40	true	
CODE:8d93	FUN_CODE_8d93	40	true	
CODE:8dbb	FUN_CODE_8dbb	40	true	
CODE:8de3	FUN_CODE_8de3	40	true	
CODE:8e0b	FUN_CODE_8e0b	26	true	
CODE:8e33	FUN_CODE_8e33	40	true	
CODE:8e5a	FUN_CODE_8e5a	39	true	
CODE:8e81	FUN_CODE_8e81	38	true	
CODE:8ea7	FUN_CODE_8ea7	38	true	
CODE:8ecd	FUN_CODE_8ecd	38	true	
CODE:8ef3	FUN_CODE_8ef3	38	true	
CODE:8f19	FUN_CODE_8f19	38	true	
CODE:8f3f	FUN_CODE_8f3f	37	true	
CODE:8f64	FUN_CODE_8f64	35	true	
CODE:8f87	FUN_CODE_8f87	35	true	
CODE:8faa	FUN_CODE_8faa	35	true	
CODE:8fcd	FUN_CODE_8fcd	35	true	
CODE:8ff0	FUN_CODE_8ff0	16	true	
CODE:9000	FUN_CODE_9000	35	true	
CODE:9023	FUN_CODE_9023	35	true	
CODE:9046	FUN_CODE_9046	35	true	
CODE:908c	FUN_CODE_908c	28	true	
CODE:90d1	FUN_CODE_90d1	34	true	
CODE:90f3	FUN_CODE_90f3	34	true	
CODE:9115	FUN_CODE_9115	34	true	
CODE:9137	FUN_CODE_9137	34	true	
CODE:9159	FUN_CODE_9159	34	true	
CODE:917b	FUN_CODE_917b	18	true	
CODE:919d	FUN_CODE_919d	33	true	
CODE:91be	FUN_CODE_91be	33	true	
CODE:91df	FUN_CODE_91df	33	true	
CODE:9200	FUN_CODE_9200	14	true	
CODE:9221	FUN_CODE_9221	32	true	
CODE:9241	FUN_CODE_9241	32	true	
CODE:9261	FUN_CODE_9261	32	true	
CODE:9281	FUN_CODE_9281	32	true	
CODE:92a1	FUN_CODE_92a1	32	true	
CODE:92c1	FUN_CODE_92c1	32	true	
CODE:92e1	FUN_CODE_92e1	32	true	
CODE:9301	FUN_CODE_9301	32	true	
CODE:9321	FUN_CODE_9321	31	true	
CODE:9340	FUN_CODE_9340	31	true	
CODE:9379	FUN_CODE_9379	5	true	
CODE:937e	FUN_CODE_937e	31	true	
CODE:939d	FUN_CODE_939d	31	true	
CODE:93bc	FUN_CODE_93bc	31	true	
CODE:93db	FUN_CODE_93db	31	true	
CODE:93fa	FUN_CODE_93fa	30	true	
CODE:9436	FUN_CODE_9436	30	true	
CODE:9454	FUN_CODE_9454	30	true	
CODE:9472	FUN_CODE_9472	30	true	
CODE:9490	FUN_CODE_9490	30	true	
CODE:94ae	FUN_CODE_94ae	30	true	
CODE:94cc	FUN_CODE_94cc	30	true	
CODE:94ea	FUN_CODE_94ea	30	true	
CODE:9508	FUN_CODE_9508	30	true	
CODE:9526	FUN_CODE_9526	30	true	
CODE:9544	FUN_CODE_9544	16	true	
CODE:9554	FUN_CODE_9554	13	true	
CODE:9561	FUN_CODE_9561	29	true	
CODE:957e	FUN_CODE_957e	29	true	
CODE:959b	FUN_CODE_959b	29	true	
CODE:95b8	FUN_CODE_95b8	29	true	
CODE:95d5	FUN_CODE_95d5	22	true	
CODE:95f2	FUN_CODE_95f2	28	true	
CODE:960e	FUN_CODE_960e	28	true	
CODE:962a	FUN_CODE_962a	27	true	
CODE:9645	FUN_CODE_9645	27	true	
CODE:967b	FUN_CODE_967b	27	true	
CODE:9696	FUN_CODE_9696	27	true	
CODE:96b1	FUN_CODE_96b1	26	true	
CODE:96cb	FUN_CODE_96cb	26	true	
CODE:96e5	FUN_CODE_96e5	26	true	
CODE:96ff	FUN_CODE_96ff	26	true	
CODE:9719	FUN_CODE_9719	26	true	
CODE:9733	FUN_CODE_9733	26	true	
CODE:974d	FUN_CODE_974d	26	true	
CODE:9767	FUN_CODE_9767	26	true	
CODE:9781	FUN_CODE_9781	25	true	
CODE:979a	FUN_CODE_979a	25	true	
CODE:97b3	FUN_CODE_97b3	25	true	
CODE:97cc	FUN_CODE_97cc	15	true	
CODE:97db	FUN_CODE_97db	2	true	
CODE:97dd	FUN_CODE_97dd	8	true	
CODE:97e5	FUN_CODE_97e5	25	true	
CODE:97ff	FUN_CODE_97ff	1	true	
CODE:9800	FUN_CODE_9800	25	true	
CODE:9819	FUN_CODE_9819	25	true	
CODE:9832	FUN_CODE_9832	25	true	
CODE:984b	FUN_CODE_984b	25	true	
CODE:9864	FUN_CODE_9864	24	true	
CODE:987c	FUN_CODE_987c	24	true	
CODE:9894	FUN_CODE_9894	24	true	
CODE:98dc	FUN_CODE_98dc	24	true	
CODE:98f4	FUN_CODE_98f4	24	true	
CODE:990c	FUN_CODE_990c	24	true	
CODE:9924	FUN_CODE_9924	24	true	
CODE:993c	FUN_CODE_993c	24	true	
CODE:9954	FUN_CODE_9954	24	true	
CODE:996c	FUN_CODE_996c	23	true	
CODE:9983	FUN_CODE_9983	23	true	
CODE:999a	FUN_CODE_999a	12	true	
CODE:99b1	FUN_CODE_99b1	12	true	
CODE:99c8	FUN_CODE_99c8	23	true	
CODE:99df	FUN_CODE_99df	23	true	
CODE:99f6	FUN_CODE_99f6	23	true	
CODE:9a0d	FUN_CODE_9a0d	22	true	
CODE:9a23	FUN_CODE_9a23	22	true	
CODE:9a39	FUN_CODE_9a39	22	true	
CODE:9a4f	FUN_CODE_9a4f	22	true	
CODE:9a65	FUN_CODE_9a65	22	true	
CODE:9a7b	FUN_CODE_9a7b	22	true	
CODE:9a91	FUN_CODE_9a91	22	true	
CODE:9aa7	FUN_CODE_9aa7	22	true	
CODE:9abd	FUN_CODE_9abd	22	true	
CODE:9ad3	FUN_CODE_9ad3	21	true	
CODE:9ae8	FUN_CODE_9ae8	21	true	
CODE:9afd	FUN_CODE_9afd	21	true	
CODE:9b12	FUN_CODE_9b12	21	true	
CODE:9b27	FUN_CODE_9b27	21	true	
CODE:9b3c	FUN_CODE_9b3c	21	true	
CODE:9b51	FUN_CODE_9b51	21	true	
CODE:9b66	FUN_CODE_9b66	21	true	
CODE:9b7b	FUN_CODE_9b7b	20	true	
CODE:9b8f	FUN_CODE_9b8f	20	true	
CODE:9ba3	FUN_CODE_9ba3	20	true	
CODE:9bb7	FUN_CODE_9bb7	20	true	
CODE:9bcb	FUN_CODE_9bcb	20	true	
CODE:9bdf	FUN_CODE_9bdf	20	true	
CODE:9bf3	FUN_CODE_9bf3	20	true	
CODE:9c07	FUN_CODE_9c07	20	true	
CODE:9c1b	FUN_CODE_9c1b	20	true	
CODE:9c2f	FUN_CODE_9c2f	10	true	
CODE:9c39	FUN_CODE_9c39	10	true	
CODE:9c43	FUN_CODE_9c43	20	true	
CODE:9c57	FUN_CODE_9c57	20	true	
CODE:9c6b	FUN_CODE_9c6b	19	true	
CODE:9c7e	FUN_CODE_9c7e	19	true	
CODE:9c91	FUN_CODE_9c91	19	true	
CODE:9cb7	FUN_CODE_9cb7	19	true	
CODE:9cca	FUN_CODE_9cca	19	true	
CODE:9cdd	FUN_CODE_9cdd	19	true	
CODE:9cf0	FUN_CODE_9cf0	19	true	
CODE:9d03	FUN_CODE_9d03	19	true	
CODE:9d16	FUN_CODE_9d16	19	true	
CODE:9d3c	FUN_CODE_9d3c	19	true	
CODE:9d4f	FUN_CODE_9d4f	18	true	
CODE:9d61	FUN_CODE_9d61	18	true	
CODE:9d73	FUN_CODE_9d73	18	true	
CODE:9d85	FUN_CODE_9d85	18	true	
CODE:9d97	FUN_CODE_9d97	18	true	
CODE:9dbb	FUN_CODE_9dbb	18	true	
CODE:9dcd	FUN_CODE_9dcd	18	true	
CODE:9ddf	FUN_CODE_9ddf	18	true	
CODE:9df1	FUN_CODE_9df1	18	true	
CODE:9e03	FUN_CODE_9e03	18	true	
CODE:9e15	FUN_CODE_9e15	18	true	
CODE:9e27	FUN_CODE_9e27	17	true	
CODE:9e38	FUN_CODE_9e38	17	true	
CODE:9e49	FUN_CODE_9e49	16	true	
CODE:9e59	FUN_CODE_9e59	16	true	
CODE:9e69	FUN_CODE_9e69	16	true	
CODE:9e79	FUN_CODE_9e79	16	true	
CODE:9e89	FUN_CODE_9e89	16	true	
CODE:9e99	FUN_CODE_9e99	16	true	
CODE:9ea9	FUN_CODE_9ea9	16	true	
CODE:9eb9	FUN_CODE_9eb9	16	true	
CODE:9ec9	FUN_CODE_9ec9	16	true	
CODE:9ee9	FUN_CODE_9ee9	16	true	
CODE:9ef9	FUN_CODE_9ef9	16	true	
CODE:9f09	FUN_CODE_9f09	16	true	
CODE:9f19	FUN_CODE_9f19	16	true	
CODE:9f29	FUN_CODE_9f29	16	true	
CODE:9f39	FUN_CODE_9f39	16	true	
CODE:9f49	FUN_CODE_9f49	16	true	
CODE:9f59	FUN_CODE_9f59	16	true	
CODE:9f69	FUN_CODE_9f69	16	true	
CODE:9f79	FUN_CODE_9f79	16	true	
CODE:9f89	FUN_CODE_9f89	16	true	
CODE:9f99	FUN_CODE_9f99	16	true	
CODE:9fa9	FUN_CODE_9fa9	16	true	
CODE:9fb9	FUN_CODE_9fb9	16	true	
CODE:9fc9	FUN_CODE_9fc9	16	true	
CODE:9fd9	FUN_CODE_9fd9	16	true	
CODE:9fe9	FUN_CODE_9fe9	15	true	
CODE:9ff8	FUN_CODE_9ff8	8	true	
CODE:a000	FUN_CODE_a000	15	true	
CODE:a00f	FUN_CODE_a00f	15	true	
CODE:a01e	FUN_CODE_a01e	15	true	
CODE:a02d	FUN_CODE_a02d	15	true	
CODE:a03c	FUN_CODE_a03c	15	true	
CODE:a04b	FUN_CODE_a04b	15	true	
CODE:a05a	FUN_CODE_a05a	15	true	
CODE:a069	FUN_CODE_a069	14	true	
CODE:a077	FUN_CODE_a077	14	true	
CODE:a085	FUN_CODE_a085	14	true	
CODE:a093	FUN_CODE_a093	14	true	
CODE:a0a1	FUN_CODE_a0a1	14	true	
CODE:a0af	FUN_CODE_a0af	14	true	
CODE:a0bd	FUN_CODE_a0bd	14	true	
CODE:a0cb	FUN_CODE_a0cb	14	true	
CODE:a0d9	FUN_CODE_a0d9	14	true	
CODE:a0e7	FUN_CODE_a0e7	14	true	
CODE:a0f5	FUN_CODE_a0f5	14	true	
CODE:a103	FUN_CODE_a103	14	true	
CODE:a111	FUN_CODE_a111	14	true	
CODE:a11f	FUN_CODE_a11f	13	true	
CODE:a12c	FUN_CODE_a12c	13	true	
CODE:a139	FUN_CODE_a139	13	true	
CODE:a146	FUN_CODE_a146	13	true	
CODE:a153	FUN_CODE_a153	13	true	
CODE:a160	FUN_CODE_a160	13	true	
CODE:a16d	FUN_CODE_a16d	13	true	
CODE:a17a	FUN_CODE_a17a	13	true	
CODE:a187	FUN_CODE_a187	12	true	
CODE:a193	FUN_CODE_a193	12	true	
CODE:a19f	FUN_CODE_a19f	12	true	
CODE:a1ab	FUN_CODE_a1ab	12	true	
CODE:a1b7	FUN_CODE_a1b7	12	true	
CODE:a1c3	FUN_CODE_a1c3	12	true	
CODE:a1cf	FUN_CODE_a1cf	12	true	
CODE:a1db	FUN_CODE_a1db	12	true	
CODE:a1e7	FUN_CODE_a1e7	12	true	
CODE:a1f3	FUN_CODE_a1f3	12	true	
CODE:a1ff	FUN_CODE_a1ff	12	true	
CODE:a20b	FUN_CODE_a20b	12	true	
CODE:a217	FUN_CODE_a217	12	true	
CODE:a223	FUN_CODE_a223	12	true	
CODE:a22f	FUN_CODE_a22f	12	true	
CODE:a23b	FUN_CODE_a23b	12	true	
CODE:a247	FUN_CODE_a247	12	true	
CODE:a253	FUN_CODE_a253	12	true	
CODE:a25f	FUN_CODE_a25f	12	true	
CODE:a26b	FUN_CODE_a26b	12	true	
CODE:a277	FUN_CODE_a277	12	true	
CODE:a283	FUN_CODE_a283	12	true	
CODE:a28f	FUN_CODE_a28f	12	true	
CODE:a29b	FUN_CODE_a29b	12	true	
CODE:a2a7	FUN_CODE_a2a7	12	true	
CODE:a2b3	FUN_CODE_a2b3	12	true	
CODE:a2bf	FUN_CODE_a2bf	12	true	
CODE:a2cb	FUN_CODE_a2cb	12	true	
CODE:a2d7	FUN_CODE_a2d7	12	true	
CODE:a2e3	FUN_CODE_a2e3	12	true	
CODE:a2ef	FUN_CODE_a2ef	12	true	
CODE:a2fb	FUN_CODE_a2fb	12	true	
CODE:a307	FUN_CODE_a307	12	true	
CODE:a313	FUN_CODE_a313	12	true	
CODE:a31f	FUN_CODE_a31f	11	true	
CODE:a32a	FUN_CODE_a32a	11	true	
CODE:a335	FUN_CODE_a335	11	true	
CODE:a340	FUN_CODE_a340	11	true	
CODE:a34b	FUN_CODE_a34b	11	true	
CODE:a356	FUN_CODE_a356	11	true	
CODE:a361	FUN_CODE_a361	11	true	
CODE:a36c	FUN_CODE_a36c	11	true	
CODE:a377	FUN_CODE_a377	11	true	
CODE:a382	FUN_CODE_a382	11	true	
CODE:a38d	FUN_CODE_a38d	11	true	
CODE:a398	FUN_CODE_a398	11	true	
CODE:a3a3	FUN_CODE_a3a3	11	true	
CODE:a3ae	FUN_CODE_a3ae	11	true	
CODE:a3b9	FUN_CODE_a3b9	11	true	
CODE:a3c4	FUN_CODE_a3c4	11	true	
CODE:a3cf	FUN_CODE_a3cf	11	true	
CODE:a3da	FUN_CODE_a3da	11	true	
CODE:a3e5	FUN_CODE_a3e5	3	true	
CODE:a3e8	FUN_CODE_a3e8	7	true	
CODE:a3ef	FUN_CODE_a3ef	10	true	
CODE:a3f9	FUN_CODE_a3f9	10	true	
CODE:a403	FUN_CODE_a403	10	true	
CODE:a40d	FUN_CODE_a40d	10	true	
CODE:a417	FUN_CODE_a417	10	true	
CODE:a421	FUN_CODE_a421	10	true	
CODE:a42b	FUN_CODE_a42b	10	true	
CODE:a435	FUN_CODE_a435	10	true	
CODE:a449	FUN_CODE_a449	10	true	
CODE:a453	FUN_CODE_a453	10	true	
CODE:a45d	FUN_CODE_a45d	10	true	
CODE:a467	FUN_CODE_a467	10	true	
CODE:a471	FUN_CODE_a471	10	true	
CODE:a47b	FUN_CODE_a47b	10	true	
CODE:a485	FUN_CODE_a485	10	true	
CODE:a48f	FUN_CODE_a48f	10	true	
CODE:a499	FUN_CODE_a499	10	true	
CODE:a4a3	FUN_CODE_a4a3	10	true	
CODE:a4ad	FUN_CODE_a4ad	10	true	
CODE:a4b7	FUN_CODE_a4b7	10	true	
CODE:a4c1	FUN_CODE_a4c1	10	true	
CODE:a4cb	FUN_CODE_a4cb	10	true	
CODE:a4d5	FUN_CODE_a4d5	10	true	
CODE:a4df	FUN_CODE_a4df	10	true	
CODE:a4e9	FUN_CODE_a4e9	10	true	
CODE:a4f3	FUN_CODE_a4f3	10	true	
CODE:a4fd	FUN_CODE_a4fd	9	true	
CODE:a506	FUN_CODE_a506	9	true	
CODE:a50f	FUN_CODE_a50f	9	true	
CODE:a518	FUN_CODE_a518	9	true	
CODE:a521	FUN_CODE_a521	9	true	
CODE:a52a	FUN_CODE_a52a	9	true	
CODE:a533	FUN_CODE_a533	9	true	
CODE:a53c	FUN_CODE_a53c	9	true	
CODE:a545	FUN_CODE_a545	9	true	
CODE:a54e	FUN_CODE_a54e	9	true	
CODE:a557	FUN_CODE_a557	9	true	
CODE:a560	FUN_CODE_a560	9	true	
CODE:a569	FUN_CODE_a569	9	true	
CODE:a572	FUN_CODE_a572	9	true	
CODE:a57b	FUN_CODE_a57b	9	true	
CODE:a584	FUN_CODE_a584	9	true	
CODE:a58d	FUN_CODE_a58d	8	true	
CODE:a595	FUN_CODE_a595	8	true	
CODE:a59d	FUN_CODE_a59d	8	true	
CODE:a5a5	FUN_CODE_a5a5	8	true	
CODE:a5b5	FUN_CODE_a5b5	8	true	
CODE:a5bd	FUN_CODE_a5bd	8	true	
CODE:a5c5	FUN_CODE_a5c5	8	true	
CODE:a5cd	FUN_CODE_a5cd	8	true	
CODE:a5d5	FUN_CODE_a5d5	8	true	
CODE:a5dd	FUN_CODE_a5dd	7	true	
CODE:a5e4	FUN_CODE_a5e4	7	true	
CODE:a5eb	FUN_CODE_a5eb	7	true	
CODE:a5f2	FUN_CODE_a5f2	7	true	
CODE:a5f9	FUN_CODE_a5f9	7	true	
CODE:a600	FUN_CODE_a600	7	true	
CODE:a607	FUN_CODE_a607	7	true	
CODE:a60e	FUN_CODE_a60e	7	true	
CODE:a615	FUN_CODE_a615	7	true	
CODE:a61c	FUN_CODE_a61c	7	true	
CODE:a623	FUN_CODE_a623	7	true	
CODE:a62a	FUN_CODE_a62a	7	true	
CODE:a631	FUN_CODE_a631	7	true	
CODE:a638	FUN_CODE_a638	7	true	
CODE:a63f	FUN_CODE_a63f	7	true	
CODE:a646	FUN_CODE_a646	7	true	
CODE:a64d	FUN_CODE_a64d	7	true	
CODE:a654	FUN_CODE_a654	7	true	
CODE:a65b	FUN_CODE_a65b	7	true	
CODE:a662	FUN_CODE_a662	7	true	
CODE:a669	FUN_CODE_a669	7	true	
CODE:a670	FUN_CODE_a670	7	true	
CODE:a677	FUN_CODE_a677	7	true	
CODE:a67e	FUN_CODE_a67e	7	true	
CODE:a685	FUN_CODE_a685	7	true	
CODE:a68c	FUN_CODE_a68c	7	true	
CODE:a693	FUN_CODE_a693	7	true	
CODE:a69a	FUN_CODE_a69a	7	true	
CODE:a6a1	FUN_CODE_a6a1	7	true	
CODE:a6a8	FUN_CODE_a6a8	7	true	
CODE:a6af	FUN_CODE_a6af	6	true	
CODE:a6b5	FUN_CODE_a6b5	6	true	
CODE:a6bb	FUN_CODE_a6bb	6	true	
CODE:a6c1	FUN_CODE_a6c1	6	true	
CODE:a6c7	FUN_CODE_a6c7	6	true	
CODE:a6cd	FUN_CODE_a6cd	6	true	
CODE:a6d3	FUN_CODE_a6d3	6	true	
CODE:a6d9	FUN_CODE_a6d9	6	true	
CODE:a6df	FUN_CODE_a6df	6	true	
CODE:a6e5	FUN_CODE_a6e5	6	true	
CODE:a6eb	FUN_CODE_a6eb	6	true	
CODE:a6f1	FUN_CODE_a6f1	6	true	
CODE:a6f7	FUN_CODE_a6f7	6	true	
CODE:a6fd	FUN_CODE_a6fd	6	true	
CODE:a703	FUN_CODE_a703	6	true	
CODE:a709	FUN_CODE_a709	6	true	
CODE:a70f	FUN_CODE_a70f	6	true	
CODE:a715	FUN_CODE_a715	6	true	
CODE:a71b	FUN_CODE_a71b	6	true	
CODE:a721	FUN_CODE_a721	6	true	
CODE:a727	FUN_CODE_a727	6	true	
CODE:a72d	FUN_CODE_a72d	6	true	
CODE:a733	FUN_CODE_a733	6	true	
CODE:a739	FUN_CODE_a739	6	true	
CODE:a73f	FUN_CODE_a73f	6	true	
CODE:a745	FUN_CODE_a745	6	true	
CODE:a74b	FUN_CODE_a74b	6	true	
CODE:a751	FUN_CODE_a751	6	true	
CODE:a757	FUN_CODE_a757	6	true	
CODE:a75d	FUN_CODE_a75d	6	true	
CODE:a763	FUN_CODE_a763	6	true	
CODE:a769	FUN_CODE_a769	6	true	
CODE:a76f	FUN_CODE_a76f	6	true	
CODE:a775	FUN_CODE_a775	6	true	
CODE:a77b	FUN_CODE_a77b	6	true	
CODE:a781	FUN_CODE_a781	5	true	
CODE:a786	FUN_CODE_a786	5	true	
CODE:a78b	FUN_CODE_a78b	5	true	
CODE:a790	FUN_CODE_a790	5	true	
CODE:a7a4	FUN_CODE_a7a4	5	true	
CODE:a7a9	FUN_CODE_a7a9	5	true	
CODE:a7ae	FUN_CODE_a7ae	5	true	
CODE:a7b3	FUN_CODE_a7b3	5	true	
CODE:a7b8	FUN_CODE_a7b8	4	true	
CODE:a7bc	FUN_CODE_a7bc	4	true	
CODE:a7c0	FUN_CODE_a7c0	3	true	
CODE:a7c3	FUN_CODE_a7c3	3	true	
CODE:a7c6	thunk_FUN_CODE_8832	3	true	
CODE:a7c9	thunk_FUN_CODE_9bcb	3	true	
CODE:a7cc	thunk_FUN_CODE_999a	3	true	
CODE:a7cf	thunk_FUN_CODE_86a5	3	true	
CODE:a7d5	thunk_FUN_CODE_80f9	3	true	
CODE:a7d8	thunk_FUN_CODE_a00f	3	true	
CODE:a7db	thunk_FUN_CODE_170e	3	true	
CODE:a7de	thunk_FUN_CODE_7bca	3	true	
CODE:a7e1	thunk_FUN_CODE_90f3	3	true	
CODE:a7e4	thunk_FUN_CODE_a557	3	true	
CODE:a7e7	thunk_FUN_CODE_a560	3	true	
CODE:a7ea	thunk_FUN_CODE_9b27	3	true	
CODE:a7ed	thunk_FUN_CODE_99b1	3	true	
CODE:a7f0	FUN_CODE_a7f0	3	true	
CODE:a7f3	FUN_CODE_a7f3	3	true	
CODE:a7f6	FUN_CODE_a7f6	3	true	
CODE:a7f9	FUN_CODE_a7f9	3	true	
CODE:a7fc	FUN_CODE_a7fc	3	true	
CODE:a800	thunk_FUN_CODE_a19f	3	true	
CODE:a803	thunk_FUN_CODE_102e	3	true	
CODE:a806	thunk_FUN_CODE_103e	3	true	
CODE:a809	thunk_FUN_CODE_1046	3	true	
CODE:a80c	thunk_FUN_CODE_7bca	3	true	
CODE:a812	FUN_CODE_a812	3	true	
CODE:a815	thunk_FUN_CODE_90f3	3	true	
CODE:a818	thunk_FUN_CODE_9b27	3	true	
CODE:a81b	thunk_FUN_CODE_99b1	3	true	
CODE:a81e	thunk_FUN_CODE_999a	3	true	
CODE:a824	thunk_FUN_CODE_86a5	3	true	
CODE:a827	thunk_FUN_CODE_80f9	3	true	
CODE:a82a	thunk_FUN_CODE_9bcb	3	true	
CODE:a82d	thunk_FUN_CODE_a00f	3	true	
CODE:a830	thunk_FUN_CODE_170e	3	true	
CODE:a833	thunk_FUN_CODE_9281	3	true	
CODE:a836	thunk_FUN_CODE_a45d	3	true	
CODE:a839	thunk_FUN_CODE_a0f5	3	true	
CODE:a83e	FUN_CODE_a83e	8	true	
CODE:a846	FUN_CODE_a846	8	true	
CODE:a84e	FUN_CODE_a84e	12	true	
CODE:a85a	FUN_CODE_a85a	8	true	
CODE:a862	FUN_CODE_a862	8	true	
CODE:a86a	FUN_CODE_a86a	12	true	
CODE:a876	FUN_CODE_a876	12	true	
CODE:a882	FUN_CODE_a882	19	true	
CODE:a88e	thunk_FUN_CODE_a862	2	true	
CODE:a90e	FUN_CODE_a90e	38	true	
CODE:a934	FUN_CODE_a934	25	true	
CODE:a94d	FUN_CODE_a94d	45	true	
CODE:a97a	FUN_CODE_a97a	34	true	
CODE:a99c	FUN_CODE_a99c	18	true	
CODE:a9ae	FUN_CODE_a9ae	34	true	
CODE:a9d0	FUN_CODE_a9d0	18	true	
CODE:a9e2	FUN_CODE_a9e2	85	true	
CODE:aa37	FUN_CODE_aa37	54	true	
CODE:aa6d	FUN_CODE_aa6d	22	true	
CODE:aa83	FUN_CODE_aa83	22	true	
CODE:aa99	FUN_CODE_aa99	43	true	
CODE:aac4	FUN_CODE_aac4	56	true	
CODE:aafc	FUN_CODE_aafc	77	true	
CODE:ab49	FUN_CODE_ab49	31	true	
CODE:ab68	FUN_CODE_ab68	45	true	
CODE:ab95	FUN_CODE_ab95	13	true	
CODE:aba2	FUN_CODE_aba2	79	true	
CODE:ac2d	FUN_CODE_ac2d	206	true	
CODE:acbf	FUN_CODE_acbf	13	true	
CODE:accc	FUN_CODE_accc	17	true	
CODE:acdd	FUN_CODE_acdd	19	true	
CODE:acf0	FUN_CODE_acf0	19	true	
CODE:ad03	FUN_CODE_ad03	32	true	
CODE:ad23	FUN_CODE_ad23	26	true	
CODE:ad3d	FUN_CODE_ad3d	12	true	
CODE:ad49	FUN_CODE_ad49	12	true	
CODE:ad55	FUN_CODE_ad55	12	true	
CODE:ad61	FUN_CODE_ad61	12	true	
CODE:ad6d	FUN_CODE_ad6d	12	true	
CODE:ad79	FUN_CODE_ad79	25	true	
CODE:ad92	FUN_CODE_ad92	23	true	
CODE:ada9	FUN_CODE_ada9	26	true	
CODE:adc3	FUN_CODE_adc3	36	true	
CODE:ade7	FUN_CODE_ade7	12	true	
CODE:adf3	FUN_CODE_adf3	9	true	
CODE:adfc	FUN_CODE_adfc	23	true	
CODE:ae13	FUN_CODE_ae13	23	true	
CODE:ae2a	FUN_CODE_ae2a	9	true	
CODE:ae33	FUN_CODE_ae33	32	true	
CODE:ae53	FUN_CODE_ae53	38	true	
CODE:aeaa	FUN_CODE_aeaa	2	true	
CODE:aeac	FUN_CODE_aeac	36	true	
CODE:aed0	FUN_CODE_aed0	45	true	
CODE:aefd	FUN_CODE_aefd	44	true	
CODE:af29	FUN_CODE_af29	12	true	
CODE:af35	FUN_CODE_af35	16	true	
CODE:af45	FUN_CODE_af45	12	true	
CODE:af51	FUN_CODE_af51	25	true	
CODE:af6a	FUN_CODE_af6a	9	true	
CODE:af73	FUN_CODE_af73	9	true	
CODE:af7c	FUN_CODE_af7c	12	true	
CODE:af88	runtime_start	146	true	
