ram:00008dea	experimental	
ram:00008df8	Firmware Revision	
ram:00008e0c	Hardware Revision	
ram:00008e20	Manufacturer Name	
ram:00008e34	Model Number	
ram:00008e44	Serial Number	
ram:00008e54	Software Revision	
ram:00008e68	CH58x_BLE_LIB_V1.8	ble_lib_init
ram:00008e9c	%d,%d,%d,%d\n	ws2812_rx_decode
ram:00008eac	------------%d,%d\n	ws2812_rx_decode
ram:00008ec0	GRB:(%d,%d,%d)	rgb_led_set_grb
ram:00008f0c	Data-%x:	debug_hexdump
ram:00009020	TypeRspAnalysis	central_task_event
ram:00009030	%02x 	central_task_event
ram:00009038	ReadcentralCharHdl:%x\n	central_task_event
ram:00009050	----------------Analysis------------------	hid_report_map_parse
ram:0000907c	------USAGE_PAGE:Generic Desktop--------	hid_report_map_parse
ram:000090a8	-GLOBAL_LOG_MIN:%x-\n	hid_report_map_parse
ram:000090c0	-GLOBAL_LOG_MAX:%x-\n	hid_report_map_parse
ram:000090d8	-GLOBAL_PHY_MIN:%x-\n	hid_report_map_parse
ram:000090f0	-GLOBAL_PHY_MAX:%x-\n	hid_report_map_parse
ram:00009108	-GLOBAL_REPORT_SIZE:%x-\n	hid_report_map_parse
ram:00009124	-GLOBAL_REPORT_ID:%x-\n	hid_report_map_parse
ram:0000913c	-GLOBAL_REPORT_CNT:%x-\n	hid_report_map_parse
ram:00009154	Collection: 	hid_report_map_parse
ram:00009164	End Collection	hid_report_map_parse
ram:00009174	Input: 	hid_report_map_parse
ram:0000917c	Output: 	hid_report_map_parse
ram:00009188	------END_COLLECTION--------	hid_report_map_parse
ram:000091a8	Button:%x,Wheel:%x,Num:%x\n	hid_report_map_parse
ram:000091c4	16-bit UUID: 0x%04X\n	adv_report_parse
ram:000091dc	16-bit ad_type: %x\n	adv_report_parse
ram:000091f0	Manufacturer Data Len:%d\n	adv_report_parse
ram:0000920c	%02X 	adv_report_parse
ram:00009280	efgEFG	FUN_ram_00008402
ram:00009288	0123456789ABCDEF	FUN_ram_000087aa
ram:0000929c	0123456789abcdef	
ram:20002e9e	MP305B	periph_task_event
