addr	name	size	ncallers	callers	callees
CODE:104e	FUN_CODE_104e	37	1	CODE:793a	FUN_CODE_8bc8,FUN_CODE_9924,FUN_CODE_9e59,FUN_CODE_a7a4
CODE:1076	FUN_CODE_1076	5	1	CODE:996c	
CODE:107e	FUN_CODE_107e	5	1	CODE:a253	
CODE:1086	FUN_CODE_1086	5	1	CODE:6f27	
CODE:108e	FUN_CODE_108e	5	1	CODE:6f27	
CODE:1096	FUN_CODE_1096	5	1	CODE:89b2	
CODE:109e	FUN_CODE_109e	5	3	CODE:8864,CODE:88c5,CODE:a5f2	FUN_CODE_1e8d
CODE:10a6	FUN_CODE_10a6	5	1	CODE:843b	
CODE:10ae	FUN_CODE_10ae	5	1	CODE:7a62	
CODE:1d23	FUN_CODE_1d23	7	1	CODE:6406	
CODE:1d2a	FUN_CODE_1d2a	8	1	CODE:6406	
CODE:1e0a	FUN_CODE_1e0a	17	1	CODE:6406	
CODE:1e41	FUN_CODE_1e41	7	1	CODE:7a62	
CODE:1e48	FUN_CODE_1e48	7	2	CODE:6406,CODE:9645	
CODE:1e8d	FUN_CODE_1e8d	11	1	CODE:109e	
CODE:1f10	FUN_CODE_1f10	8	1	CODE:6406	
CODE:1f30	FUN_CODE_1f30	8	1	CODE:6406	
CODE:1f56	FUN_CODE_1f56	10	1	CODE:6406	
CODE:1ffd	thunk_FUN_CODE_996c	3	1	CODE:6aab	
CODE:25d4	FUN_CODE_25d4	41	1	CODE:a069	FUN_CODE_a6f1
CODE:27b2	FUN_CODE_27b2	78	1	CODE:a069	FUN_CODE_33b9,FUN_CODE_33d6,FUN_CODE_a377,FUN_CODE_a61c,FUN_CODE_a623,FUN_CODE_a9ae,FUN_CODE_ab68
CODE:2800	FUN_CODE_2800	603	1	CODE:7a1a	FUN_CODE_43fb,FUN_CODE_4468,FUN_CODE_4470,FUN_CODE_448e,FUN_CODE_4495,FUN_CODE_44b1,FUN_CODE_44bf,FUN_CODE_44e9,FUN_CODE_4503,FUN_CODE_451a,FUN_CODE_7f77,FUN_CODE_87aa,FUN_CODE_9719,FUN_CODE_9d61,FUN_CODE_a335,FUN_CODE_a638,FUN_CODE_a934,FUN_CODE_ad79,FUN_CODE_adf3,FUN_CODE_ae2a,FUN_CODE_aefd
CODE:33b9	FUN_CODE_33b9	29	1	CODE:27b2	FUN_CODE_a934,FUN_CODE_a99c,FUN_CODE_adf3
CODE:33d6	FUN_CODE_33d6	6	1	CODE:27b2	FUN_CODE_adf3
CODE:33dc	FUN_CODE_33dc	3	1	CODE:42a5	FUN_CODE_a9ae
CODE:33df	FUN_CODE_33df	3	1	CODE:803f	
CODE:33e2	FUN_CODE_33e2	7	2	CODE:42a5,CODE:64a1	FUN_CODE_a934
CODE:33e9	FUN_CODE_33e9	12	4	CODE:42a5,CODE:5cfa,CODE:64a1,CODE:803f	FUN_CODE_a94d,FUN_CODE_adf3
CODE:3401	FUN_CODE_3401	8	1	CODE:84e6	
CODE:342b	FUN_CODE_342b	2	1	CODE:803f	
CODE:342d	FUN_CODE_342d	10	2	CODE:64a1,CODE:a1f3	
CODE:3439	FUN_CODE_3439	6	2	CODE:64a1,CODE:803f	FUN_CODE_a934,FUN_CODE_a99c
CODE:343f	FUN_CODE_343f	1	2	CODE:42a5,CODE:803f	
CODE:3440	FUN_CODE_3440	2	1	CODE:42a5	
CODE:3442	FUN_CODE_3442	8	1	CODE:803f	
CODE:344a	FUN_CODE_344a	2	2	CODE:42a5,CODE:5cfa	
CODE:344c	FUN_CODE_344c	11	1	CODE:a5bd	
CODE:345c	FUN_CODE_345c	8	1	CODE:42a5	
CODE:3471	FUN_CODE_3471	1	1	CODE:42a5	
CODE:3472	FUN_CODE_3472	6	4	CODE:42a5,CODE:5cfa,CODE:64a1,CODE:803f	FUN_CODE_adf3
CODE:34c6	FUN_CODE_34c6	14	1	CODE:960e	
CODE:34d4	FUN_CODE_34d4	10	1	CODE:9cdd	
CODE:34e6	FUN_CODE_34e6	11	1	CODE:84e6	
CODE:34f1	FUN_CODE_34f1	11	1	CODE:960e	
CODE:351a	FUN_CODE_351a	13	2	CODE:a727,CODE:a72d	
CODE:3555	FUN_CODE_3555	8	1	CODE:42a5	
CODE:355d	FUN_CODE_355d	11	2	CODE:47aa,CODE:75c0	
CODE:3572	FUN_CODE_3572	434	1	CODE:87aa	FUN_CODE_4532,FUN_CODE_53e7,FUN_CODE_53f0,FUN_CODE_53f4,FUN_CODE_53fa,FUN_CODE_5428,FUN_CODE_5435,FUN_CODE_5479,FUN_CODE_548b,FUN_CODE_5497,FUN_CODE_55c0,FUN_CODE_8b47,FUN_CODE_a934,FUN_CODE_a99c,FUN_CODE_a9d0,FUN_CODE_aa6d,FUN_CODE_adf3,FUN_CODE_ae2a,FUN_CODE_ae33
CODE:3724	FUN_CODE_3724	218	1	CODE:95f2	FUN_CODE_88f5,FUN_CODE_88fd,FUN_CODE_8900,FUN_CODE_8909,FUN_CODE_8911
CODE:37ff	FUN_CODE_37ff	1	1	CODE:8a68	
CODE:3caa	FUN_CODE_3caa	363	1	CODE:73f7	FUN_CODE_4800,FUN_CODE_4e91,FUN_CODE_52ef,FUN_CODE_6162,FUN_CODE_653b,FUN_CODE_7d6d,FUN_CODE_7d72,FUN_CODE_7d7a,FUN_CODE_7d9f,FUN_CODE_87aa,FUN_CODE_a139,FUN_CODE_a6f7
CODE:42a5	FUN_CODE_42a5	329	1	CODE:64a1	FUN_CODE_33dc,FUN_CODE_33e2,FUN_CODE_33e9,FUN_CODE_343f,FUN_CODE_3440,FUN_CODE_344a,FUN_CODE_345c,FUN_CODE_3471,FUN_CODE_3472,FUN_CODE_3555,FUN_CODE_5cfa,FUN_CODE_84e6,FUN_CODE_957e,FUN_CODE_960e,FUN_CODE_a94d,FUN_CODE_a99c,FUN_CODE_ad49,FUN_CODE_ad6d
CODE:43ee	FUN_CODE_43ee	2	3	CODE:a335,CODE:a40d,CODE:a6fd	
CODE:43f0	FUN_CODE_43f0	1	1	CODE:a59d	
CODE:43f1	FUN_CODE_43f1	10	1	CODE:80bc	
CODE:43fb	FUN_CODE_43fb	16	1	CODE:2800	FUN_CODE_aefd
CODE:440b	FUN_CODE_440b	8	3	CODE:a077,CODE:a085,CODE:a093	
CODE:4413	FUN_CODE_4413	11	1	CODE:691c	
CODE:441e	FUN_CODE_441e	6	1	CODE:691c	FUN_CODE_accc
CODE:4434	FUN_CODE_4434	2	1	CODE:a615	
CODE:4436	FUN_CODE_4436	11	1	CODE:a5a5	
CODE:4441	FUN_CODE_4441	3	2	CODE:a6f1,CODE:a6f7	
CODE:4444	FUN_CODE_4444	10	1	CODE:88c5	
CODE:4468	FUN_CODE_4468	8	1	CODE:2800	
CODE:4470	FUN_CODE_4470	13	1	CODE:2800	
CODE:4482	FUN_CODE_4482	8	1	CODE:80bc	
CODE:448e	FUN_CODE_448e	7	1	CODE:2800	FUN_CODE_a90e
CODE:4495	FUN_CODE_4495	15	1	CODE:2800	
CODE:44b1	FUN_CODE_44b1	14	1	CODE:2800	
CODE:44bf	FUN_CODE_44bf	9	1	CODE:2800	
CODE:44d1	FUN_CODE_44d1	14	2	CODE:6d78,CODE:7f77	
CODE:44e9	FUN_CODE_44e9	13	1	CODE:2800	
CODE:44f6	FUN_CODE_44f6	13	1	CODE:a6eb	
CODE:4503	FUN_CODE_4503	7	2	CODE:2800,CODE:6800	
CODE:4512	FUN_CODE_4512	8	1	CODE:a356	
CODE:451a	FUN_CODE_451a	7	1	CODE:2800	
CODE:4521	FUN_CODE_4521	7	1	CODE:7f77	
CODE:4528	FUN_CODE_4528	10	1	CODE:6d78	FUN_CODE_adf3
CODE:4532	FUN_CODE_4532	319	1	CODE:3572	FUN_CODE_53f3,FUN_CODE_5410,FUN_CODE_5484,FUN_CODE_54aa,FUN_CODE_54b5,FUN_CODE_54d0,FUN_CODE_55c0,FUN_CODE_8b47,FUN_CODE_a99c,FUN_CODE_aa6d,FUN_CODE_adf3,FUN_CODE_ae2a
CODE:47aa	ISR_3B	86	0		FUN_CODE_355d,FUN_CODE_64a1
CODE:4800	FUN_CODE_4800	288	1	CODE:3caa	FUN_CODE_7d69,FUN_CODE_7d6d,FUN_CODE_7d83,FUN_CODE_87aa,FUN_CODE_96ff
CODE:4e91	FUN_CODE_4e91	267	1	CODE:3caa	FUN_CODE_7d6d,FUN_CODE_7d84,FUN_CODE_7d98,FUN_CODE_87aa,FUN_CODE_a595
CODE:4f9c	FUN_CODE_4f9c	98	1	CODE:9e99	FUN_CODE_7712,FUN_CODE_7a1a,FUN_CODE_88c5,FUN_CODE_8a68,FUN_CODE_97cc,FUN_CODE_97db,FUN_CODE_97dd,FUN_CODE_9b12,FUN_CODE_a139,FUN_CODE_aa6d
CODE:4fff	ISR_13	1	0		
CODE:5078	FUN_CODE_5078	3	2	CODE:8864,CODE:8e81	
CODE:507b	FUN_CODE_507b	2	1	CODE:8864	
CODE:507d	FUN_CODE_507d	8	1	CODE:8864	
CODE:5085	FUN_CODE_5085	13	2	CODE:8864,CODE:8e81	
CODE:50a8	FUN_CODE_50a8	3	1	CODE:8f87	
CODE:50ab	FUN_CODE_50ab	10	1	CODE:8f87	
CODE:50e1	FUN_CODE_50e1	13	2	CODE:8e81,CODE:a6b5	
CODE:50fb	ISR_0B	250	0		FUN_CODE_957e,FUN_CODE_a47b
CODE:52ef	FUN_CODE_52ef	248	1	CODE:3caa	FUN_CODE_7d69,FUN_CODE_7d83,FUN_CODE_7d98,FUN_CODE_87aa
CODE:53e7	FUN_CODE_53e7	3	1	CODE:3572	
CODE:53ea	FUN_CODE_53ea	6	1	CODE:55c0	FUN_CODE_a934,FUN_CODE_adf3
CODE:53f0	FUN_CODE_53f0	3	1	CODE:3572	
CODE:53f3	FUN_CODE_53f3	1	3	CODE:4532,CODE:55c0,CODE:7207	
CODE:53f4	FUN_CODE_53f4	6	1	CODE:3572	FUN_CODE_aa6d
CODE:53fa	FUN_CODE_53fa	22	1	CODE:3572	FUN_CODE_aa99,FUN_CODE_adfc
CODE:5410	FUN_CODE_5410	24	1	CODE:4532	FUN_CODE_ae2a
CODE:5428	FUN_CODE_5428	13	1	CODE:3572	
CODE:5435	FUN_CODE_5435	36	1	CODE:3572	
CODE:5459	FUN_CODE_5459	16	1	CODE:55c0	
CODE:5469	FUN_CODE_5469	3	1	CODE:81ed	
CODE:546c	FUN_CODE_546c	13	1	CODE:66fd	FUN_CODE_aa83
CODE:5479	FUN_CODE_5479	8	2	CODE:3572,CODE:55c0	FUN_CODE_adf3
CODE:5481	FUN_CODE_5481	3	1	CODE:55c0	
CODE:5484	FUN_CODE_5484	7	1	CODE:4532	FUN_CODE_aa6d
CODE:548b	FUN_CODE_548b	12	1	CODE:3572	FUN_CODE_aa99,FUN_CODE_adfc
CODE:5497	FUN_CODE_5497	6	1	CODE:3572	FUN_CODE_adf3
CODE:549d	FUN_CODE_549d	13	1	CODE:7207	
CODE:54aa	FUN_CODE_54aa	11	1	CODE:4532	FUN_CODE_a9e2
CODE:54b5	FUN_CODE_54b5	10	1	CODE:4532	FUN_CODE_ae13
CODE:54ca	FUN_CODE_54ca	6	1	CODE:8b47	FUN_CODE_adf3
CODE:54d0	FUN_CODE_54d0	6	1	CODE:4532	FUN_CODE_adf3
CODE:55c0	FUN_CODE_55c0	211	2	CODE:3572,CODE:4532	FUN_CODE_53ea,FUN_CODE_53f3,FUN_CODE_5459,FUN_CODE_5479,FUN_CODE_5481,FUN_CODE_5693,FUN_CODE_8b47,FUN_CODE_adf3,FUN_CODE_ae2a
CODE:5693	FUN_CODE_5693	21	1	CODE:55c0	FUN_CODE_8b47,FUN_CODE_adf3
CODE:5c3c	ISR_4B	190	0		FUN_CODE_66fd,FUN_CODE_76ec,FUN_CODE_770c,FUN_CODE_9b66
CODE:5cfa	FUN_CODE_5cfa	189	1	CODE:42a5	FUN_CODE_33e9,FUN_CODE_344a,FUN_CODE_3472,FUN_CODE_a59d,FUN_CODE_a5a5,FUN_CODE_a7f0,FUN_CODE_a9ae
CODE:5db7	FUN_CODE_5db7	188	1	CODE:793a	FUN_CODE_8800,FUN_CODE_8b1b,FUN_CODE_8b24,FUN_CODE_8b2b,FUN_CODE_8b3b,FUN_CODE_8b40
CODE:5e73	FUN_CODE_5e73	48	1	CODE:7eb6	FUN_CODE_a727,FUN_CODE_a72d
CODE:5fe3	FUN_CODE_5fe3	29	1	CODE:8ff0	FUN_CODE_a069,FUN_CODE_a356,FUN_CODE_a40d,FUN_CODE_a4fd,FUN_CODE_a615,FUN_CODE_a76f,thunk_FUN_CODE_a0f5
CODE:6162	FUN_CODE_6162	172	1	CODE:3caa	FUN_CODE_7d6d,FUN_CODE_7d83,FUN_CODE_7d98,FUN_CODE_87aa
CODE:6215	FUN_CODE_6215	2	1	CODE:8ef3	
CODE:6217	FUN_CODE_6217	7	2	CODE:8ef3,CODE:8f19	
CODE:6283	FUN_CODE_6283	8	1	CODE:967b	
CODE:629e	FUN_CODE_629e	7	1	CODE:8ef3	
CODE:6406	FUN_CODE_6406	155	1	CODE:9645	FUN_CODE_1d23,FUN_CODE_1d2a,FUN_CODE_1e0a,FUN_CODE_1e48,FUN_CODE_1f10,FUN_CODE_1f30,FUN_CODE_1f56,FUN_CODE_87aa,FUN_CODE_a7c3
CODE:64a1	FUN_CODE_64a1	154	2	CODE:47aa,CODE:75c0	FUN_CODE_33e2,FUN_CODE_33e9,FUN_CODE_342d,FUN_CODE_3439,FUN_CODE_3472,FUN_CODE_42a5,FUN_CODE_803f,FUN_CODE_9281,FUN_CODE_957e,FUN_CODE_960e,FUN_CODE_9cdd,FUN_CODE_9d4f,FUN_CODE_a94d,FUN_CODE_a99c
CODE:653b	FUN_CODE_653b	152	1	CODE:3caa	FUN_CODE_7d6d,FUN_CODE_7d83,FUN_CODE_7d98,FUN_CODE_87aa
CODE:666b	FUN_CODE_666b	146	2	CODE:843b,CODE:996c	FUN_CODE_8b1b,FUN_CODE_8b24,FUN_CODE_8b2b,FUN_CODE_a934,FUN_CODE_a97a,FUN_CODE_adf3,FUN_CODE_ae2a
CODE:66fd	FUN_CODE_66fd	145	1	CODE:5c3c	FUN_CODE_546c,FUN_CODE_957e
CODE:67ff	ISR_03	1	0		
CODE:6800	FUN_CODE_6800	145	1	CODE:97e5	FUN_CODE_4503,FUN_CODE_7f77,FUN_CODE_9d73,FUN_CODE_a139,FUN_CODE_a63f,FUN_CODE_a64d,FUN_CODE_aa99,FUN_CODE_aac4,FUN_CODE_ab68,FUN_CODE_adf3,FUN_CODE_ae2a
CODE:691c	FUN_CODE_691c	135	1	CODE:8864	FUN_CODE_4413,FUN_CODE_441e,FUN_CODE_aa6d
CODE:6aab	FUN_CODE_6aab	125	1	CODE:843b	FUN_CODE_6ffc,FUN_CODE_789f,FUN_CODE_7d83,FUN_CODE_7d8b,FUN_CODE_87aa,FUN_CODE_8b9d,FUN_CODE_8fcd,FUN_CODE_8ff0,FUN_CODE_95f2,FUN_CODE_9c07,FUN_CODE_9e59,FUN_CODE_a569,FUN_CODE_a7bc,FUN_CODE_a9e2,thunk_FUN_CODE_996c
CODE:6c35	FUN_CODE_6c35	93	1	CODE:9645	FUN_CODE_a934,FUN_CODE_a99c,FUN_CODE_a9ae
CODE:6d78	FUN_CODE_6d78	109	1	CODE:97e5	FUN_CODE_44d1,FUN_CODE_4528,FUN_CODE_7f77,FUN_CODE_a093,FUN_CODE_a64d,FUN_CODE_a934,FUN_CODE_a94d,FUN_CODE_a9ae,FUN_CODE_ae2a
CODE:6f27	FUN_CODE_6f27	107	1	CODE:95f2	FUN_CODE_1086,FUN_CODE_108e,FUN_CODE_a90e,FUN_CODE_aeaa
CODE:6ffc	FUN_CODE_6ffc	4	2	CODE:6aab,CODE:843b	
CODE:7069	FUN_CODE_7069	104	1	CODE:8a68	FUN_CODE_82b0,FUN_CODE_82ca,FUN_CODE_a12c,FUN_CODE_a5f2,FUN_CODE_a646,FUN_CODE_a9e2
CODE:7207	FUN_CODE_7207	102	1	CODE:96cb	FUN_CODE_53f3,FUN_CODE_549d,FUN_CODE_8bc8,FUN_CODE_9137,FUN_CODE_a7a4
CODE:73f7	FUN_CODE_73f7	13	1	CODE:89b2	FUN_CODE_3caa,FUN_CODE_ae53
CODE:7568	FUN_CODE_7568	88	2	CODE:9b66,CODE:9e59	FUN_CODE_a20b,FUN_CODE_a449,FUN_CODE_a62a,FUN_CODE_a631,FUN_CODE_a769,FUN_CODE_ae2a,FUN_CODE_aeac
CODE:75c0	ISR_43	86	0		FUN_CODE_355d,FUN_CODE_64a1
CODE:76bf	FUN_CODE_76bf	23	1	CODE:a57b	
CODE:76d6	FUN_CODE_76d6	22	1	CODE:a20b	
CODE:76ec	FUN_CODE_76ec	13	2	CODE:5c3c,CODE:8bc8	FUN_CODE_a94d
CODE:770c	FUN_CODE_770c	6	3	CODE:5c3c,CODE:8bc8,CODE:9137	FUN_CODE_adf3
CODE:7712	FUN_CODE_7712	81	1	CODE:4f9c	FUN_CODE_7763,FUN_CODE_870e,FUN_CODE_8ea7,FUN_CODE_a584
CODE:7763	FUN_CODE_7763	81	3	CODE:7712,CODE:7a1a,CODE:8a68	FUN_CODE_91be,FUN_CODE_94ae,FUN_CODE_9b8f
CODE:77b4	ISR_1B	76	0		thunk_FUN_CODE_9281
CODE:789f	FUN_CODE_789f	79	1	CODE:6aab	
CODE:78ee	ISR_23	76	0		thunk_FUN_CODE_9281
CODE:793a	FUN_CODE_793a	75	0		FUN_CODE_104e,FUN_CODE_5db7,FUN_CODE_843b,FUN_CODE_89b2,FUN_CODE_9e99,FUN_CODE_a7b8
CODE:79d0	FUN_CODE_79d0	74	1	CODE:959b	FUN_CODE_a3e5,FUN_CODE_a3e8,FUN_CODE_aba2,FUN_CODE_ac2d,FUN_CODE_ad49,FUN_CODE_ad55
CODE:7a1a	FUN_CODE_7a1a	72	1	CODE:4f9c	FUN_CODE_2800,FUN_CODE_7763,FUN_CODE_a1f3,FUN_CODE_a335,FUN_CODE_a6eb
CODE:7a62	FUN_CODE_7a62	72	1	CODE:9b12	FUN_CODE_10ae,FUN_CODE_1e41,FUN_CODE_959b
CODE:7aaa	FUN_CODE_7aaa	72	1	CODE:8b9d	
CODE:7d69	FUN_CODE_7d69	4	2	CODE:4800,CODE:52ef	
CODE:7d6d	FUN_CODE_7d6d	5	5	CODE:3caa,CODE:4800,CODE:4e91,CODE:6162,CODE:653b	
CODE:7d72	FUN_CODE_7d72	8	1	CODE:3caa	
CODE:7d7a	FUN_CODE_7d7a	9	1	CODE:3caa	
CODE:7d83	FUN_CODE_7d83	1	5	CODE:4800,CODE:52ef,CODE:6162,CODE:653b,CODE:6aab	
CODE:7d84	FUN_CODE_7d84	7	1	CODE:4e91	
CODE:7d8b	FUN_CODE_7d8b	13	1	CODE:6aab	
CODE:7d98	FUN_CODE_7d98	7	4	CODE:4e91,CODE:52ef,CODE:6162,CODE:653b	
CODE:7d9f	FUN_CODE_7d9f	13	1	CODE:3caa	
CODE:7eb6	FUN_CODE_7eb6	65	1	CODE:a0f5	FUN_CODE_5e73,FUN_CODE_967b,FUN_CODE_993c,FUN_CODE_a0e7,FUN_CODE_a69a,FUN_CODE_a727
CODE:7f77	FUN_CODE_7f77	63	4	CODE:2800,CODE:6800,CODE:6d78,CODE:870e	FUN_CODE_44d1,FUN_CODE_4521
CODE:8000	FUN_CODE_8000	26	1	CODE:84e6	FUN_CODE_ae53
CODE:803f	FUN_CODE_803f	63	1	CODE:64a1	FUN_CODE_33df,FUN_CODE_33e9,FUN_CODE_342b,FUN_CODE_3439,FUN_CODE_343f,FUN_CODE_3442,FUN_CODE_3472,FUN_CODE_957e,FUN_CODE_9cdd,FUN_CODE_a99c
CODE:80bc	FUN_CODE_80bc	61	1	CODE:9046	FUN_CODE_43f1,FUN_CODE_4482,FUN_CODE_9d61,FUN_CODE_a934
CODE:81ed	FUN_CODE_81ed	60	1	CODE:96cb	FUN_CODE_5469
CODE:82b0	FUN_CODE_82b0	13	1	CODE:7069	
CODE:82ca	FUN_CODE_82ca	12	1	CODE:7069	
CODE:838d	FUN_CODE_838d	58	1	CODE:8ff0	
CODE:83dc	FUN_CODE_83dc	11	2	CODE:9023,CODE:a584	
CODE:83ef	FUN_CODE_83ef	2	2	CODE:a0cb,CODE:a0d9	
CODE:83f1	FUN_CODE_83f1	6	1	CODE:9023	FUN_CODE_adf3
CODE:843b	FUN_CODE_843b	57	1	CODE:793a	FUN_CODE_10a6,FUN_CODE_666b,FUN_CODE_6aab,FUN_CODE_6ffc,FUN_CODE_9544,FUN_CODE_a5eb
CODE:8474	FUN_CODE_8474	26	2	CODE:8800,CODE:957e	FUN_CODE_ad3d,FUN_CODE_ad6d
CODE:848e	FUN_CODE_848e	19	2	CODE:8800,CODE:957e	FUN_CODE_ade7
CODE:84a1	FUN_CODE_84a1	12	2	CODE:a61c,CODE:a623	FUN_CODE_ade7
CODE:84e6	FUN_CODE_84e6	57	1	CODE:42a5	FUN_CODE_3401,FUN_CODE_34e6,FUN_CODE_8000
CODE:870e	FUN_CODE_870e	52	1	CODE:7712	FUN_CODE_7f77,FUN_CODE_a085,FUN_CODE_a638
CODE:8742	FUN_CODE_8742	52	1	CODE:89b2	FUN_CODE_a90e
CODE:87aa	FUN_CODE_87aa	51	12	CODE:2800,CODE:3caa,CODE:4800,CODE:4e91,CODE:52ef,CODE:6162,CODE:6406,CODE:653b,CODE:6aab,CODE:88c5,CODE:9645,CODE:9cca	FUN_CODE_3572,FUN_CODE_adf3,FUN_CODE_ae2a
CODE:8800	FUN_CODE_8800	50	3	CODE:5db7,CODE:8f87,CODE:a638	FUN_CODE_8474,FUN_CODE_848e
CODE:8864	FUN_CODE_8864	49	1	CODE:9b12	FUN_CODE_109e,FUN_CODE_5078,FUN_CODE_507b,FUN_CODE_507d,FUN_CODE_5085,FUN_CODE_691c,FUN_CODE_8e81,FUN_CODE_8f87,FUN_CODE_a595
CODE:88c5	FUN_CODE_88c5	48	1	CODE:4f9c	FUN_CODE_109e,FUN_CODE_4444,FUN_CODE_87aa,FUN_CODE_a638
CODE:88f5	FUN_CODE_88f5	8	1	CODE:3724	
CODE:88fd	FUN_CODE_88fd	3	1	CODE:3724	
CODE:8900	FUN_CODE_8900	9	1	CODE:3724	
CODE:8909	FUN_CODE_8909	8	1	CODE:3724	
CODE:8911	FUN_CODE_8911	10	1	CODE:3724	
CODE:8925	FUN_CODE_8925	47	1	CODE:9b8f	FUN_CODE_ade7
CODE:89b2	FUN_CODE_89b2	46	1	CODE:793a	FUN_CODE_1096,FUN_CODE_73f7,FUN_CODE_8742,FUN_CODE_a4fd,FUN_CODE_a7b8
CODE:8a68	FUN_CODE_8a68	45	1	CODE:4f9c	FUN_CODE_37ff,FUN_CODE_7069,FUN_CODE_7763,FUN_CODE_9983,FUN_CODE_9a0d,FUN_CODE_a335,FUN_CODE_a5bd
CODE:8b1b	FUN_CODE_8b1b	9	2	CODE:5db7,CODE:666b	FUN_CODE_a934,FUN_CODE_adf3
CODE:8b24	FUN_CODE_8b24	7	2	CODE:5db7,CODE:666b	
CODE:8b2b	FUN_CODE_8b2b	16	2	CODE:5db7,CODE:666b	
CODE:8b3b	FUN_CODE_8b3b	5	1	CODE:5db7	
CODE:8b40	FUN_CODE_8b40	7	1	CODE:5db7	
CODE:8b47	FUN_CODE_8b47	43	4	CODE:3572,CODE:4532,CODE:55c0,CODE:5693	FUN_CODE_54ca,FUN_CODE_9137,FUN_CODE_a99c,FUN_CODE_aafc,FUN_CODE_ae2a,FUN_CODE_ae33
CODE:8b9d	FUN_CODE_8b9d	43	1	CODE:6aab	FUN_CODE_7aaa,FUN_CODE_9bdf,FUN_CODE_a1db,FUN_CODE_a654,FUN_CODE_a67e,FUN_CODE_a685
CODE:8bc8	FUN_CODE_8bc8	43	2	CODE:104e,CODE:7207	FUN_CODE_76ec,FUN_CODE_770c,FUN_CODE_a449
CODE:8e81	FUN_CODE_8e81	38	1	CODE:8864	FUN_CODE_5078,FUN_CODE_5085,FUN_CODE_50e1,FUN_CODE_9cca,FUN_CODE_a6b5,FUN_CODE_a6fd
CODE:8ea7	FUN_CODE_8ea7	38	1	CODE:7712	
CODE:8ef3	FUN_CODE_8ef3	38	1	CODE:a77b	FUN_CODE_6215,FUN_CODE_6217,FUN_CODE_629e,FUN_CODE_9f29
CODE:8f19	FUN_CODE_8f19	38	1	CODE:a77b	FUN_CODE_6217,FUN_CODE_9f39
CODE:8f87	FUN_CODE_8f87	35	1	CODE:8864	FUN_CODE_50a8,FUN_CODE_50ab,FUN_CODE_8800
CODE:8fcd	FUN_CODE_8fcd	35	1	CODE:6aab	
CODE:8ff0	FUN_CODE_8ff0	16	1	CODE:6aab	FUN_CODE_5fe3,FUN_CODE_838d,FUN_CODE_a5b5
CODE:9023	FUN_CODE_9023	35	1	CODE:a45d	FUN_CODE_83dc,FUN_CODE_83f1,FUN_CODE_a9ae
CODE:9046	FUN_CODE_9046	35	3	CODE:a4fd,CODE:a5e4,CODE:a600	FUN_CODE_80bc,FUN_CODE_9c2f,FUN_CODE_ae2a
CODE:9137	FUN_CODE_9137	34	2	CODE:7207,CODE:8b47	FUN_CODE_770c,FUN_CODE_a9ae
CODE:91be	FUN_CODE_91be	33	1	CODE:7763	FUN_CODE_94ae
CODE:9281	FUN_CODE_9281	32	1	CODE:64a1	FUN_CODE_9c39,FUN_CODE_ae2a
CODE:93bc	FUN_CODE_93bc	31	1	CODE:a4fd	
CODE:9436	FUN_CODE_9436	30	0		
CODE:94ae	FUN_CODE_94ae	30	2	CODE:7763,CODE:91be	
CODE:9544	FUN_CODE_9544	16	1	CODE:843b	FUN_CODE_9554,FUN_CODE_a638
CODE:9554	FUN_CODE_9554	13	1	CODE:9544	FUN_CODE_a52a,FUN_CODE_a5e4
CODE:957e	FUN_CODE_957e	29	5	CODE:42a5,CODE:50fb,CODE:64a1,CODE:66fd,CODE:803f	FUN_CODE_8474,FUN_CODE_848e
CODE:959b	FUN_CODE_959b	29	1	CODE:7a62	FUN_CODE_79d0
CODE:95f2	FUN_CODE_95f2	28	1	CODE:6aab	FUN_CODE_3724,FUN_CODE_6f27,FUN_CODE_9a4f,FUN_CODE_9f69,FUN_CODE_a253
CODE:960e	FUN_CODE_960e	28	2	CODE:42a5,CODE:64a1	FUN_CODE_34c6,FUN_CODE_34f1
CODE:9645	FUN_CODE_9645	27	0		FUN_CODE_1e48,FUN_CODE_6406,FUN_CODE_6c35,FUN_CODE_87aa,FUN_CODE_9bf3
CODE:9660	ISR_8B	27	0		
CODE:967b	FUN_CODE_967b	27	1	CODE:7eb6	FUN_CODE_6283,FUN_CODE_a69a
CODE:96cb	FUN_CODE_96cb	26	0		FUN_CODE_7207,FUN_CODE_81ed
CODE:96ff	FUN_CODE_96ff	26	1	CODE:4800	
CODE:9719	FUN_CODE_9719	26	1	CODE:2800	
CODE:97cc	FUN_CODE_97cc	15	1	CODE:4f9c	
CODE:97db	FUN_CODE_97db	2	1	CODE:4f9c	
CODE:97dd	FUN_CODE_97dd	8	1	CODE:4f9c	
CODE:97e5	FUN_CODE_97e5	25	1	CODE:9b8f	FUN_CODE_6800,FUN_CODE_6d78,FUN_CODE_a077
CODE:97fe	ISR_83	1	0		
CODE:97ff	ISR_2B	1	0		
CODE:98ac	ISR_73	24	0		
CODE:98c4	ISR_7B	24	0		
CODE:9924	FUN_CODE_9924	24	1	CODE:104e	
CODE:993c	FUN_CODE_993c	24	1	CODE:7eb6	FUN_CODE_9eb9,FUN_CODE_a69a
CODE:996c	FUN_CODE_996c	23	0		FUN_CODE_1076,FUN_CODE_666b,FUN_CODE_a7f9
CODE:9983	FUN_CODE_9983	23	1	CODE:8a68	
CODE:9a0d	FUN_CODE_9a0d	22	1	CODE:8a68	
CODE:9a4f	FUN_CODE_9a4f	22	1	CODE:95f2	
CODE:9b12	FUN_CODE_9b12	21	1	CODE:4f9c	FUN_CODE_7a62,FUN_CODE_8864,FUN_CODE_a521
CODE:9b66	FUN_CODE_9b66	21	1	CODE:5c3c	FUN_CODE_7568
CODE:9b8f	FUN_CODE_9b8f	20	1	CODE:7763	FUN_CODE_8925,FUN_CODE_97e5
CODE:9bdf	FUN_CODE_9bdf	20	1	CODE:8b9d	
CODE:9bf3	FUN_CODE_9bf3	20	1	CODE:9645	
CODE:9c07	FUN_CODE_9c07	20	1	CODE:6aab	FUN_CODE_aefd
CODE:9c2f	FUN_CODE_9c2f	10	1	CODE:9046	FUN_CODE_ae2a
CODE:9c39	FUN_CODE_9c39	10	1	CODE:9281	FUN_CODE_ae2a
CODE:9cca	FUN_CODE_9cca	19	1	CODE:8e81	FUN_CODE_87aa
CODE:9cdd	FUN_CODE_9cdd	19	2	CODE:64a1,CODE:803f	FUN_CODE_34d4
CODE:9d29	ISR_93	19	0		
CODE:9d4f	FUN_CODE_9d4f	18	1	CODE:64a1	
CODE:9d61	FUN_CODE_9d61	18	2	CODE:2800,CODE:80bc	
CODE:9d73	FUN_CODE_9d73	18	2	CODE:6800,CODE:a12c	
CODE:9dcd	FUN_CODE_9dcd	18	1	CODE:a453	
CODE:9e59	FUN_CODE_9e59	16	2	CODE:104e,CODE:6aab	FUN_CODE_7568,FUN_CODE_a57b
CODE:9e99	FUN_CODE_9e99	16	1	CODE:793a	FUN_CODE_4f9c,FUN_CODE_a600
CODE:9eb9	FUN_CODE_9eb9	16	3	CODE:993c,CODE:a0e7,CODE:a69a	
CODE:9ef9	FUN_CODE_9ef9	16	1	CODE:a26b	
CODE:9f29	FUN_CODE_9f29	16	1	CODE:8ef3	
CODE:9f39	FUN_CODE_9f39	16	1	CODE:8f19	
CODE:9f69	FUN_CODE_9f69	16	1	CODE:95f2	
CODE:a069	FUN_CODE_a069	14	1	CODE:5fe3	FUN_CODE_25d4,FUN_CODE_27b2
CODE:a077	FUN_CODE_a077	14	1	CODE:97e5	FUN_CODE_440b
CODE:a085	FUN_CODE_a085	14	1	CODE:870e	FUN_CODE_440b
CODE:a093	FUN_CODE_a093	14	2	CODE:6d78,CODE:a595	FUN_CODE_440b
CODE:a0bd	FUN_CODE_a0bd	14	1	CODE:a453	
CODE:a0cb	FUN_CODE_a0cb	14	1	CODE:a45d	FUN_CODE_83ef,FUN_CODE_a9ae
CODE:a0d9	FUN_CODE_a0d9	14	1	CODE:a5cd	FUN_CODE_83ef,FUN_CODE_a99c
CODE:a0e7	FUN_CODE_a0e7	14	1	CODE:7eb6	FUN_CODE_9eb9
CODE:a0f5	FUN_CODE_a0f5	14	0		FUN_CODE_7eb6,FUN_CODE_a77b
CODE:a12c	FUN_CODE_a12c	13	1	CODE:7069	FUN_CODE_9d73,FUN_CODE_aac4
CODE:a139	FUN_CODE_a139	13	3	CODE:3caa,CODE:4f9c,CODE:6800	
CODE:a1db	FUN_CODE_a1db	12	1	CODE:8b9d	
CODE:a1f3	FUN_CODE_a1f3	12	1	CODE:7a1a	FUN_CODE_342d
CODE:a20b	FUN_CODE_a20b	12	1	CODE:7568	FUN_CODE_76d6
CODE:a253	FUN_CODE_a253	12	1	CODE:95f2	FUN_CODE_107e
CODE:a26b	FUN_CODE_a26b	12	1	CODE:a4fd	FUN_CODE_9ef9
CODE:a335	FUN_CODE_a335	11	3	CODE:2800,CODE:7a1a,CODE:8a68	FUN_CODE_43ee
CODE:a356	FUN_CODE_a356	11	1	CODE:5fe3	FUN_CODE_4512
CODE:a377	FUN_CODE_a377	11	1	CODE:27b2	
CODE:a3e5	FUN_CODE_a3e5	3	1	CODE:79d0	
CODE:a3e8	FUN_CODE_a3e8	7	1	CODE:79d0	FUN_CODE_ad6d
CODE:a40d	FUN_CODE_a40d	10	1	CODE:5fe3	FUN_CODE_43ee
CODE:a449	FUN_CODE_a449	10	2	CODE:7568,CODE:8bc8	
CODE:a453	FUN_CODE_a453	10	1	CODE:a76f	FUN_CODE_9dcd,FUN_CODE_a0bd
CODE:a45d	FUN_CODE_a45d	10	1	CODE:a5cd	FUN_CODE_9023,FUN_CODE_a0cb
CODE:a47b	FUN_CODE_a47b	10	1	CODE:50fb	
CODE:a4fd	FUN_CODE_a4fd	9	2	CODE:5fe3,CODE:89b2	FUN_CODE_9046,FUN_CODE_93bc,FUN_CODE_a26b
CODE:a521	FUN_CODE_a521	9	1	CODE:9b12	
CODE:a52a	FUN_CODE_a52a	9	1	CODE:9554	
CODE:a569	FUN_CODE_a569	9	1	CODE:6aab	
CODE:a57b	FUN_CODE_a57b	9	1	CODE:9e59	FUN_CODE_76bf
CODE:a584	FUN_CODE_a584	9	1	CODE:7712	FUN_CODE_83dc
CODE:a595	FUN_CODE_a595	8	2	CODE:4e91,CODE:8864	FUN_CODE_a093,FUN_CODE_a934
CODE:a59d	FUN_CODE_a59d	8	1	CODE:5cfa	FUN_CODE_43f0
CODE:a5a5	FUN_CODE_a5a5	8	1	CODE:5cfa	FUN_CODE_4436
CODE:a5b5	FUN_CODE_a5b5	8	1	CODE:8ff0	
CODE:a5bd	FUN_CODE_a5bd	8	1	CODE:8a68	FUN_CODE_344c
CODE:a5cd	FUN_CODE_a5cd	8	1	CODE:a76f	FUN_CODE_a0d9,FUN_CODE_a45d
CODE:a5e4	FUN_CODE_a5e4	7	1	CODE:9554	FUN_CODE_9046
CODE:a5eb	FUN_CODE_a5eb	7	1	CODE:843b	
CODE:a5f2	FUN_CODE_a5f2	7	1	CODE:7069	FUN_CODE_109e
CODE:a600	FUN_CODE_a600	7	1	CODE:9e99	FUN_CODE_9046
CODE:a615	FUN_CODE_a615	7	1	CODE:5fe3	FUN_CODE_4434
CODE:a61c	FUN_CODE_a61c	7	1	CODE:27b2	FUN_CODE_84a1
CODE:a623	FUN_CODE_a623	7	1	CODE:27b2	FUN_CODE_84a1
CODE:a62a	FUN_CODE_a62a	7	1	CODE:7568	
CODE:a631	FUN_CODE_a631	7	1	CODE:7568	
CODE:a638	FUN_CODE_a638	7	7	CODE:2800,CODE:870e,CODE:88c5,CODE:9544,CODE:a63f,CODE:a646,CODE:a64d	FUN_CODE_8800
CODE:a63f	FUN_CODE_a63f	7	1	CODE:6800	FUN_CODE_a638
CODE:a646	FUN_CODE_a646	7	1	CODE:7069	FUN_CODE_a638
CODE:a64d	FUN_CODE_a64d	7	2	CODE:6800,CODE:6d78	FUN_CODE_a638
CODE:a654	FUN_CODE_a654	7	1	CODE:8b9d	
CODE:a67e	FUN_CODE_a67e	7	1	CODE:8b9d	
CODE:a685	FUN_CODE_a685	7	1	CODE:8b9d	
CODE:a69a	FUN_CODE_a69a	7	3	CODE:7eb6,CODE:967b,CODE:993c	FUN_CODE_9eb9
CODE:a6b5	FUN_CODE_a6b5	6	1	CODE:8e81	FUN_CODE_50e1
CODE:a6eb	FUN_CODE_a6eb	6	1	CODE:7a1a	FUN_CODE_44f6
CODE:a6f1	FUN_CODE_a6f1	6	1	CODE:25d4	FUN_CODE_4441
CODE:a6f7	FUN_CODE_a6f7	6	1	CODE:3caa	FUN_CODE_4441
CODE:a6fd	FUN_CODE_a6fd	6	1	CODE:8e81	FUN_CODE_43ee
CODE:a727	FUN_CODE_a727	6	2	CODE:5e73,CODE:7eb6	FUN_CODE_351a
CODE:a72d	FUN_CODE_a72d	6	1	CODE:5e73	FUN_CODE_351a
CODE:a769	FUN_CODE_a769	6	1	CODE:7568	
CODE:a76f	FUN_CODE_a76f	6	1	CODE:5fe3	FUN_CODE_a453,FUN_CODE_a5cd
CODE:a77b	FUN_CODE_a77b	6	1	CODE:a0f5	FUN_CODE_8ef3,FUN_CODE_8f19
CODE:a7a4	FUN_CODE_a7a4	5	2	CODE:104e,CODE:7207	
CODE:a7b8	FUN_CODE_a7b8	4	2	CODE:793a,CODE:89b2	
CODE:a7bc	FUN_CODE_a7bc	4	1	CODE:6aab	
CODE:a7c0	thunk_FUN_CODE_793a	3	1	CODE:af88	
CODE:a7c3	FUN_CODE_a7c3	3	1	CODE:6406	
CODE:a7f0	FUN_CODE_a7f0	3	1	CODE:5cfa	
CODE:a7f9	FUN_CODE_a7f9	3	1	CODE:996c	
CODE:a833	thunk_FUN_CODE_9281	3	2	CODE:77b4,CODE:78ee	
CODE:a839	thunk_FUN_CODE_a0f5	3	1	CODE:5fe3	
CODE:a90e	FUN_CODE_a90e	45	3	CODE:448e,CODE:6f27,CODE:8742	
CODE:a934	FUN_CODE_a934	25	12	CODE:2800,CODE:33b9,CODE:33e2,CODE:3439,CODE:3572,CODE:53ea,CODE:666b,CODE:6c35,CODE:6d78,CODE:80bc,CODE:8b1b,CODE:a595	
CODE:a94d	FUN_CODE_a94d	45	5	CODE:33e9,CODE:42a5,CODE:64a1,CODE:6d78,CODE:76ec	
CODE:a97a	FUN_CODE_a97a	34	1	CODE:666b	
CODE:a99c	FUN_CODE_a99c	18	10	CODE:33b9,CODE:3439,CODE:3572,CODE:42a5,CODE:4532,CODE:64a1,CODE:6c35,CODE:803f,CODE:8b47,CODE:a0d9	
CODE:a9ae	FUN_CODE_a9ae	34	8	CODE:27b2,CODE:33dc,CODE:5cfa,CODE:6c35,CODE:6d78,CODE:9023,CODE:9137,CODE:a0cb	
CODE:a9d0	FUN_CODE_a9d0	18	1	CODE:3572	
CODE:a9e2	FUN_CODE_a9e2	85	3	CODE:54aa,CODE:6aab,CODE:7069	
CODE:aa6d	FUN_CODE_aa6d	22	7	CODE:3572,CODE:4532,CODE:4f9c,CODE:53f4,CODE:5484,CODE:691c,CODE:aafc	
CODE:aa83	FUN_CODE_aa83	22	1	CODE:546c	
CODE:aa99	FUN_CODE_aa99	43	3	CODE:53fa,CODE:548b,CODE:6800	
CODE:aac4	FUN_CODE_aac4	56	2	CODE:6800,CODE:a12c	
CODE:aafc	FUN_CODE_aafc	77	1	CODE:8b47	FUN_CODE_aa6d
CODE:ab68	FUN_CODE_ab68	45	2	CODE:27b2,CODE:6800	
CODE:aba2	FUN_CODE_aba2	79	1	CODE:79d0	
CODE:ac2d	FUN_CODE_ac2d	206	1	CODE:79d0	
CODE:accc	FUN_CODE_accc	17	1	CODE:441e	
CODE:ad3d	FUN_CODE_ad3d	12	1	CODE:8474	
CODE:ad49	FUN_CODE_ad49	12	2	CODE:42a5,CODE:79d0	
CODE:ad55	FUN_CODE_ad55	12	1	CODE:79d0	
CODE:ad6d	FUN_CODE_ad6d	12	3	CODE:42a5,CODE:8474,CODE:a3e8	
CODE:ad79	FUN_CODE_ad79	25	1	CODE:2800	
CODE:ade7	FUN_CODE_ade7	12	3	CODE:848e,CODE:84a1,CODE:8925	
CODE:adf3	FUN_CODE_adf3	9	22	CODE:2800,CODE:33b9,CODE:33d6,CODE:33e9,CODE:3472,CODE:3572,CODE:4528,CODE:4532,CODE:53ea,CODE:5479,CODE:5497,CODE:54ca,CODE:54d0,CODE:55c0,CODE:5693,CODE:666b,CODE:6800,CODE:770c,CODE:83f1,CODE:87aa,CODE:8b1b,CODE:ae33	
CODE:adfc	FUN_CODE_adfc	23	2	CODE:53fa,CODE:548b	
CODE:ae13	FUN_CODE_ae13	23	1	CODE:54b5	
CODE:ae2a	FUN_CODE_ae2a	9	15	CODE:2800,CODE:3572,CODE:4532,CODE:5410,CODE:55c0,CODE:666b,CODE:6800,CODE:6d78,CODE:7568,CODE:87aa,CODE:8b47,CODE:9046,CODE:9281,CODE:9c2f,CODE:9c39	
CODE:ae33	FUN_CODE_ae33	32	2	CODE:3572,CODE:8b47	FUN_CODE_adf3,FUN_CODE_af6a,FUN_CODE_af73,FUN_CODE_af7c
CODE:ae53	FUN_CODE_ae53	38	2	CODE:73f7,CODE:8000	
CODE:aeaa	FUN_CODE_aeaa	2	1	CODE:6f27	
CODE:aeac	FUN_CODE_aeac	36	1	CODE:7568	
CODE:aefd	FUN_CODE_aefd	44	3	CODE:2800,CODE:43fb,CODE:9c07	
CODE:af6a	FUN_CODE_af6a	9	1	CODE:ae33	
CODE:af73	FUN_CODE_af73	9	1	CODE:ae33	
CODE:af7c	FUN_CODE_af7c	12	1	CODE:ae33	
CODE:af88	ISR_00	146	0		thunk_FUN_CODE_793a
