caller	callee	callee_name
ram:000010ce	ram:000018de	FUN_ram_000018de
ram:0000110e	ram:000018de	FUN_ram_000018de
ram:000011dc	ram:000015fc	FUN_ram_000015fc
ram:000011dc	ram:000018de	FUN_ram_000018de
ram:0000130c	ram:000018de	FUN_ram_000018de
ram:0000130c	ram:00001406	FUN_ram_00001406
ram:0000157a	ram:000018de	FUN_ram_000018de
ram:0000160a	ram:000015fc	FUN_ram_000015fc
ram:0000185e	ram:00001834	FUN_ram_00001834
ram:0000185e	ram:00001850	FUN_ram_00001850
ram:0000185e	ram:00001822	FUN_ram_00001822
ram:000018a6	ram:00001834	FUN_ram_00001834
ram:000018a6	ram:00001822	FUN_ram_00001822
ram:000018a6	ram:00001842	FUN_ram_00001842
ram:000018de	ram:0000185e	FUN_ram_0000185e
ram:000018de	ram:000018a6	FUN_ram_000018a6
ram:000018de	ram:00001834	FUN_ram_00001834
ram:000018de	ram:00001850	FUN_ram_00001850
ram:000018de	ram:00001822	FUN_ram_00001822
ram:000018de	ram:00001842	FUN_ram_00001842
ram:00001c48	ram:00007804	FUN_ram_00007804
ram:00001c48	ram:00007846	FUN_ram_00007846
ram:00001fbe	ram:000026e8	FUN_ram_000026e8
ram:00001fbe	ram:00001fa6	FUN_ram_00001fa6
ram:000027e2	ram:000026e8	FUN_ram_000026e8
ram:00002812	ram:000027e2	FUN_ram_000027e2
ram:0000286e	ram:000026e8	FUN_ram_000026e8
ram:0000289e	ram:0000286e	FUN_ram_0000286e
ram:00002dfe	ram:00002dea	FUN_ram_00002dea
ram:00003156	ram:00001fbe	FUN_ram_00001fbe
ram:0000315c	ram:200028d6	FUN_ram_200028d6
ram:00003178	ram:200028d6	FUN_ram_200028d6
ram:000031b8	ram:00001dc2	FUN_ram_00001dc2
ram:0000322a	ram:00003156	FUN_ram_00003156
ram:000032b6	ram:200028d6	FUN_ram_200028d6
ram:000033d0	ram:0000354a	FUN_ram_0000354a
ram:000033d0	ram:0000343e	FUN_ram_0000343e
ram:0000343e	ram:00003156	FUN_ram_00003156
ram:0000343e	ram:00001e18	FUN_ram_00001e18
ram:0000384e	ram:00003662	decode_transport_byte
ram:00003876	ram:0000359a	FUN_ram_0000359a
ram:0000388a	ram:200028d6	FUN_ram_200028d6
ram:0000388a	ram:0000566a	FUN_ram_0000566a
ram:0000388a	ram:00004be0	FUN_ram_00004be0
ram:0000388a	ram:000035a8	encode_transport_frame
ram:0000388a	ram:000055c0	FUN_ram_000055c0
ram:0000388a	ram:00007532	FUN_ram_00007532
ram:0000388a	ram:00001d1a	FUN_ram_00001d1a
ram:00003c48	ram:000035a8	encode_transport_frame
ram:00003c48	ram:00001d1a	FUN_ram_00001d1a
ram:00003d0c	ram:000078b2	FUN_ram_000078b2
ram:00003d8a	ram:00003d0c	FUN_ram_00003d0c
ram:00003d8a	ram:000035a8	encode_transport_frame
ram:00003d8a	ram:00001d1a	FUN_ram_00001d1a
ram:00003dd2	ram:00004dd8	thunk_FUN_ram_00002914
ram:00003dd2	ram:000035a8	encode_transport_frame
ram:00003dd2	ram:00001d1a	FUN_ram_00001d1a
ram:00003e1a	ram:00004eca	usb_send_report
ram:00003ed6	ram:00001d1a	FUN_ram_00001d1a
ram:00003f76	ram:00001d1a	FUN_ram_00001d1a
ram:00003fac	ram:00007696	save_host_id
ram:00003fac	ram:00006f6c	notify_af02
ram:00003fac	ram:00006ff6	notify_af01
ram:00003fac	ram:00001d1a	FUN_ram_00001d1a
ram:000040dc	ram:00004074	queue_gatt_to_main
ram:000040dc	ram:0000773c	find_saved_host_id
ram:000040dc	ram:00001d1a	FUN_ram_00001d1a
ram:00004224	ram:00004074	queue_gatt_to_main
ram:00004224	ram:00007568	FUN_ram_00007568
ram:00004224	ram:00001d1a	FUN_ram_00001d1a
ram:000042a4	ram:00003810	FUN_ram_00003810
ram:000042ac	ram:00004074	queue_gatt_to_main
ram:000042ac	ram:00003810	FUN_ram_00003810
ram:000042ac	ram:00004e1a	FUN_ram_00004e1a
ram:000042ac	ram:000042a4	FUN_ram_000042a4
ram:000042ac	ram:00001d1a	FUN_ram_00001d1a
ram:00004486	ram:000042a4	FUN_ram_000042a4
ram:00004486	ram:00001d1a	FUN_ram_00001d1a
ram:000045d4	ram:00003f3a	FUN_ram_00003f3a
ram:000045d4	ram:00004486	FUN_ram_00004486
ram:000045d4	ram:00003f76	FUN_ram_00003f76
ram:000045d4	ram:00003f20	FUN_ram_00003f20
ram:00004628	ram:00003fac	route_main_reply_to_gatt
ram:00004628	ram:00003d8a	FUN_ram_00003d8a
ram:00004628	ram:0000388a	dispatch_local_uart_command
ram:00004628	ram:000045d4	FUN_ram_000045d4
ram:00004628	ram:00003c48	FUN_ram_00003c48
ram:00004628	ram:00004dd8	thunk_FUN_ram_00002914
ram:00004628	ram:000035a8	encode_transport_frame
ram:00004628	ram:00003dd2	FUN_ram_00003dd2
ram:000047c8	ram:00003598	FUN_ram_00003598
ram:00004810	ram:000025fe	FUN_ram_000025fe
ram:00004810	ram:000025e4	FUN_ram_000025e4
ram:00004810	ram:00002498	FUN_ram_00002498
ram:00004810	ram:0000279c	FUN_ram_0000279c
ram:00004810	ram:0000268a	FUN_ram_0000268a
ram:00004810	ram:0000253e	FUN_ram_0000253e
ram:000048c2	ram:0000268a	FUN_ram_0000268a
ram:00004916	ram:000048c2	FUN_ram_000048c2
ram:00004916	ram:00007968	FUN_ram_00007968
ram:00004964	ram:000079ac	FUN_ram_000079ac
ram:00004964	ram:00007968	FUN_ram_00007968
ram:00004964	ram:00004916	FUN_ram_00004916
ram:00004ab8	ram:000074bc	FUN_ram_000074bc
ram:00004ab8	ram:0000566a	FUN_ram_0000566a
ram:00004b14	ram:000027cc	FUN_ram_000027cc
ram:00004b14	ram:000047c6	FUN_ram_000047c6
ram:00004b14	ram:00004810	FUN_ram_00004810
ram:00004b14	ram:0000566a	FUN_ram_0000566a
ram:00004b14	ram:00004e18	thunk_FUN_ram_00004ddc
ram:00004b14	ram:000027b6	FUN_ram_000027b6
ram:00004b9c	ram:000042ac	FUN_ram_000042ac
ram:00004b9c	ram:00003e1a	usb_tx_queue_service
ram:00004b9c	ram:00004628	FUN_ram_00004628
ram:00004bb2	ram:00004ab8	FUN_ram_00004ab8
ram:00004bb8	ram:000037e0	FUN_ram_000037e0
ram:00004bb8	ram:00004bb2	FUN_ram_00004bb2
ram:00004bb8	ram:000037f8	FUN_ram_000037f8
ram:00004bb8	ram:000037b0	FUN_ram_000037b0
ram:00004bb8	ram:00003798	FUN_ram_00003798
ram:00004bb8	ram:00004b9c	FUN_ram_00004b9c
ram:00004bb8	ram:000037c8	FUN_ram_000037c8
ram:00004bb8	ram:00004964	FUN_ram_00004964
ram:00004cee	ram:00003862	FUN_ram_00003862
ram:00004cee	ram:00004bec	decode_main_uart_byte
ram:00004cee	ram:000078b2	FUN_ram_000078b2
ram:00004ddc	ram:000028d0	FUN_ram_000028d0
ram:00004ddc	ram:00002498	FUN_ram_00002498
ram:00004ddc	ram:0000289e	FUN_ram_0000289e
ram:00004ddc	ram:000028ea	FUN_ram_000028ea
ram:00004e1a	ram:000079ac	FUN_ram_000079ac
ram:00004e1a	ram:00007968	FUN_ram_00007968
ram:00004e86	ram:0000384e	FUN_ram_0000384e
ram:00004eca	ram:00002a5e	FUN_ram_00002a5e
ram:00004eca	ram:00001d1a	FUN_ram_00001d1a
ram:00004f3c	ram:00002a74	FUN_ram_00002a74
ram:00004f66	ram:00002a8a	FUN_ram_00002a8a
ram:00004f90	ram:00002aa0	FUN_ram_00002aa0
ram:00004fba	ram:00004f3c	FUN_ram_00004f3c
ram:00004fba	ram:00004f90	FUN_ram_00004f90
ram:00004fba	ram:00004e86	usb_receive_report
ram:00004fba	ram:00004f66	FUN_ram_00004f66
ram:00004fba	ram:000078b2	FUN_ram_000078b2
ram:000054fa	ram:200028d6	FUN_ram_200028d6
ram:000055c0	ram:00003876	FUN_ram_00003876
ram:000055c0	ram:00002966	FUN_ram_00002966
ram:000055c0	ram:000054fa	FUN_ram_000054fa
ram:000055c0	ram:00001d1a	FUN_ram_00001d1a
ram:0000566a	ram:00003876	FUN_ram_00003876
ram:0000566a	ram:000029f8	FUN_ram_000029f8
ram:0000566a	ram:0000253e	FUN_ram_0000253e
ram:00005710	ram:200028d6	FUN_ram_200028d6
ram:00005710	ram:000078b2	FUN_ram_000078b2
ram:00005744	ram:00005710	FUN_ram_00005710
ram:00005864	ram:00007ab4	FUN_ram_00007ab4
ram:00005864	ram:00007968	FUN_ram_00007968
ram:00005864	ram:00001d1a	FUN_ram_00001d1a
ram:00005af0	ram:00007ab4	FUN_ram_00007ab4
ram:00005af0	ram:000079ac	FUN_ram_000079ac
ram:00005af0	ram:200028d6	FUN_ram_200028d6
ram:00005af0	ram:000078b2	FUN_ram_000078b2
ram:00005af0	ram:00005864	FUN_ram_00005864
ram:00005af0	ram:00004e1a	FUN_ram_00004e1a
ram:00005af0	ram:00003ed6	FUN_ram_00003ed6
ram:00005af0	ram:00007968	FUN_ram_00007968
ram:00005af0	ram:000042a4	FUN_ram_000042a4
ram:00005af0	ram:00001d1a	FUN_ram_00001d1a
ram:000064b8	ram:00001d1a	FUN_ram_00001d1a
ram:000065a0	ram:200028d6	FUN_ram_200028d6
ram:000065a0	ram:000078b2	FUN_ram_000078b2
ram:000065a0	ram:00004e1a	FUN_ram_00004e1a
ram:000065a0	ram:00007968	FUN_ram_00007968
ram:000065a0	ram:00001d1a	FUN_ram_00001d1a
ram:0000685a	ram:000078b2	FUN_ram_000078b2
ram:00006982	ram:0000696e	FUN_ram_0000696e
ram:00006cb0	ram:000047fe	FUN_ram_000047fe
ram:00006cb0	ram:200028d6	FUN_ram_200028d6
ram:00006cb0	ram:00004bb8	FUN_ram_00004bb8
ram:00006f6c	ram:00002d34	FUN_ram_00002d34
ram:00006ff6	ram:00002cdc	FUN_ram_00002cdc
ram:00007106	ram:00007080	FUN_ram_00007080
ram:000072e0	ram:00003126	FUN_ram_00003126
ram:000072e0	ram:00002c6a	FUN_ram_00002c6a
ram:000072e0	ram:00002efc	FUN_ram_00002efc
ram:000072e0	ram:00003144	FUN_ram_00003144
ram:000072e0	ram:00004b14	FUN_ram_00004b14
ram:000072e0	ram:00002764	FUN_ram_00002764
ram:00007466	ram:0000272a	FUN_ram_0000272a
ram:0000746c	ram:200028d6	FUN_ram_200028d6
ram:000074bc	ram:0000746c	FUN_ram_0000746c
ram:000074bc	ram:00007466	FUN_ram_00007466
ram:000074bc	ram:20002572	FUN_ram_20002572
ram:000074d2	ram:200028d6	FUN_ram_200028d6
ram:00007532	ram:000074d2	FUN_ram_000074d2
ram:00007568	ram:200028d6	FUN_ram_200028d6
ram:00007618	ram:200028d6	FUN_ram_200028d6
ram:00007696	ram:00007618	load_saved_host_ids
ram:00007696	ram:200028d6	FUN_ram_200028d6
ram:0000773c	ram:00007618	load_saved_host_ids
ram:00007794	ram:00002812	FUN_ram_00002812
ram:00007794	ram:00002498	FUN_ram_00002498
ram:00007794	ram:000032b6	FUN_ram_000032b6
ram:00007794	ram:000072e0	initialize_ble_application
ram:00007794	ram:000033d0	FUN_ram_000033d0
ram:00007794	ram:00005744	FUN_ram_00005744
ram:00007794	ram:200023fe	FUN_ram_200023fe
ram:00007794	ram:2000280a	FUN_ram_2000280a
ram:00007794	ram:0000253e	FUN_ram_0000253e
ram:00007804	ram:00007c92	FUN_ram_00007c92
ram:0000780e	ram:000047c8	FUN_ram_000047c8
ram:00007846	ram:00007800	FUN_ram_00007800
ram:00007846	ram:00007d1e	FUN_ram_00007d1e
ram:00007968	ram:00007f90	FUN_ram_00007f90
ram:00007968	ram:00008402	FUN_ram_00008402
ram:000079ac	ram:00007f90	FUN_ram_00007f90
ram:000079ac	ram:00008a52	FUN_ram_00008a52
ram:000079da	ram:00007f90	FUN_ram_00007f90
ram:000079da	ram:00007b82	FUN_ram_00007b82
ram:000079da	ram:00007ac2	FUN_ram_00007ac2
ram:00007ab4	ram:000079da	FUN_ram_000079da
ram:00007ac2	ram:00007f90	FUN_ram_00007f90
ram:00007ac2	ram:00007b82	FUN_ram_00007b82
ram:00007ac2	ram:00007e72	FUN_ram_00007e72
ram:00007b82	ram:00007f90	FUN_ram_00007f90
ram:00007b82	ram:000081fe	FUN_ram_000081fe
ram:00007b82	ram:00008160	FUN_ram_00008160
ram:00007d1e	ram:00007804	FUN_ram_00007804
ram:00007d36	ram:000081fe	FUN_ram_000081fe
ram:00007e72	ram:00007f90	FUN_ram_00007f90
ram:00007e72	ram:00007d36	FUN_ram_00007d36
ram:00007ed6	ram:00001d1a	FUN_ram_00001d1a
ram:00007f40	ram:0000809a	FUN_ram_0000809a
ram:00007f4a	ram:000082ae	FUN_ram_000082ae
ram:00007f4a	ram:00001d1a	FUN_ram_00001d1a
ram:00007f90	ram:00007ffa	FUN_ram_00007ffa
ram:00007f90	ram:00007ed6	FUN_ram_00007ed6
ram:00007ffa	ram:00007f90	FUN_ram_00007f90
ram:00007ffa	ram:00007f4a	FUN_ram_00007f4a
ram:00007ffa	ram:00001d1a	FUN_ram_00001d1a
ram:00008106	ram:00008c26	FUN_ram_00008c26
ram:00008160	ram:00008c58	FUN_ram_00008c58
ram:00008160	ram:00008106	FUN_ram_00008106
ram:00008160	ram:000082ae	FUN_ram_000082ae
ram:000081fe	ram:00008cd8	FUN_ram_00008cd8
ram:000081fe	ram:00008cd6	FUN_ram_00008cd6
ram:000082ae	ram:00008cd8	FUN_ram_00008cd8
ram:000082ae	ram:00008cd6	FUN_ram_00008cd6
ram:000082ae	ram:00008ad8	FUN_ram_00008ad8
ram:00008396	ram:00007ac2	FUN_ram_00007ac2
ram:000083c0	ram:00008396	FUN_ram_00008396
ram:00008402	ram:00007f90	FUN_ram_00007f90
ram:00008402	ram:00008cbc	FUN_ram_00008cbc
ram:00008402	ram:000083c0	FUN_ram_000083c0
ram:00008402	ram:000087aa	FUN_ram_000087aa
ram:00008402	ram:00007b82	FUN_ram_00007b82
ram:000087aa	ram:00008cbc	FUN_ram_00008cbc
ram:000087aa	ram:0000869e	FUN_ram_0000869e
ram:00008a52	ram:00007f90	FUN_ram_00007f90
ram:00008a52	ram:00007ac2	FUN_ram_00007ac2
ram:00008ad8	ram:00008d5e	FUN_ram_00008d5e
ram:00008b08	ram:00008cda	FUN_ram_00008cda
ram:00008b86	ram:00008c88	FUN_ram_00008c88
ram:00008bc2	ram:00008d8e	FUN_ram_00008d8e
ram:00008bf6	ram:00008d0e	FUN_ram_00008d0e
ram:00008c26	ram:00008d1e	FUN_ram_00008d1e
ram:00008c58	ram:00008d2e	FUN_ram_00008d2e
ram:00008c88	ram:00008d3e	FUN_ram_00008d3e
ram:00008cda	ram:00008d4e	FUN_ram_00008d4e
ram:200020c6	ram:200028d6	FUN_ram_200028d6
ram:20002106	ram:200028d6	FUN_ram_200028d6
ram:200021d4	ram:200028d6	FUN_ram_200028d6
ram:200021d4	ram:200025f4	FUN_ram_200025f4
ram:20002304	ram:200028d6	FUN_ram_200028d6
ram:20002304	ram:200023fe	FUN_ram_200023fe
ram:20002572	ram:200028d6	FUN_ram_200028d6
ram:200025ae	ram:200028d6	FUN_ram_200028d6
ram:20002602	ram:200025f4	FUN_ram_200025f4
ram:200026fc	ram:00003724	FUN_ram_00003724
ram:20002746	ram:00002844	FUN_ram_00002844
ram:2000277e	ram:00004cee	route_main_uart_frame
ram:2000277e	ram:000078b2	FUN_ram_000078b2
ram:2000277e	ram:0000293c	FUN_ram_0000293c
ram:200027fe	ram:00004fba	usb_interrupt_handler
ram:20002856	ram:20002848	FUN_ram_20002848
ram:20002856	ram:2000282c	FUN_ram_2000282c
ram:20002856	ram:2000281a	FUN_ram_2000281a
ram:2000289e	ram:2000282c	FUN_ram_2000282c
ram:2000289e	ram:2000283a	FUN_ram_2000283a
ram:2000289e	ram:2000281a	FUN_ram_2000281a
ram:200028d6	ram:20002856	FUN_ram_20002856
ram:200028d6	ram:20002848	FUN_ram_20002848
ram:200028d6	ram:2000289e	FUN_ram_2000289e
ram:200028d6	ram:2000282c	FUN_ram_2000282c
ram:200028d6	ram:2000283a	FUN_ram_2000283a
ram:200028d6	ram:2000281a	FUN_ram_2000281a
