address	name	type	source
ram:00001000	image_entry	Function	USER_DEFINED
ram:00001008	DAT_ram_00001008	Label	DEFAULT
ram:0000100c	DAT_ram_0000100c	Label	DEFAULT
ram:000010ce	FUN_ram_000010ce	Function	DEFAULT
ram:0000110e	FUN_ram_0000110e	Function	DEFAULT
ram:0000114c	LAB_ram_0000114c	Label	DEFAULT
ram:000011dc	FUN_ram_000011dc	Function	DEFAULT
ram:0000121e	LAB_ram_0000121e	Label	DEFAULT
ram:000012aa	LAB_ram_000012aa	Label	DEFAULT
ram:0000130c	FUN_ram_0000130c	Function	DEFAULT
ram:00001348	LAB_ram_00001348	Label	DEFAULT
ram:00001406	FUN_ram_00001406	Function	DEFAULT
ram:00001458	LAB_ram_00001458	Label	DEFAULT
ram:00001460	LAB_ram_00001460	Label	DEFAULT
ram:000014a2	LAB_ram_000014a2	Label	DEFAULT
ram:000014aa	LAB_ram_000014aa	Label	DEFAULT
ram:000014d4	LAB_ram_000014d4	Label	DEFAULT
ram:000014fe	LAB_ram_000014fe	Label	DEFAULT
ram:00001506	LAB_ram_00001506	Label	DEFAULT
ram:00001552	LAB_ram_00001552	Label	DEFAULT
ram:00001560	LAB_ram_00001560	Label	DEFAULT
ram:0000157a	FUN_ram_0000157a	Function	DEFAULT
ram:000015fc	FUN_ram_000015fc	Function	DEFAULT
ram:00001602	LAB_ram_00001602	Label	DEFAULT
ram:0000160a	FUN_ram_0000160a	Function	DEFAULT
ram:00001616	LAB_ram_00001616	Label	DEFAULT
ram:00001624	LAB_ram_00001624	Label	DEFAULT
ram:00001770	LAB_ram_00001770	Label	DEFAULT
ram:00001822	FUN_ram_00001822	Function	DEFAULT
ram:00001834	FUN_ram_00001834	Function	DEFAULT
ram:00001842	FUN_ram_00001842	Function	DEFAULT
ram:00001850	FUN_ram_00001850	Function	DEFAULT
ram:0000185e	FUN_ram_0000185e	Function	DEFAULT
ram:00001880	LAB_ram_00001880	Label	DEFAULT
ram:00001886	LAB_ram_00001886	Label	DEFAULT
ram:00001898	LAB_ram_00001898	Label	DEFAULT
ram:000018a6	FUN_ram_000018a6	Function	DEFAULT
ram:000018b2	LAB_ram_000018b2	Label	DEFAULT
ram:000018ce	LAB_ram_000018ce	Label	DEFAULT
ram:000018d6	LAB_ram_000018d6	Label	DEFAULT
ram:000018de	FUN_ram_000018de	Function	DEFAULT
ram:00001954	LAB_ram_00001954	Label	DEFAULT
ram:0000199c	LAB_ram_0000199c	Label	DEFAULT
ram:0000199e	LAB_ram_0000199e	Label	DEFAULT
ram:000019a0	LAB_ram_000019a0	Label	DEFAULT
ram:000019a6	LAB_ram_000019a6	Label	DEFAULT
ram:000019ac	LAB_ram_000019ac	Label	DEFAULT
ram:000019c0	LAB_ram_000019c0	Label	DEFAULT
ram:000019c4	LAB_ram_000019c4	Label	DEFAULT
ram:000019c6	LAB_ram_000019c6	Label	DEFAULT
ram:00001a0a	LAB_ram_00001a0a	Label	DEFAULT
ram:00001a16	LAB_ram_00001a16	Label	DEFAULT
ram:00001a30	LAB_ram_00001a30	Label	DEFAULT
ram:00001a3a	LAB_ram_00001a3a	Label	DEFAULT
ram:00001a3e	LAB_ram_00001a3e	Label	DEFAULT
ram:00001a4a	LAB_ram_00001a4a	Label	DEFAULT
ram:00001a52	LAB_ram_00001a52	Label	DEFAULT
ram:00001a66	LAB_ram_00001a66	Label	DEFAULT
ram:00001a76	LAB_ram_00001a76	Label	DEFAULT
ram:00001a7e	LAB_ram_00001a7e	Label	DEFAULT
ram:00001a8c	LAB_ram_00001a8c	Label	DEFAULT
ram:00001abc	LAB_ram_00001abc	Label	DEFAULT
ram:00001ac6	LAB_ram_00001ac6	Label	DEFAULT
ram:00001ad0	LAB_ram_00001ad0	Label	DEFAULT
ram:00001adc	LAB_ram_00001adc	Label	DEFAULT
ram:00001af8	LAB_ram_00001af8	Label	DEFAULT
ram:00001afe	LAB_ram_00001afe	Label	DEFAULT
ram:00001b14	LAB_ram_00001b14	Label	DEFAULT
ram:00001b24	LAB_ram_00001b24	Label	DEFAULT
ram:00001b30	LAB_ram_00001b30	Label	DEFAULT
ram:00001b52	LAB_ram_00001b52	Label	DEFAULT
ram:00001b56	LAB_ram_00001b56	Label	DEFAULT
ram:00001b60	LAB_ram_00001b60	Label	DEFAULT
ram:00001b64	LAB_ram_00001b64	Label	DEFAULT
ram:00001b86	LAB_ram_00001b86	Label	DEFAULT
ram:00001b94	LAB_ram_00001b94	Label	DEFAULT
ram:00001bac	LAB_ram_00001bac	Label	DEFAULT
ram:00001bb2	LAB_ram_00001bb2	Label	DEFAULT
ram:00001bcc	LAB_ram_00001bcc	Label	DEFAULT
ram:00001be6	LAB_ram_00001be6	Label	DEFAULT
ram:00001c0a	LAB_ram_00001c0a	Label	DEFAULT
ram:00001c2c	LAB_ram_00001c2c	Label	DEFAULT
ram:00001c40	LAB_ram_00001c40	Label	DEFAULT
ram:00001c48	runtime_start	Function	USER_DEFINED
ram:00001c74	LAB_ram_00001c74	Label	DEFAULT
ram:00001c84	LAB_ram_00001c84	Label	DEFAULT
ram:00001ca0	LAB_ram_00001ca0	Label	DEFAULT
ram:00001cb0	LAB_ram_00001cb0	Label	DEFAULT
ram:00001cc4	LAB_ram_00001cc4	Label	DEFAULT
ram:00001cce	LAB_ram_00001cce	Label	DEFAULT
ram:00001d1a	FUN_ram_00001d1a	Function	DEFAULT
ram:00001d28	LAB_ram_00001d28	Label	DEFAULT
ram:00001d2a	LAB_ram_00001d2a	Label	DEFAULT
ram:00001d32	LAB_ram_00001d32	Label	DEFAULT
ram:00001d44	LAB_ram_00001d44	Label	DEFAULT
ram:00001d92	LAB_ram_00001d92	Label	DEFAULT
ram:00001da4	LAB_ram_00001da4	Label	DEFAULT
ram:00001dc2	FUN_ram_00001dc2	Function	DEFAULT
ram:00001dea	FUN_ram_00001dea	Function	DEFAULT
ram:00001e18	FUN_ram_00001e18	Function	DEFAULT
ram:00001e2a	LAB_ram_00001e2a	Label	DEFAULT
ram:00001e4a	LAB_ram_00001e4a	Label	DEFAULT
ram:00001e84	LAB_ram_00001e84	Label	DEFAULT
ram:00001eae	LAB_ram_00001eae	Label	DEFAULT
ram:00001eda	LAB_ram_00001eda	Label	DEFAULT
ram:00001f12	LAB_ram_00001f12	Label	DEFAULT
ram:00001f38	LAB_ram_00001f38	Label	DEFAULT
ram:00001f46	LAB_ram_00001f46	Label	DEFAULT
ram:00001f58	LAB_ram_00001f58	Label	DEFAULT
ram:00001f5a	LAB_ram_00001f5a	Label	DEFAULT
ram:00001f6c	LAB_ram_00001f6c	Label	DEFAULT
ram:00001f74	LAB_ram_00001f74	Label	DEFAULT
ram:00001f78	LAB_ram_00001f78	Label	DEFAULT
ram:00001f7e	LAB_ram_00001f7e	Label	DEFAULT
ram:00001f9a	LAB_ram_00001f9a	Label	DEFAULT
ram:00001fa6	FUN_ram_00001fa6	Function	DEFAULT
ram:00001fac	LAB_ram_00001fac	Label	DEFAULT
ram:00001fbe	FUN_ram_00001fbe	Function	DEFAULT
ram:000020c0	LAB_ram_000020c0	Label	DEFAULT
ram:000020f8	LAB_ram_000020f8	Label	DEFAULT
ram:00002102	LAB_ram_00002102	Label	DEFAULT
ram:0000214e	LAB_ram_0000214e	Label	DEFAULT
ram:00002158	LAB_ram_00002158	Label	DEFAULT
ram:00002164	LAB_ram_00002164	Label	DEFAULT
ram:0000217a	LAB_ram_0000217a	Label	DEFAULT
ram:000021a4	LAB_ram_000021a4	Label	DEFAULT
ram:000021a8	LAB_ram_000021a8	Label	DEFAULT
ram:000021c0	LAB_ram_000021c0	Label	DEFAULT
ram:000021e0	LAB_ram_000021e0	Label	DEFAULT
ram:000021fa	LAB_ram_000021fa	Label	DEFAULT
ram:00002214	LAB_ram_00002214	Label	DEFAULT
ram:00002218	LAB_ram_00002218	Label	DEFAULT
ram:00002252	LAB_ram_00002252	Label	DEFAULT
ram:000022b0	LAB_ram_000022b0	Label	DEFAULT
ram:000022c0	LAB_ram_000022c0	Label	DEFAULT
ram:0000231c	LAB_ram_0000231c	Label	DEFAULT
ram:0000232c	LAB_ram_0000232c	Label	DEFAULT
ram:00002338	LAB_ram_00002338	Label	DEFAULT
ram:00002352	LAB_ram_00002352	Label	DEFAULT
ram:000023f8	LAB_ram_000023f8	Label	DEFAULT
ram:00002444	LAB_ram_00002444	Label	DEFAULT
ram:00002448	LAB_ram_00002448	Label	DEFAULT
ram:00002460	LAB_ram_00002460	Label	DEFAULT
ram:0000247a	LAB_ram_0000247a	Label	DEFAULT
ram:00002494	LAB_ram_00002494	Label	DEFAULT
ram:00002498	FUN_ram_00002498	Function	DEFAULT
ram:000024ae	switchD	Label	ANALYSIS
ram:000024b0	caseD_0	Label	ANALYSIS
ram:000024c6	LAB_ram_000024c6	Label	DEFAULT
ram:000024d2	LAB_ram_000024d2	Label	DEFAULT
ram:000024d6	default	Label	ANALYSIS
ram:000024d8	caseD_1	Label	ANALYSIS
ram:00002500	caseD_2	Label	ANALYSIS
ram:00002518	caseD_3	Label	ANALYSIS
ram:00002526	LAB_ram_00002526	Label	DEFAULT
ram:00002532	caseD_4	Label	ANALYSIS
ram:0000253e	FUN_ram_0000253e	Function	DEFAULT
ram:00002554	switchD	Label	ANALYSIS
ram:00002556	caseD_0	Label	ANALYSIS
ram:0000256c	LAB_ram_0000256c	Label	DEFAULT
ram:00002578	LAB_ram_00002578	Label	DEFAULT
ram:0000257c	default	Label	ANALYSIS
ram:0000257e	caseD_1	Label	ANALYSIS
ram:000025a6	caseD_2	Label	ANALYSIS
ram:000025be	caseD_3	Label	ANALYSIS
ram:000025cc	LAB_ram_000025cc	Label	DEFAULT
ram:000025d8	caseD_4	Label	ANALYSIS
ram:000025e4	FUN_ram_000025e4	Function	DEFAULT
ram:000025f0	LAB_ram_000025f0	Label	DEFAULT
ram:000025f6	LAB_ram_000025f6	Label	DEFAULT
ram:000025fe	FUN_ram_000025fe	Function	DEFAULT
ram:00002618	switchD	Label	ANALYSIS
ram:0000261a	caseD_0	Label	ANALYSIS
ram:00002622	LAB_ram_00002622	Label	DEFAULT
ram:00002626	default	Label	ANALYSIS
ram:00002628	caseD_1	Label	ANALYSIS
ram:00002636	caseD_2	Label	ANALYSIS
ram:00002644	caseD_3	Label	ANALYSIS
ram:00002652	caseD_4	Label	ANALYSIS
ram:00002660	caseD_5	Label	ANALYSIS
ram:0000266e	caseD_6	Label	ANALYSIS
ram:0000267c	caseD_7	Label	ANALYSIS
ram:0000268a	FUN_ram_0000268a	Function	DEFAULT
ram:0000269a	LAB_ram_0000269a	Label	DEFAULT
ram:000026a0	LAB_ram_000026a0	Label	DEFAULT
ram:000026ac	LAB_ram_000026ac	Label	DEFAULT
ram:000026ba	LAB_ram_000026ba	Label	DEFAULT
ram:000026ca	LAB_ram_000026ca	Label	DEFAULT
ram:000026dc	LAB_ram_000026dc	Label	DEFAULT
ram:000026e8	FUN_ram_000026e8	Function	DEFAULT
ram:00002702	LAB_ram_00002702	Label	DEFAULT
ram:0000270c	LAB_ram_0000270c	Label	DEFAULT
ram:00002722	LAB_ram_00002722	Label	DEFAULT
ram:0000272a	FUN_ram_0000272a	Function	DEFAULT
ram:00002746	FUN_ram_00002746	Function	DEFAULT
ram:0000275a	LAB_ram_0000275a	Label	DEFAULT
ram:00002764	FUN_ram_00002764	Function	DEFAULT
ram:0000277a	LAB_ram_0000277a	Label	DEFAULT
ram:0000279c	FUN_ram_0000279c	Function	DEFAULT
ram:000027b6	FUN_ram_000027b6	Function	DEFAULT
ram:000027cc	FUN_ram_000027cc	Function	DEFAULT
ram:000027e2	FUN_ram_000027e2	Function	DEFAULT
ram:00002812	FUN_ram_00002812	Function	DEFAULT
ram:00002844	FUN_ram_00002844	Function	DEFAULT
ram:0000284a	LAB_ram_0000284a	Label	DEFAULT
ram:0000285e	LAB_ram_0000285e	Label	DEFAULT
ram:0000286e	FUN_ram_0000286e	Function	DEFAULT
ram:0000289e	FUN_ram_0000289e	Function	DEFAULT
ram:000028d0	FUN_ram_000028d0	Function	DEFAULT
ram:000028ea	FUN_ram_000028ea	Function	DEFAULT
ram:00002908	LAB_ram_00002908	Label	DEFAULT
ram:00002914	FUN_ram_00002914	Function	DEFAULT
ram:0000291e	LAB_ram_0000291e	Label	DEFAULT
ram:00002922	LAB_ram_00002922	Label	DEFAULT
ram:0000293c	FUN_ram_0000293c	Function	DEFAULT
ram:00002942	LAB_ram_00002942	Label	DEFAULT
ram:00002956	LAB_ram_00002956	Label	DEFAULT
ram:00002966	FUN_ram_00002966	Function	DEFAULT
ram:000029f8	FUN_ram_000029f8	Function	DEFAULT
ram:00002a5e	FUN_ram_00002a5e	Function	DEFAULT
ram:00002a74	FUN_ram_00002a74	Function	DEFAULT
ram:00002a8a	FUN_ram_00002a8a	Function	DEFAULT
ram:00002aa0	FUN_ram_00002aa0	Function	DEFAULT
ram:00002ab6	LAB_ram_00002ab6	Label	DEFAULT
ram:00002af8	LAB_ram_00002af8	Label	DEFAULT
ram:00002afe	LAB_ram_00002afe	Label	DEFAULT
ram:00002b04	LAB_ram_00002b04	Label	DEFAULT
ram:00002b1e	LAB_ram_00002b1e	Label	DEFAULT
ram:00002b2e	LAB_ram_00002b2e	Label	DEFAULT
ram:00002b36	LAB_ram_00002b36	Label	DEFAULT
ram:00002c02	LAB_ram_00002c02	Label	DEFAULT
ram:00002c18	LAB_ram_00002c18	Label	DEFAULT
ram:00002c4a	LAB_ram_00002c4a	Label	DEFAULT
ram:00002c5e	LAB_ram_00002c5e	Label	DEFAULT
ram:00002c68	LAB_ram_00002c68	Label	DEFAULT
ram:00002c6a	FUN_ram_00002c6a	Function	DEFAULT
ram:00002cdc	FUN_ram_00002cdc	Function	DEFAULT
ram:00002d26	LAB_ram_00002d26	Label	DEFAULT
ram:00002d34	FUN_ram_00002d34	Function	DEFAULT
ram:00002d7e	LAB_ram_00002d7e	Label	DEFAULT
ram:00002d8c	LAB_ram_00002d8c	Label	DEFAULT
ram:00002dde	LAB_ram_00002dde	Label	DEFAULT
ram:00002dea	FUN_ram_00002dea	Function	DEFAULT
ram:00002df2	LAB_ram_00002df2	Label	DEFAULT
ram:00002dfe	FUN_ram_00002dfe	Function	DEFAULT
ram:00002e1e	LAB_ram_00002e1e	Label	DEFAULT
ram:00002e26	LAB_ram_00002e26	Label	DEFAULT
ram:00002e9e	LAB_ram_00002e9e	Label	DEFAULT
ram:00002ec2	LAB_ram_00002ec2	Label	DEFAULT
ram:00002eda	LAB_ram_00002eda	Label	DEFAULT
ram:00002edc	LAB_ram_00002edc	Label	DEFAULT
ram:00002efa	LAB_ram_00002efa	Label	DEFAULT
ram:00002efc	FUN_ram_00002efc	Function	DEFAULT
ram:00002f4e	LAB_ram_00002f4e	Label	DEFAULT
ram:00003126	FUN_ram_00003126	Function	DEFAULT
ram:00003144	FUN_ram_00003144	Function	DEFAULT
ram:00003152	LAB_ram_00003152	Label	DEFAULT
ram:00003156	FUN_ram_00003156	Function	DEFAULT
ram:0000315c	FUN_ram_0000315c	Function	DEFAULT
ram:00003178	FUN_ram_00003178	Function	DEFAULT
ram:000031b8	FUN_ram_000031b8	Function	DEFAULT
ram:000031fe	LAB_ram_000031fe	Label	DEFAULT
ram:0000322a	FUN_ram_0000322a	Function	DEFAULT
ram:0000324c	LAB_ram_0000324c	Label	DEFAULT
ram:0000324e	LAB_ram_0000324e	Label	DEFAULT
ram:00003250	LAB_ram_00003250	Label	DEFAULT
ram:0000325a	LAB_ram_0000325a	Label	DEFAULT
ram:00003292	LAB_ram_00003292	Label	DEFAULT
ram:000032b6	FUN_ram_000032b6	Function	DEFAULT
ram:000032d2	LAB_ram_000032d2	Label	DEFAULT
ram:000032d4	LAB_ram_000032d4	Label	DEFAULT
ram:00003394	LAB_ram_00003394	Label	DEFAULT
ram:000033b6	LAB_ram_000033b6	Label	DEFAULT
ram:000033b8	LAB_ram_000033b8	Label	DEFAULT
ram:000033c6	LAB_ram_000033c6	Label	DEFAULT
ram:000033c8	LAB_ram_000033c8	Label	DEFAULT
ram:000033d0	FUN_ram_000033d0	Function	DEFAULT
ram:00003416	FUN_ram_00003416	Function	DEFAULT
ram:0000343e	FUN_ram_0000343e	Function	DEFAULT
ram:000034a6	LAB_ram_000034a6	Label	DEFAULT
ram:000034d4	LAB_ram_000034d4	Label	DEFAULT
ram:000034ec	LAB_ram_000034ec	Label	DEFAULT
ram:000034f6	LAB_ram_000034f6	Label	DEFAULT
ram:00003532	LAB_ram_00003532	Label	DEFAULT
ram:0000353c	LAB_ram_0000353c	Label	DEFAULT
ram:00003546	LAB_ram_00003546	Label	DEFAULT
ram:0000354a	FUN_ram_0000354a	Function	DEFAULT
ram:00003598	FUN_ram_00003598	Function	DEFAULT
ram:0000359a	FUN_ram_0000359a	Function	DEFAULT
ram:000035a8	encode_transport_frame	Function	USER_DEFINED
ram:000035d2	LAB_ram_000035d2	Label	DEFAULT
ram:000035e6	LAB_ram_000035e6	Label	DEFAULT
ram:000035fa	LAB_ram_000035fa	Label	DEFAULT
ram:00003624	LAB_ram_00003624	Label	DEFAULT
ram:0000362e	LAB_ram_0000362e	Label	DEFAULT
ram:00003638	LAB_ram_00003638	Label	DEFAULT
ram:00003646	LAB_ram_00003646	Label	DEFAULT
ram:0000365e	LAB_ram_0000365e	Label	DEFAULT
ram:00003662	decode_transport_byte	Function	USER_DEFINED
ram:0000367e	caseD_0	Label	ANALYSIS
ram:00003682	LAB_ram_00003682	Label	DEFAULT
ram:0000368a	caseD_1	Label	ANALYSIS
ram:000036a0	LAB_ram_000036a0	Label	DEFAULT
ram:000036a6	LAB_ram_000036a6	Label	DEFAULT
ram:000036c0	switchD	Label	ANALYSIS
ram:000036c2	caseD_4	Label	ANALYSIS
ram:000036c4	caseD_2	Label	ANALYSIS
ram:000036c4	caseD_3	Label	ANALYSIS
ram:000036c4	caseD_5	Label	ANALYSIS
ram:000036ca	LAB_ram_000036ca	Label	DEFAULT
ram:000036e0	caseD_6	Label	ANALYSIS
ram:0000370c	caseD_7	Label	ANALYSIS
ram:0000371e	LAB_ram_0000371e	Label	DEFAULT
ram:00003724	FUN_ram_00003724	Function	DEFAULT
ram:00003754	LAB_ram_00003754	Label	DEFAULT
ram:0000376a	LAB_ram_0000376a	Label	DEFAULT
ram:00003780	LAB_ram_00003780	Label	DEFAULT
ram:00003796	LAB_ram_00003796	Label	DEFAULT
ram:00003798	FUN_ram_00003798	Function	DEFAULT
ram:000037ae	LAB_ram_000037ae	Label	DEFAULT
ram:000037b0	FUN_ram_000037b0	Function	DEFAULT
ram:000037c6	LAB_ram_000037c6	Label	DEFAULT
ram:000037c8	FUN_ram_000037c8	Function	DEFAULT
ram:000037de	LAB_ram_000037de	Label	DEFAULT
ram:000037e0	FUN_ram_000037e0	Function	DEFAULT
ram:000037f6	LAB_ram_000037f6	Label	DEFAULT
ram:000037f8	FUN_ram_000037f8	Function	DEFAULT
ram:0000380e	LAB_ram_0000380e	Label	DEFAULT
ram:00003810	FUN_ram_00003810	Function	DEFAULT
ram:0000384e	FUN_ram_0000384e	Function	DEFAULT
ram:00003862	FUN_ram_00003862	Function	DEFAULT
ram:00003876	FUN_ram_00003876	Function	DEFAULT
ram:0000388a	dispatch_local_uart_command	Function	USER_DEFINED
ram:000038d0	LAB_ram_000038d0	Label	DEFAULT
ram:000038d8	LAB_ram_000038d8	Label	DEFAULT
ram:000038dc	LAB_ram_000038dc	Label	DEFAULT
ram:000038f0	LAB_ram_000038f0	Label	DEFAULT
ram:00003904	LAB_ram_00003904	Label	DEFAULT
ram:000039e2	LAB_ram_000039e2	Label	DEFAULT
ram:000039ec	LAB_ram_000039ec	Label	DEFAULT
ram:000039fa	LAB_ram_000039fa	Label	DEFAULT
ram:00003a34	LAB_ram_00003a34	Label	DEFAULT
ram:00003a70	LAB_ram_00003a70	Label	DEFAULT
ram:00003a8a	LAB_ram_00003a8a	Label	DEFAULT
ram:00003a9c	LAB_ram_00003a9c	Label	DEFAULT
ram:00003aae	LAB_ram_00003aae	Label	DEFAULT
ram:00003ab4	LAB_ram_00003ab4	Label	DEFAULT
ram:00003ad0	LAB_ram_00003ad0	Label	DEFAULT
ram:00003ada	LAB_ram_00003ada	Label	DEFAULT
ram:00003b02	LAB_ram_00003b02	Label	DEFAULT
ram:00003b08	LAB_ram_00003b08	Label	DEFAULT
ram:00003b28	LAB_ram_00003b28	Label	DEFAULT
ram:00003b3a	LAB_ram_00003b3a	Label	DEFAULT
ram:00003ba6	LAB_ram_00003ba6	Label	DEFAULT
ram:00003bc2	LAB_ram_00003bc2	Label	DEFAULT
ram:00003bd4	LAB_ram_00003bd4	Label	DEFAULT
ram:00003c18	LAB_ram_00003c18	Label	DEFAULT
ram:00003c48	FUN_ram_00003c48	Function	DEFAULT
ram:00003cac	LAB_ram_00003cac	Label	DEFAULT
ram:00003ce4	LAB_ram_00003ce4	Label	DEFAULT
ram:00003cf4	LAB_ram_00003cf4	Label	DEFAULT
ram:00003d0c	FUN_ram_00003d0c	Function	DEFAULT
ram:00003d66	LAB_ram_00003d66	Label	DEFAULT
ram:00003d7e	LAB_ram_00003d7e	Label	DEFAULT
ram:00003d88	LAB_ram_00003d88	Label	DEFAULT
ram:00003d8a	FUN_ram_00003d8a	Function	DEFAULT
ram:00003dd2	FUN_ram_00003dd2	Function	DEFAULT
ram:00003e1a	usb_tx_queue_service	Function	USER_DEFINED
ram:00003e9c	LAB_ram_00003e9c	Label	DEFAULT
ram:00003ea4	LAB_ram_00003ea4	Label	DEFAULT
ram:00003ed4	LAB_ram_00003ed4	Label	DEFAULT
ram:00003ed6	FUN_ram_00003ed6	Function	DEFAULT
ram:00003f0c	LAB_ram_00003f0c	Label	DEFAULT
ram:00003f1e	LAB_ram_00003f1e	Label	DEFAULT
ram:00003f20	FUN_ram_00003f20	Function	DEFAULT
ram:00003f36	LAB_ram_00003f36	Label	DEFAULT
ram:00003f3a	FUN_ram_00003f3a	Function	DEFAULT
ram:00003f76	FUN_ram_00003f76	Function	DEFAULT
ram:00003fac	route_main_reply_to_gatt	Function	USER_DEFINED
ram:0000401c	LAB_ram_0000401c	Label	DEFAULT
ram:0000404c	LAB_ram_0000404c	Label	DEFAULT
ram:00004064	LAB_ram_00004064	Label	DEFAULT
ram:00004074	queue_gatt_to_main	Function	USER_DEFINED
ram:000040a6	LAB_ram_000040a6	Label	DEFAULT
ram:000040d0	LAB_ram_000040d0	Label	DEFAULT
ram:000040da	LAB_ram_000040da	Label	DEFAULT
ram:000040dc	handle_af02_write	Function	USER_DEFINED
ram:00004124	LAB_ram_00004124	Label	DEFAULT
ram:0000412c	LAB_ram_0000412c	Label	DEFAULT
ram:00004148	LAB_ram_00004148	Label	DEFAULT
ram:000041d0	LAB_ram_000041d0	Label	DEFAULT
ram:000041d6	LAB_ram_000041d6	Label	DEFAULT
ram:000041f8	LAB_ram_000041f8	Label	DEFAULT
ram:0000420e	LAB_ram_0000420e	Label	DEFAULT
ram:00004212	LAB_ram_00004212	Label	DEFAULT
ram:00004224	handle_af01_write	Function	USER_DEFINED
ram:00004268	LAB_ram_00004268	Label	DEFAULT
ram:00004286	LAB_ram_00004286	Label	DEFAULT
ram:0000429a	LAB_ram_0000429a	Label	DEFAULT
ram:000042a4	FUN_ram_000042a4	Function	DEFAULT
ram:000042aa	LAB_ram_000042aa	Label	DEFAULT
ram:000042ac	FUN_ram_000042ac	Function	DEFAULT
ram:000042fe	LAB_ram_000042fe	Label	DEFAULT
ram:00004316	LAB_ram_00004316	Label	DEFAULT
ram:00004320	LAB_ram_00004320	Label	DEFAULT
ram:0000436a	LAB_ram_0000436a	Label	DEFAULT
ram:000043a8	LAB_ram_000043a8	Label	DEFAULT
ram:000043d8	LAB_ram_000043d8	Label	DEFAULT
ram:00004410	LAB_ram_00004410	Label	DEFAULT
ram:00004434	LAB_ram_00004434	Label	DEFAULT
ram:0000445c	LAB_ram_0000445c	Label	DEFAULT
ram:00004478	LAB_ram_00004478	Label	DEFAULT
ram:00004486	FUN_ram_00004486	Function	DEFAULT
ram:000044b2	LAB_ram_000044b2	Label	DEFAULT
ram:0000454e	LAB_ram_0000454e	Label	DEFAULT
ram:00004574	LAB_ram_00004574	Label	DEFAULT
ram:0000457c	LAB_ram_0000457c	Label	DEFAULT
ram:000045bc	LAB_ram_000045bc	Label	DEFAULT
ram:000045c6	LAB_ram_000045c6	Label	DEFAULT
ram:000045ca	LAB_ram_000045ca	Label	DEFAULT
ram:000045d4	FUN_ram_000045d4	Function	DEFAULT
ram:0000460a	LAB_ram_0000460a	Label	DEFAULT
ram:0000461c	LAB_ram_0000461c	Label	DEFAULT
ram:00004620	LAB_ram_00004620	Label	DEFAULT
ram:00004622	LAB_ram_00004622	Label	DEFAULT
ram:00004626	LAB_ram_00004626	Label	DEFAULT
ram:00004628	FUN_ram_00004628	Function	DEFAULT
ram:0000464c	LAB_ram_0000464c	Label	DEFAULT
ram:0000466e	LAB_ram_0000466e	Label	DEFAULT
ram:0000468e	LAB_ram_0000468e	Label	DEFAULT
ram:000046b6	LAB_ram_000046b6	Label	DEFAULT
ram:000046bc	LAB_ram_000046bc	Label	DEFAULT
ram:000046e0	LAB_ram_000046e0	Label	DEFAULT
ram:000046ea	LAB_ram_000046ea	Label	DEFAULT
ram:000046fa	LAB_ram_000046fa	Label	DEFAULT
ram:0000479c	LAB_ram_0000479c	Label	DEFAULT
ram:000047a6	LAB_ram_000047a6	Label	DEFAULT
ram:000047ac	LAB_ram_000047ac	Label	DEFAULT
ram:000047ba	LAB_ram_000047ba	Label	DEFAULT
ram:000047c6	FUN_ram_000047c6	Function	DEFAULT
ram:000047c8	FUN_ram_000047c8	Function	DEFAULT
ram:000047e2	LAB_ram_000047e2	Label	DEFAULT
ram:000047fe	FUN_ram_000047fe	Function	DEFAULT
ram:00004810	FUN_ram_00004810	Function	DEFAULT
ram:000048c2	FUN_ram_000048c2	Function	DEFAULT
ram:000048ca	LAB_ram_000048ca	Label	DEFAULT
ram:000048d6	LAB_ram_000048d6	Label	DEFAULT
ram:000048e4	LAB_ram_000048e4	Label	DEFAULT
ram:000048e6	LAB_ram_000048e6	Label	DEFAULT
ram:000048f4	LAB_ram_000048f4	Label	DEFAULT
ram:00004904	LAB_ram_00004904	Label	DEFAULT
ram:00004916	FUN_ram_00004916	Function	DEFAULT
ram:00004964	FUN_ram_00004964	Function	DEFAULT
ram:000049d6	LAB_ram_000049d6	Label	DEFAULT
ram:000049fa	LAB_ram_000049fa	Label	DEFAULT
ram:000049fc	LAB_ram_000049fc	Label	DEFAULT
ram:00004a22	LAB_ram_00004a22	Label	DEFAULT
ram:00004a34	LAB_ram_00004a34	Label	DEFAULT
ram:00004a9a	LAB_ram_00004a9a	Label	DEFAULT
ram:00004ab8	FUN_ram_00004ab8	Function	DEFAULT
ram:00004ad8	LAB_ram_00004ad8	Label	DEFAULT
ram:00004af8	LAB_ram_00004af8	Label	DEFAULT
ram:00004b08	LAB_ram_00004b08	Label	DEFAULT
ram:00004b0a	LAB_ram_00004b0a	Label	DEFAULT
ram:00004b14	FUN_ram_00004b14	Function	DEFAULT
ram:00004b9c	FUN_ram_00004b9c	Function	DEFAULT
ram:00004bb2	FUN_ram_00004bb2	Function	DEFAULT
ram:00004bb8	FUN_ram_00004bb8	Function	DEFAULT
ram:00004bc4	LAB_ram_00004bc4	Label	DEFAULT
ram:00004bcc	LAB_ram_00004bcc	Label	DEFAULT
ram:00004bd4	LAB_ram_00004bd4	Label	DEFAULT
ram:00004be0	FUN_ram_00004be0	Function	DEFAULT
ram:00004bec	decode_main_uart_byte	Function	USER_DEFINED
ram:00004c18	LAB_ram_00004c18	Label	DEFAULT
ram:00004c24	caseD_1	Label	ANALYSIS
ram:00004c46	LAB_ram_00004c46	Label	DEFAULT
ram:00004c50	LAB_ram_00004c50	Label	DEFAULT
ram:00004c6a	switchD	Label	ANALYSIS
ram:00004c6c	caseD_4	Label	ANALYSIS
ram:00004c6e	caseD_2	Label	ANALYSIS
ram:00004c6e	caseD_3	Label	ANALYSIS
ram:00004c6e	caseD_5	Label	ANALYSIS
ram:00004c76	caseD_0	Label	ANALYSIS
ram:00004c78	LAB_ram_00004c78	Label	DEFAULT
ram:00004c9a	caseD_6	Label	ANALYSIS
ram:00004cd6	caseD_7	Label	ANALYSIS
ram:00004cee	route_main_uart_frame	Function	USER_DEFINED
ram:00004d0a	LAB_ram_00004d0a	Label	DEFAULT
ram:00004d52	LAB_ram_00004d52	Label	DEFAULT
ram:00004d5e	LAB_ram_00004d5e	Label	DEFAULT
ram:00004d6c	LAB_ram_00004d6c	Label	DEFAULT
ram:00004d92	LAB_ram_00004d92	Label	DEFAULT
ram:00004db8	LAB_ram_00004db8	Label	DEFAULT
ram:00004dd8	thunk_FUN_ram_00002914	Function	DEFAULT
ram:00004ddc	FUN_ram_00004ddc	Function	DEFAULT
ram:00004e18	thunk_FUN_ram_00004ddc	Function	DEFAULT
ram:00004e1a	FUN_ram_00004e1a	Function	DEFAULT
ram:00004e52	LAB_ram_00004e52	Label	DEFAULT
ram:00004e56	LAB_ram_00004e56	Label	DEFAULT
ram:00004e66	LAB_ram_00004e66	Label	DEFAULT
ram:00004e74	LAB_ram_00004e74	Label	DEFAULT
ram:00004e80	LAB_ram_00004e80	Label	DEFAULT
ram:00004e86	usb_receive_report	Function	USER_DEFINED
ram:00004e9e	LAB_ram_00004e9e	Label	DEFAULT
ram:00004ebc	LAB_ram_00004ebc	Label	DEFAULT
ram:00004eca	usb_send_report	Function	USER_DEFINED
ram:00004ef6	LAB_ram_00004ef6	Label	DEFAULT
ram:00004f24	LAB_ram_00004f24	Label	DEFAULT
ram:00004f3c	FUN_ram_00004f3c	Function	DEFAULT
ram:00004f46	LAB_ram_00004f46	Label	DEFAULT
ram:00004f52	LAB_ram_00004f52	Label	DEFAULT
ram:00004f66	FUN_ram_00004f66	Function	DEFAULT
ram:00004f70	LAB_ram_00004f70	Label	DEFAULT
ram:00004f7c	LAB_ram_00004f7c	Label	DEFAULT
ram:00004f90	FUN_ram_00004f90	Function	DEFAULT
ram:00004f9a	LAB_ram_00004f9a	Label	DEFAULT
ram:00004fa6	LAB_ram_00004fa6	Label	DEFAULT
ram:00004fba	usb_interrupt_handler	Function	USER_DEFINED
ram:00005014	LAB_ram_00005014	Label	DEFAULT
ram:0000501e	LAB_ram_0000501e	Label	DEFAULT
ram:00005082	switchD	Label	ANALYSIS
ram:00005084	LAB_ram_00005084	Label	DEFAULT
ram:000050bc	LAB_ram_000050bc	Label	DEFAULT
ram:000050ea	LAB_ram_000050ea	Label	DEFAULT
ram:00005118	LAB_ram_00005118	Label	DEFAULT
ram:00005168	LAB_ram_00005168	Label	DEFAULT
ram:0000516e	LAB_ram_0000516e	Label	DEFAULT
ram:00005184	LAB_ram_00005184	Label	DEFAULT
ram:00005188	LAB_ram_00005188	Label	DEFAULT
ram:0000518e	LAB_ram_0000518e	Label	DEFAULT
ram:00005194	LAB_ram_00005194	Label	DEFAULT
ram:000051a8	LAB_ram_000051a8	Label	DEFAULT
ram:000051bc	LAB_ram_000051bc	Label	DEFAULT
ram:000051ce	LAB_ram_000051ce	Label	DEFAULT
ram:000051e2	LAB_ram_000051e2	Label	DEFAULT
ram:000051f4	LAB_ram_000051f4	Label	DEFAULT
ram:00005214	caseD_6	Label	ANALYSIS
ram:00005234	LAB_ram_00005234	Label	DEFAULT
ram:0000523c	LAB_ram_0000523c	Label	DEFAULT
ram:0000526a	LAB_ram_0000526a	Label	DEFAULT
ram:0000527e	LAB_ram_0000527e	Label	DEFAULT
ram:0000528e	LAB_ram_0000528e	Label	DEFAULT
ram:000052a6	LAB_ram_000052a6	Label	DEFAULT
ram:000052d6	caseD_2	Label	ANALYSIS
ram:000052d6	caseD_3	Label	ANALYSIS
ram:000052d6	caseD_4	Label	ANALYSIS
ram:000052d6	caseD_7	Label	ANALYSIS
ram:000052de	LAB_ram_000052de	Label	DEFAULT
ram:000052e8	LAB_ram_000052e8	Label	DEFAULT
ram:000052ec	LAB_ram_000052ec	Label	DEFAULT
ram:000052fc	LAB_ram_000052fc	Label	DEFAULT
ram:0000530c	LAB_ram_0000530c	Label	DEFAULT
ram:00005324	LAB_ram_00005324	Label	DEFAULT
ram:00005350	LAB_ram_00005350	Label	DEFAULT
ram:00005366	LAB_ram_00005366	Label	DEFAULT
ram:0000537c	LAB_ram_0000537c	Label	DEFAULT
ram:00005384	caseD_5	Label	ANALYSIS
ram:00005388	LAB_ram_00005388	Label	DEFAULT
ram:00005392	caseD_8	Label	ANALYSIS
ram:0000539e	LAB_ram_0000539e	Label	DEFAULT
ram:000053b0	caseD_9	Label	ANALYSIS
ram:000053bc	LAB_ram_000053bc	Label	DEFAULT
ram:000053de	LAB_ram_000053de	Label	DEFAULT
ram:000053f0	LAB_ram_000053f0	Label	DEFAULT
ram:000053fe	caseD_1	Label	ANALYSIS
ram:00005428	LAB_ram_00005428	Label	DEFAULT
ram:00005448	LAB_ram_00005448	Label	DEFAULT
ram:0000544e	LAB_ram_0000544e	Label	DEFAULT
ram:0000545c	LAB_ram_0000545c	Label	DEFAULT
ram:0000546c	LAB_ram_0000546c	Label	DEFAULT
ram:00005472	caseD_a	Label	ANALYSIS
ram:00005478	caseD_0	Label	ANALYSIS
ram:00005492	LAB_ram_00005492	Label	DEFAULT
ram:000054b4	LAB_ram_000054b4	Label	DEFAULT
ram:000054ec	LAB_ram_000054ec	Label	DEFAULT
ram:000054f4	LAB_ram_000054f4	Label	DEFAULT
ram:000054fa	FUN_ram_000054fa	Function	DEFAULT
ram:0000554a	LAB_ram_0000554a	Label	DEFAULT
ram:00005564	LAB_ram_00005564	Label	DEFAULT
ram:00005584	LAB_ram_00005584	Label	DEFAULT
ram:00005590	LAB_ram_00005590	Label	DEFAULT
ram:00005598	LAB_ram_00005598	Label	DEFAULT
ram:000055c0	FUN_ram_000055c0	Function	DEFAULT
ram:0000566a	FUN_ram_0000566a	Function	DEFAULT
ram:000056c0	LAB_ram_000056c0	Label	DEFAULT
ram:000056c2	LAB_ram_000056c2	Label	DEFAULT
ram:000056ce	FUN_ram_000056ce	Function	DEFAULT
ram:000056fe	LAB_ram_000056fe	Label	DEFAULT
ram:0000570e	LAB_ram_0000570e	Label	DEFAULT
ram:00005710	FUN_ram_00005710	Function	DEFAULT
ram:00005744	FUN_ram_00005744	Function	DEFAULT
ram:00005822	LAB_ram_00005822	Label	DEFAULT
ram:00005864	FUN_ram_00005864	Function	DEFAULT
ram:000058b0	LAB_ram_000058b0	Label	DEFAULT
ram:000058e8	LAB_ram_000058e8	Label	DEFAULT
ram:00005908	switchD	Label	ANALYSIS
ram:0000590a	caseD_0	Label	ANALYSIS
ram:00005926	caseD_5	Label	ANALYSIS
ram:00005926	caseD_6	Label	ANALYSIS
ram:00005938	LAB_ram_00005938	Label	DEFAULT
ram:0000593c	caseD_1	Label	ANALYSIS
ram:00005944	LAB_ram_00005944	Label	DEFAULT
ram:0000594a	caseD_2	Label	ANALYSIS
ram:00005954	caseD_3	Label	ANALYSIS
ram:0000595e	caseD_4	Label	ANALYSIS
ram:00005968	caseD_7	Label	ANALYSIS
ram:0000597a	caseD_8	Label	ANALYSIS
ram:00005988	caseD_9	Label	ANALYSIS
ram:0000599a	LAB_ram_0000599a	Label	DEFAULT
ram:000059c0	LAB_ram_000059c0	Label	DEFAULT
ram:000059d8	LAB_ram_000059d8	Label	DEFAULT
ram:000059f0	LAB_ram_000059f0	Label	DEFAULT
ram:00005a3c	LAB_ram_00005a3c	Label	DEFAULT
ram:00005a42	LAB_ram_00005a42	Label	DEFAULT
ram:00005a56	LAB_ram_00005a56	Label	DEFAULT
ram:00005a5c	LAB_ram_00005a5c	Label	DEFAULT
ram:00005a66	LAB_ram_00005a66	Label	DEFAULT
ram:00005a78	LAB_ram_00005a78	Label	DEFAULT
ram:00005a7c	LAB_ram_00005a7c	Label	DEFAULT
ram:00005ac2	LAB_ram_00005ac2	Label	DEFAULT
ram:00005ae2	LAB_ram_00005ae2	Label	DEFAULT
ram:00005af0	FUN_ram_00005af0	Function	DEFAULT
ram:00005b6e	LAB_ram_00005b6e	Label	DEFAULT
ram:00005b72	LAB_ram_00005b72	Label	DEFAULT
ram:00005b7c	LAB_ram_00005b7c	Label	DEFAULT
ram:00005b80	LAB_ram_00005b80	Label	DEFAULT
ram:00005bb8	LAB_ram_00005bb8	Label	DEFAULT
ram:00005bcc	LAB_ram_00005bcc	Label	DEFAULT
ram:00005bda	LAB_ram_00005bda	Label	DEFAULT
ram:00005be2	LAB_ram_00005be2	Label	DEFAULT
ram:00005bf0	LAB_ram_00005bf0	Label	DEFAULT
ram:00005bfe	LAB_ram_00005bfe	Label	DEFAULT
ram:00005c04	LAB_ram_00005c04	Label	DEFAULT
ram:00005c36	LAB_ram_00005c36	Label	DEFAULT
ram:00005c3c	LAB_ram_00005c3c	Label	DEFAULT
ram:00005c94	LAB_ram_00005c94	Label	DEFAULT
ram:00005c9c	LAB_ram_00005c9c	Label	DEFAULT
ram:00005ce4	LAB_ram_00005ce4	Label	DEFAULT
ram:00005d0a	LAB_ram_00005d0a	Label	DEFAULT
ram:00005d0e	LAB_ram_00005d0e	Label	DEFAULT
ram:00005d26	LAB_ram_00005d26	Label	DEFAULT
ram:00005d3a	LAB_ram_00005d3a	Label	DEFAULT
ram:00005d40	LAB_ram_00005d40	Label	DEFAULT
ram:00005d48	LAB_ram_00005d48	Label	DEFAULT
ram:00005d64	LAB_ram_00005d64	Label	DEFAULT
ram:00005d86	LAB_ram_00005d86	Label	DEFAULT
ram:00005db2	LAB_ram_00005db2	Label	DEFAULT
ram:00005db8	LAB_ram_00005db8	Label	DEFAULT
ram:00005dee	LAB_ram_00005dee	Label	DEFAULT
ram:00005e24	LAB_ram_00005e24	Label	DEFAULT
ram:00005e54	LAB_ram_00005e54	Label	DEFAULT
ram:00005e7a	LAB_ram_00005e7a	Label	DEFAULT
ram:00005e8c	LAB_ram_00005e8c	Label	DEFAULT
ram:00005e9e	LAB_ram_00005e9e	Label	DEFAULT
ram:00005eba	LAB_ram_00005eba	Label	DEFAULT
ram:00005edc	LAB_ram_00005edc	Label	DEFAULT
ram:00005efa	LAB_ram_00005efa	Label	DEFAULT
ram:00005f04	LAB_ram_00005f04	Label	DEFAULT
ram:00005f20	LAB_ram_00005f20	Label	DEFAULT
ram:00005f2a	LAB_ram_00005f2a	Label	DEFAULT
ram:00005f44	LAB_ram_00005f44	Label	DEFAULT
ram:00005f98	LAB_ram_00005f98	Label	DEFAULT
ram:00005fb2	LAB_ram_00005fb2	Label	DEFAULT
ram:00006052	LAB_ram_00006052	Label	DEFAULT
ram:0000605c	LAB_ram_0000605c	Label	DEFAULT
ram:00006062	LAB_ram_00006062	Label	DEFAULT
ram:0000606a	LAB_ram_0000606a	Label	DEFAULT
ram:0000607c	LAB_ram_0000607c	Label	DEFAULT
ram:00006088	LAB_ram_00006088	Label	DEFAULT
ram:000060b2	LAB_ram_000060b2	Label	DEFAULT
ram:000060e0	LAB_ram_000060e0	Label	DEFAULT
ram:000060f4	LAB_ram_000060f4	Label	DEFAULT
ram:000060f6	LAB_ram_000060f6	Label	DEFAULT
ram:000060fa	LAB_ram_000060fa	Label	DEFAULT
ram:00006124	LAB_ram_00006124	Label	DEFAULT
ram:000061b2	LAB_ram_000061b2	Label	DEFAULT
ram:000061d0	LAB_ram_000061d0	Label	DEFAULT
ram:000061ec	LAB_ram_000061ec	Label	DEFAULT
ram:00006228	LAB_ram_00006228	Label	DEFAULT
ram:0000625a	LAB_ram_0000625a	Label	DEFAULT
ram:00006272	LAB_ram_00006272	Label	DEFAULT
ram:00006276	LAB_ram_00006276	Label	DEFAULT
ram:00006280	LAB_ram_00006280	Label	DEFAULT
ram:000062aa	LAB_ram_000062aa	Label	DEFAULT
ram:0000630c	LAB_ram_0000630c	Label	DEFAULT
ram:00006318	LAB_ram_00006318	Label	DEFAULT
ram:0000636e	LAB_ram_0000636e	Label	DEFAULT
ram:00006402	LAB_ram_00006402	Label	DEFAULT
ram:0000640a	LAB_ram_0000640a	Label	DEFAULT
ram:00006416	LAB_ram_00006416	Label	DEFAULT
ram:0000646c	LAB_ram_0000646c	Label	DEFAULT
ram:00006474	LAB_ram_00006474	Label	DEFAULT
ram:000064ae	LAB_ram_000064ae	Label	DEFAULT
ram:000064b8	FUN_ram_000064b8	Function	DEFAULT
ram:00006598	LAB_ram_00006598	Label	DEFAULT
ram:000065a0	FUN_ram_000065a0	Function	DEFAULT
ram:000065f8	LAB_ram_000065f8	Label	DEFAULT
ram:000065fc	LAB_ram_000065fc	Label	DEFAULT
ram:0000661a	LAB_ram_0000661a	Label	DEFAULT
ram:0000665a	LAB_ram_0000665a	Label	DEFAULT
ram:00006664	LAB_ram_00006664	Label	DEFAULT
ram:00006678	LAB_ram_00006678	Label	DEFAULT
ram:00006714	LAB_ram_00006714	Label	DEFAULT
ram:00006722	LAB_ram_00006722	Label	DEFAULT
ram:00006726	LAB_ram_00006726	Label	DEFAULT
ram:00006734	LAB_ram_00006734	Label	DEFAULT
ram:00006738	LAB_ram_00006738	Label	DEFAULT
ram:00006748	LAB_ram_00006748	Label	DEFAULT
ram:0000674e	LAB_ram_0000674e	Label	DEFAULT
ram:00006758	LAB_ram_00006758	Label	DEFAULT
ram:00006774	LAB_ram_00006774	Label	DEFAULT
ram:00006798	LAB_ram_00006798	Label	DEFAULT
ram:000067be	LAB_ram_000067be	Label	DEFAULT
ram:000067da	LAB_ram_000067da	Label	DEFAULT
ram:000067f4	LAB_ram_000067f4	Label	DEFAULT
ram:00006808	LAB_ram_00006808	Label	DEFAULT
ram:0000685a	FUN_ram_0000685a	Function	DEFAULT
ram:000068aa	LAB_ram_000068aa	Label	DEFAULT
ram:000068f6	LAB_ram_000068f6	Label	DEFAULT
ram:0000696e	FUN_ram_0000696e	Function	DEFAULT
ram:00006982	FUN_ram_00006982	Function	DEFAULT
ram:0000698c	LAB_ram_0000698c	Label	DEFAULT
ram:000069bc	switchD	Label	ANALYSIS
ram:000069be	caseD_d	Label	ANALYSIS
ram:000069f2	LAB_ram_000069f2	Label	DEFAULT
ram:00006a00	LAB_ram_000069fe+2	Label	DEFAULT
ram:00006a01	LAB_ram_000069fe+3	Label	DEFAULT
ram:00006a54	LAB_ram_00006a54	Label	DEFAULT
ram:00006a76	caseD_2	Label	ANALYSIS
ram:00006a76	caseD_3	Label	ANALYSIS
ram:00006a76	caseD_4	Label	ANALYSIS
ram:00006a76	caseD_7	Label	ANALYSIS
ram:00006a76	caseD_8	Label	ANALYSIS
ram:00006a76	caseD_9	Label	ANALYSIS
ram:00006a76	caseD_a	Label	ANALYSIS
ram:00006a76	caseD_b	Label	ANALYSIS
ram:00006a76	caseD_c	Label	ANALYSIS
ram:00006a8c	LAB_ram_00006a8c	Label	DEFAULT
ram:00006a94	LAB_ram_00006a94	Label	DEFAULT
ram:00006a9a	LAB_ram_00006a9a	Label	DEFAULT
ram:00006b1a	LAB_ram_00006b1a	Label	DEFAULT
ram:00006b40	caseD_0	Label	ANALYSIS
ram:00006b48	LAB_ram_00006b48	Label	DEFAULT
ram:00006b52	caseD_1	Label	ANALYSIS
ram:00006b72	LAB_ram_00006b72	Label	DEFAULT
ram:00006ba8	LAB_ram_00006ba8	Label	DEFAULT
ram:00006bb4	caseD_5	Label	ANALYSIS
ram:00006c38	LAB_ram_00006c38	Label	DEFAULT
ram:00006c54	caseD_6	Label	ANALYSIS
ram:00006c74	default	Label	ANALYSIS
ram:00006c76	LAB_ram_00006c76	Label	DEFAULT
ram:00006c78	FUN_ram_00006c78	Function	DEFAULT
ram:00006cac	LAB_ram_00006cac	Label	DEFAULT
ram:00006cae	LAB_ram_00006cae	Label	DEFAULT
ram:00006cb0	FUN_ram_00006cb0	Function	DEFAULT
ram:00006cdc	LAB_ram_00006cdc	Label	DEFAULT
ram:00006ce0	LAB_ram_00006ce0	Label	DEFAULT
ram:00006cec	LAB_ram_00006cec	Label	DEFAULT
ram:00006d52	LAB_ram_00006d52	Label	DEFAULT
ram:00006d70	LAB_ram_00006d70	Label	DEFAULT
ram:00006d7c	LAB_ram_00006d7c	Label	DEFAULT
ram:00006d94	LAB_ram_00006d94	Label	DEFAULT
ram:00006db4	LAB_ram_00006db4	Label	DEFAULT
ram:00006dca	LAB_ram_00006dca	Label	DEFAULT
ram:00006e22	LAB_ram_00006e22	Label	DEFAULT
ram:00006e3c	LAB_ram_00006e3c	Label	DEFAULT
ram:00006e3e	LAB_ram_00006e3e	Label	DEFAULT
ram:00006e70	LAB_ram_00006e70	Label	DEFAULT
ram:00006e8e	LAB_ram_00006e8e	Label	DEFAULT
ram:00006e94	LAB_ram_00006e94	Label	DEFAULT
ram:00006eb0	LAB_ram_00006eb0	Label	DEFAULT
ram:00006ede	LAB_ram_00006ede	Label	DEFAULT
ram:00006f08	LAB_ram_00006f08	Label	DEFAULT
ram:00006f30	LAB_ram_00006f30	Label	DEFAULT
ram:00006f36	LAB_ram_00006f36	Label	DEFAULT
ram:00006f6c	notify_af02	Function	USER_DEFINED
ram:00006fd4	LAB_ram_00006fd4	Label	DEFAULT
ram:00006fe0	LAB_ram_00006fe0	Label	DEFAULT
ram:00006fea	LAB_ram_00006fea	Label	DEFAULT
ram:00006ff6	notify_af01	Function	USER_DEFINED
ram:0000705e	LAB_ram_0000705e	Label	DEFAULT
ram:0000706a	LAB_ram_0000706a	Label	DEFAULT
ram:00007074	LAB_ram_00007074	Label	DEFAULT
ram:00007080	FUN_ram_00007080	Function	DEFAULT
ram:000070c6	LAB_ram_000070c6	Label	DEFAULT
ram:000070ca	LAB_ram_000070ca	Label	DEFAULT
ram:000070e4	LAB_ram_000070e4	Label	DEFAULT
ram:000070e6	FUN_ram_000070e6	Function	DEFAULT
ram:000070f2	LAB_ram_000070f2	Label	DEFAULT
ram:000070f8	LAB_ram_000070f8	Label	DEFAULT
ram:00007104	LAB_ram_00007104	Label	DEFAULT
ram:00007106	FUN_ram_00007106	Function	DEFAULT
ram:00007128	LAB_ram_00007128	Label	DEFAULT
ram:0000713c	LAB_ram_0000713c	Label	DEFAULT
ram:00007178	LAB_ram_00007178	Label	DEFAULT
ram:00007182	LAB_ram_00007182	Label	DEFAULT
ram:00007190	LAB_ram_00007190	Label	DEFAULT
ram:0000722c	LAB_ram_0000722c	Label	DEFAULT
ram:00007246	LAB_ram_00007246	Label	DEFAULT
ram:00007250	LAB_ram_00007250	Label	DEFAULT
ram:00007296	LAB_ram_00007296	Label	DEFAULT
ram:000072a6	LAB_ram_000072a6	Label	DEFAULT
ram:000072c0	LAB_ram_000072c0	Label	DEFAULT
ram:000072d4	LAB_ram_000072d4	Label	DEFAULT
ram:000072e0	initialize_ble_application	Function	USER_DEFINED
ram:00007466	FUN_ram_00007466	Function	DEFAULT
ram:0000746c	FUN_ram_0000746c	Function	DEFAULT
ram:000074bc	FUN_ram_000074bc	Function	DEFAULT
ram:000074d2	FUN_ram_000074d2	Function	DEFAULT
ram:0000752a	LAB_ram_0000752a	Label	DEFAULT
ram:00007532	FUN_ram_00007532	Function	DEFAULT
ram:00007568	FUN_ram_00007568	Function	DEFAULT
ram:000075c4	LAB_ram_000075c4	Label	DEFAULT
ram:00007604	LAB_ram_00007604	Label	DEFAULT
ram:00007618	load_saved_host_ids	Function	USER_DEFINED
ram:00007666	LAB_ram_00007666	Label	DEFAULT
ram:0000767a	LAB_ram_0000767a	Label	DEFAULT
ram:00007696	save_host_id	Function	USER_DEFINED
ram:000076c4	LAB_ram_000076c4	Label	DEFAULT
ram:00007708	LAB_ram_00007708	Label	DEFAULT
ram:0000771e	LAB_ram_0000771e	Label	DEFAULT
ram:00007734	LAB_ram_00007734	Label	DEFAULT
ram:0000773c	find_saved_host_id	Function	USER_DEFINED
ram:0000775a	LAB_ram_0000775a	Label	DEFAULT
ram:00007768	LAB_ram_00007768	Label	DEFAULT
ram:00007776	LAB_ram_00007776	Label	DEFAULT
ram:00007790	LAB_ram_00007790	Label	DEFAULT
ram:00007794	application_main	Function	USER_DEFINED
ram:00007800	FUN_ram_00007800	Function	DEFAULT
ram:00007802	LAB_ram_00007802	Label	DEFAULT
ram:00007804	FUN_ram_00007804	Function	DEFAULT
ram:0000780e	FUN_ram_0000780e	Function	DEFAULT
ram:0000782c	LAB_ram_0000782c	Label	DEFAULT
ram:00007838	LAB_ram_00007838	Label	DEFAULT
ram:00007846	FUN_ram_00007846	Function	DEFAULT
ram:00007868	LAB_ram_00007868	Label	DEFAULT
ram:00007886	LAB_ram_00007886	Label	DEFAULT
ram:00007896	LAB_ram_00007896	Label	DEFAULT
ram:000078a4	LAB_ram_000078a4	Label	DEFAULT
ram:000078b2	FUN_ram_000078b2	Function	DEFAULT
ram:000078c4	LAB_ram_000078c4	Label	DEFAULT
ram:000078ca	LAB_ram_000078ca	Label	DEFAULT
ram:000078dc	LAB_ram_000078dc	Label	DEFAULT
ram:000078e2	LAB_ram_000078e2	Label	DEFAULT
ram:000078f6	LAB_ram_000078f6	Label	DEFAULT
ram:000078fe	LAB_ram_000078fe	Label	DEFAULT
ram:00007954	LAB_ram_00007954	Label	DEFAULT
ram:0000795e	LAB_ram_0000795e	Label	DEFAULT
ram:00007966	LAB_ram_00007966	Label	DEFAULT
ram:00007968	FUN_ram_00007968	Function	DEFAULT
ram:00007994	LAB_ram_00007994	Label	DEFAULT
ram:000079ac	FUN_ram_000079ac	Function	DEFAULT
ram:000079cc	LAB_ram_000079cc	Label	DEFAULT
ram:000079da	FUN_ram_000079da	Function	DEFAULT
ram:000079f4	LAB_ram_000079f4	Label	DEFAULT
ram:000079fe	LAB_ram_000079fe	Label	DEFAULT
ram:00007a0c	LAB_ram_00007a0c	Label	DEFAULT
ram:00007a18	LAB_ram_00007a18	Label	DEFAULT
ram:00007a1c	LAB_ram_00007a1c	Label	DEFAULT
ram:00007a3a	LAB_ram_00007a3a	Label	DEFAULT
ram:00007a3e	LAB_ram_00007a3e	Label	DEFAULT
ram:00007a4e	LAB_ram_00007a4e	Label	DEFAULT
ram:00007a5e	LAB_ram_00007a5e	Label	DEFAULT
ram:00007a66	LAB_ram_00007a66	Label	DEFAULT
ram:00007a68	LAB_ram_00007a68	Label	DEFAULT
ram:00007a78	LAB_ram_00007a78	Label	DEFAULT
ram:00007a8a	LAB_ram_00007a8a	Label	DEFAULT
ram:00007a98	LAB_ram_00007a98	Label	DEFAULT
ram:00007aa4	LAB_ram_00007aa4	Label	DEFAULT
ram:00007ab4	FUN_ram_00007ab4	Function	DEFAULT
ram:00007ac2	FUN_ram_00007ac2	Function	DEFAULT
ram:00007adc	LAB_ram_00007adc	Label	DEFAULT
ram:00007aea	LAB_ram_00007aea	Label	DEFAULT
ram:00007afa	LAB_ram_00007afa	Label	DEFAULT
ram:00007b16	LAB_ram_00007b16	Label	DEFAULT
ram:00007b3e	LAB_ram_00007b3e	Label	DEFAULT
ram:00007b46	LAB_ram_00007b46	Label	DEFAULT
ram:00007b56	LAB_ram_00007b56	Label	DEFAULT
ram:00007b66	LAB_ram_00007b66	Label	DEFAULT
ram:00007b76	LAB_ram_00007b76	Label	DEFAULT
ram:00007b7e	LAB_ram_00007b7e	Label	DEFAULT
ram:00007b82	FUN_ram_00007b82	Function	DEFAULT
ram:00007ba4	LAB_ram_00007ba4	Label	DEFAULT
ram:00007bb2	LAB_ram_00007bb2	Label	DEFAULT
ram:00007bd6	LAB_ram_00007bd6	Label	DEFAULT
ram:00007bd8	LAB_ram_00007bd8	Label	DEFAULT
ram:00007be4	LAB_ram_00007be4	Label	DEFAULT
ram:00007bf4	LAB_ram_00007bf4	Label	DEFAULT
ram:00007c04	LAB_ram_00007c04	Label	DEFAULT
ram:00007c18	LAB_ram_00007c18	Label	DEFAULT
ram:00007c1c	LAB_ram_00007c1c	Label	DEFAULT
ram:00007c30	LAB_ram_00007c30	Label	DEFAULT
ram:00007c3c	LAB_ram_00007c3c	Label	DEFAULT
ram:00007c56	LAB_ram_00007c56	Label	DEFAULT
ram:00007c6c	LAB_ram_00007c6c	Label	DEFAULT
ram:00007c86	LAB_ram_00007c86	Label	DEFAULT
ram:00007c8e	LAB_ram_00007c8e	Label	DEFAULT
ram:00007c92	FUN_ram_00007c92	Function	DEFAULT
ram:00007cc8	LAB_ram_00007cc8	Label	DEFAULT
ram:00007d0e	LAB_ram_00007d0e	Label	DEFAULT
ram:00007d1c	LAB_ram_00007d1c	Label	DEFAULT
ram:00007d1e	FUN_ram_00007d1e	Function	DEFAULT
ram:00007d34	LAB_ram_00007d34	Label	DEFAULT
ram:00007d36	FUN_ram_00007d36	Function	DEFAULT
ram:00007d5c	LAB_ram_00007d5c	Label	DEFAULT
ram:00007d5e	LAB_ram_00007d5e	Label	DEFAULT
ram:00007d6c	LAB_ram_00007d6c	Label	DEFAULT
ram:00007d82	LAB_ram_00007d82	Label	DEFAULT
ram:00007d96	LAB_ram_00007d96	Label	DEFAULT
ram:00007dc0	LAB_ram_00007dc0	Label	DEFAULT
ram:00007dda	LAB_ram_00007dda	Label	DEFAULT
ram:00007ddc	LAB_ram_00007ddc	Label	DEFAULT
ram:00007df0	LAB_ram_00007df0	Label	DEFAULT
ram:00007df6	LAB_ram_00007df6	Label	DEFAULT
ram:00007e18	LAB_ram_00007e18	Label	DEFAULT
ram:00007e1e	LAB_ram_00007e1e	Label	DEFAULT
ram:00007e26	LAB_ram_00007e26	Label	DEFAULT
ram:00007e2a	LAB_ram_00007e2a	Label	DEFAULT
ram:00007e46	LAB_ram_00007e46	Label	DEFAULT
ram:00007e48	LAB_ram_00007e48	Label	DEFAULT
ram:00007e5c	LAB_ram_00007e5c	Label	DEFAULT
ram:00007e6a	LAB_ram_00007e6a	Label	DEFAULT
ram:00007e72	FUN_ram_00007e72	Function	DEFAULT
ram:00007e8a	LAB_ram_00007e8a	Label	DEFAULT
ram:00007e98	LAB_ram_00007e98	Label	DEFAULT
ram:00007ea8	LAB_ram_00007ea8	Label	DEFAULT
ram:00007eb8	LAB_ram_00007eb8	Label	DEFAULT
ram:00007ec8	LAB_ram_00007ec8	Label	DEFAULT
ram:00007ed2	LAB_ram_00007ed2	Label	DEFAULT
ram:00007ed6	FUN_ram_00007ed6	Function	DEFAULT
ram:00007f40	FUN_ram_00007f40	Function	DEFAULT
ram:00007f4a	FUN_ram_00007f4a	Function	DEFAULT
ram:00007f82	LAB_ram_00007f82	Label	DEFAULT
ram:00007f90	FUN_ram_00007f90	Function	DEFAULT
ram:00007fc2	LAB_ram_00007fc2	Label	DEFAULT
ram:00007ff8	LAB_ram_00007ff8	Label	DEFAULT
ram:00007ffa	FUN_ram_00007ffa	Function	DEFAULT
ram:00008018	LAB_ram_00008018	Label	DEFAULT
ram:0000801c	LAB_ram_0000801c	Label	DEFAULT
ram:00008020	LAB_ram_00008020	Label	DEFAULT
ram:0000802a	LAB_ram_0000802a	Label	DEFAULT
ram:0000802e	LAB_ram_0000802e	Label	DEFAULT
ram:00008072	LAB_ram_00008072	Label	DEFAULT
ram:00008080	LAB_ram_00008080	Label	DEFAULT
ram:00008086	LAB_ram_00008086	Label	DEFAULT
ram:0000809a	FUN_ram_0000809a	Function	DEFAULT
ram:000080bc	LAB_ram_000080bc	Label	DEFAULT
ram:000080d6	LAB_ram_000080d6	Label	DEFAULT
ram:000080dc	LAB_ram_000080dc	Label	DEFAULT
ram:000080e6	LAB_ram_000080e6	Label	DEFAULT
ram:00008100	LAB_ram_00008100	Label	DEFAULT
ram:00008106	FUN_ram_00008106	Function	DEFAULT
ram:0000811a	LAB_ram_0000811a	Label	DEFAULT
ram:00008128	LAB_ram_00008128	Label	DEFAULT
ram:0000812e	LAB_ram_0000812e	Label	DEFAULT
ram:0000814e	LAB_ram_0000814e	Label	DEFAULT
ram:00008152	LAB_ram_00008152	Label	DEFAULT
ram:00008160	FUN_ram_00008160	Function	DEFAULT
ram:00008174	LAB_ram_00008174	Label	DEFAULT
ram:00008180	LAB_ram_00008180	Label	DEFAULT
ram:0000818c	LAB_ram_0000818c	Label	DEFAULT
ram:000081b4	LAB_ram_000081b4	Label	DEFAULT
ram:000081f0	LAB_ram_000081f0	Label	DEFAULT
ram:000081fe	FUN_ram_000081fe	Function	DEFAULT
ram:00008216	LAB_ram_00008216	Label	DEFAULT
ram:0000822c	LAB_ram_0000822c	Label	DEFAULT
ram:00008234	LAB_ram_00008234	Label	DEFAULT
ram:00008242	LAB_ram_00008242	Label	DEFAULT
ram:00008258	LAB_ram_00008258	Label	DEFAULT
ram:0000825c	LAB_ram_0000825c	Label	DEFAULT
ram:0000825e	LAB_ram_0000825e	Label	DEFAULT
ram:00008266	LAB_ram_00008266	Label	DEFAULT
ram:0000828a	LAB_ram_0000828a	Label	DEFAULT
ram:00008294	LAB_ram_00008294	Label	DEFAULT
ram:000082a6	LAB_ram_000082a6	Label	DEFAULT
ram:000082ac	LAB_ram_000082ac	Label	DEFAULT
ram:000082ae	FUN_ram_000082ae	Function	DEFAULT
ram:000082ca	LAB_ram_000082ca	Label	DEFAULT
ram:000082e0	LAB_ram_000082e0	Label	DEFAULT
ram:000082fe	LAB_ram_000082fe	Label	DEFAULT
ram:0000830c	LAB_ram_0000830c	Label	DEFAULT
ram:0000831a	LAB_ram_0000831a	Label	DEFAULT
ram:0000831e	LAB_ram_0000831e	Label	DEFAULT
ram:00008322	LAB_ram_00008322	Label	DEFAULT
ram:00008324	LAB_ram_00008324	Label	DEFAULT
ram:00008332	LAB_ram_00008332	Label	DEFAULT
ram:00008344	LAB_ram_00008344	Label	DEFAULT
ram:00008348	LAB_ram_00008348	Label	DEFAULT
ram:00008356	LAB_ram_00008356	Label	DEFAULT
ram:00008374	LAB_ram_00008374	Label	DEFAULT
ram:00008378	LAB_ram_00008378	Label	DEFAULT
ram:0000837e	LAB_ram_0000837e	Label	DEFAULT
ram:00008396	FUN_ram_00008396	Function	DEFAULT
ram:000083ac	LAB_ram_000083ac	Label	DEFAULT
ram:000083b0	LAB_ram_000083b0	Label	DEFAULT
ram:000083c0	FUN_ram_000083c0	Function	DEFAULT
ram:000083da	LAB_ram_000083da	Label	DEFAULT
ram:000083e2	LAB_ram_000083e2	Label	DEFAULT
ram:000083f2	LAB_ram_000083f2	Label	DEFAULT
ram:00008402	FUN_ram_00008402	Function	DEFAULT
ram:0000842c	LAB_ram_0000842c	Label	DEFAULT
ram:0000843c	LAB_ram_0000843c	Label	DEFAULT
ram:00008448	LAB_ram_00008448	Label	DEFAULT
ram:0000846c	LAB_ram_0000846c	Label	DEFAULT
ram:0000846e	LAB_ram_0000846e	Label	DEFAULT
ram:00008478	LAB_ram_00008478	Label	DEFAULT
ram:00008496	LAB_ram_00008496	Label	DEFAULT
ram:000084b2	LAB_ram_000084b2	Label	DEFAULT
ram:000084d4	LAB_ram_000084d4	Label	DEFAULT
ram:000084e2	LAB_ram_000084e2	Label	DEFAULT
ram:000084f6	LAB_ram_000084f6	Label	DEFAULT
ram:0000850c	LAB_ram_0000850c	Label	DEFAULT
ram:0000851e	LAB_ram_0000851e	Label	DEFAULT
ram:00008530	LAB_ram_00008530	Label	DEFAULT
ram:0000853a	LAB_ram_0000853a	Label	DEFAULT
ram:0000853c	LAB_ram_0000853c	Label	DEFAULT
ram:00008556	LAB_ram_00008556	Label	DEFAULT
ram:0000855a	LAB_ram_0000855a	Label	DEFAULT
ram:0000856a	LAB_ram_0000856a	Label	DEFAULT
ram:0000857a	LAB_ram_0000857a	Label	DEFAULT
ram:000085a2	LAB_ram_000085a2	Label	DEFAULT
ram:000085a6	LAB_ram_000085a6	Label	DEFAULT
ram:000085b4	LAB_ram_000085b4	Label	DEFAULT
ram:000085c0	LAB_ram_000085c0	Label	DEFAULT
ram:000085c4	LAB_ram_000085c4	Label	DEFAULT
ram:000085ce	LAB_ram_000085ce	Label	DEFAULT
ram:000085e0	LAB_ram_000085e0	Label	DEFAULT
ram:0000860c	LAB_ram_0000860c	Label	DEFAULT
ram:0000863c	LAB_ram_0000863c	Label	DEFAULT
ram:0000863e	LAB_ram_0000863e	Label	DEFAULT
ram:00008646	LAB_ram_00008646	Label	DEFAULT
ram:00008652	LAB_ram_00008652	Label	DEFAULT
ram:0000865a	LAB_ram_0000865a	Label	DEFAULT
ram:00008672	LAB_ram_00008672	Label	DEFAULT
ram:0000867a	LAB_ram_0000867a	Label	DEFAULT
ram:0000868a	LAB_ram_0000868a	Label	DEFAULT
ram:0000869e	FUN_ram_0000869e	Function	DEFAULT
ram:000086c6	LAB_ram_000086c6	Label	DEFAULT
ram:000086d2	LAB_ram_000086d2	Label	DEFAULT
ram:000086e0	LAB_ram_000086e0	Label	DEFAULT
ram:000086f2	LAB_ram_000086f2	Label	DEFAULT
ram:000086fc	LAB_ram_000086fc	Label	DEFAULT
ram:0000870c	LAB_ram_0000870c	Label	DEFAULT
ram:00008736	LAB_ram_00008736	Label	DEFAULT
ram:00008742	LAB_ram_00008742	Label	DEFAULT
ram:00008748	LAB_ram_00008748	Label	DEFAULT
ram:00008750	LAB_ram_00008750	Label	DEFAULT
ram:0000875e	LAB_ram_0000875e	Label	DEFAULT
ram:00008760	LAB_ram_00008760	Label	DEFAULT
ram:00008776	LAB_ram_00008776	Label	DEFAULT
ram:0000877a	LAB_ram_0000877a	Label	DEFAULT
ram:00008798	LAB_ram_00008798	Label	DEFAULT
ram:000087aa	FUN_ram_000087aa	Function	DEFAULT
ram:000087f0	LAB_ram_000087f0	Label	DEFAULT
ram:000087fa	LAB_ram_000087fa	Label	DEFAULT
ram:0000880a	LAB_ram_0000880a	Label	DEFAULT
ram:0000881c	LAB_ram_0000881c	Label	DEFAULT
ram:0000882c	LAB_ram_0000882c	Label	DEFAULT
ram:00008838	LAB_ram_00008838	Label	DEFAULT
ram:00008854	LAB_ram_00008854	Label	DEFAULT
ram:00008866	LAB_ram_00008866	Label	DEFAULT
ram:0000886a	LAB_ram_0000886a	Label	DEFAULT
ram:0000889e	LAB_ram_0000889e	Label	DEFAULT
ram:000088a0	LAB_ram_000088a0	Label	DEFAULT
ram:000088a8	LAB_ram_000088a8	Label	DEFAULT
ram:000088ba	LAB_ram_000088ba	Label	DEFAULT
ram:000088be	LAB_ram_000088be	Label	DEFAULT
ram:000088ce	LAB_ram_000088ce	Label	DEFAULT
ram:000088da	LAB_ram_000088da	Label	DEFAULT
ram:000088ec	LAB_ram_000088ec	Label	DEFAULT
ram:000088f0	LAB_ram_000088f0	Label	DEFAULT
ram:000088fe	LAB_ram_000088fe	Label	DEFAULT
ram:00008904	LAB_ram_00008904	Label	DEFAULT
ram:00008906	LAB_ram_00008906	Label	DEFAULT
ram:0000891e	LAB_ram_0000891e	Label	DEFAULT
ram:0000893c	LAB_ram_0000893c	Label	DEFAULT
ram:00008942	LAB_ram_00008942	Label	DEFAULT
ram:00008954	LAB_ram_00008954	Label	DEFAULT
ram:00008956	LAB_ram_00008956	Label	DEFAULT
ram:0000896a	LAB_ram_0000896a	Label	DEFAULT
ram:00008976	LAB_ram_00008976	Label	DEFAULT
ram:00008988	LAB_ram_00008988	Label	DEFAULT
ram:00008994	LAB_ram_00008994	Label	DEFAULT
ram:000089a2	LAB_ram_000089a2	Label	DEFAULT
ram:000089aa	LAB_ram_000089aa	Label	DEFAULT
ram:000089bc	LAB_ram_000089bc	Label	DEFAULT
ram:000089cc	LAB_ram_000089cc	Label	DEFAULT
ram:000089d8	LAB_ram_000089d8	Label	DEFAULT
ram:000089dc	LAB_ram_000089dc	Label	DEFAULT
ram:000089f2	LAB_ram_000089f2	Label	DEFAULT
ram:000089f6	LAB_ram_000089f6	Label	DEFAULT
ram:00008a04	LAB_ram_00008a04	Label	DEFAULT
ram:00008a0c	LAB_ram_00008a0c	Label	DEFAULT
ram:00008a20	LAB_ram_00008a20	Label	DEFAULT
ram:00008a2c	LAB_ram_00008a2c	Label	DEFAULT
ram:00008a3c	LAB_ram_00008a3c	Label	DEFAULT
ram:00008a48	LAB_ram_00008a48	Label	DEFAULT
ram:00008a52	FUN_ram_00008a52	Function	DEFAULT
ram:00008a6c	LAB_ram_00008a6c	Label	DEFAULT
ram:00008a7a	LAB_ram_00008a7a	Label	DEFAULT
ram:00008a94	LAB_ram_00008a94	Label	DEFAULT
ram:00008aa0	LAB_ram_00008aa0	Label	DEFAULT
ram:00008ab0	LAB_ram_00008ab0	Label	DEFAULT
ram:00008ac0	LAB_ram_00008ac0	Label	DEFAULT
ram:00008ad8	FUN_ram_00008ad8	Function	DEFAULT
ram:00008b00	LAB_ram_00008b00	Label	DEFAULT
ram:00008b08	FUN_ram_00008b08	Function	DEFAULT
ram:00008b20	LAB_ram_00008b20	Label	DEFAULT
ram:00008b28	LAB_ram_00008b28	Label	DEFAULT
ram:00008b38	LAB_ram_00008b38	Label	DEFAULT
ram:00008b60	LAB_ram_00008b60	Label	DEFAULT
ram:00008b86	FUN_ram_00008b86	Function	DEFAULT
ram:00008ba8	LAB_ram_00008ba8	Label	DEFAULT
ram:00008bb0	LAB_ram_00008bb0	Label	DEFAULT
ram:00008bbc	LAB_ram_00008bbc	Label	DEFAULT
ram:00008bc2	FUN_ram_00008bc2	Function	DEFAULT
ram:00008bee	LAB_ram_00008bee	Label	DEFAULT
ram:00008bf6	FUN_ram_00008bf6	Function	DEFAULT
ram:00008c1e	LAB_ram_00008c1e	Label	DEFAULT
ram:00008c26	FUN_ram_00008c26	Function	DEFAULT
ram:00008c50	LAB_ram_00008c50	Label	DEFAULT
ram:00008c58	FUN_ram_00008c58	Function	DEFAULT
ram:00008c80	LAB_ram_00008c80	Label	DEFAULT
ram:00008c88	FUN_ram_00008c88	Function	DEFAULT
ram:00008cb4	LAB_ram_00008cb4	Label	DEFAULT
ram:00008cbc	FUN_ram_00008cbc	Function	DEFAULT
ram:00008cc2	LAB_ram_00008cc2	Label	DEFAULT
ram:00008cc8	LAB_ram_00008cc8	Label	DEFAULT
ram:00008cca	LAB_ram_00008cca	Label	DEFAULT
ram:00008cd6	FUN_ram_00008cd6	Function	DEFAULT
ram:00008cd8	FUN_ram_00008cd8	Function	DEFAULT
ram:00008cda	FUN_ram_00008cda	Function	DEFAULT
ram:00008d06	LAB_ram_00008d06	Label	DEFAULT
ram:00008d0e	FUN_ram_00008d0e	Function	DEFAULT
ram:00008d1e	FUN_ram_00008d1e	Function	DEFAULT
ram:00008d2e	FUN_ram_00008d2e	Function	DEFAULT
ram:00008d3e	FUN_ram_00008d3e	Function	DEFAULT
ram:00008d4e	FUN_ram_00008d4e	Function	DEFAULT
ram:00008d5e	FUN_ram_00008d5e	Function	DEFAULT
ram:00008d78	LAB_ram_00008d78	Label	DEFAULT
ram:00008d8e	FUN_ram_00008d8e	Function	DEFAULT
ram:00008da0	switchdataD_ram:00008da0	Label	ANALYSIS
ram:00008db4	switchdataD_ram:00008db4	Label	ANALYSIS
ram:00008dc8	switchdataD_ram:00008dc8	Label	ANALYSIS
ram:00008e68	s_CH58x_BLE_LIB_V1.8_ram_00008e68	Label	DEFAULT
ram:00008e7c	switchdataD_ram:00008e7c	Label	ANALYSIS
ram:00008e9c	s_%d,%d,%d,%d_ram_00008e9c	Label	DEFAULT
ram:00008eac	s_------------%d,%d_ram_00008eac	Label	DEFAULT
ram:00008ec0	s_GRB:(%d,%d,%d)_ram_00008ec0	Label	DEFAULT
ram:00008eec	switchdataD_ram:00008eec	Label	ANALYSIS
ram:00008f0c	s_Data-%x:_ram_00008f0c	Label	DEFAULT
ram:00008f18	DAT_ram_00008f18	Label	DEFAULT
ram:00008f1c	DAT_ram_00008f1c	Label	DEFAULT
ram:00008f20	switchdataD_ram:00008f20	Label	ANALYSIS
ram:00008f4c	DAT_ram_00008f4c	Label	DEFAULT
ram:00008f70	DAT_ram_00008f70	Label	DEFAULT
ram:00008f9c	DAT_ram_00008f9c	Label	DEFAULT
ram:00008fb0	DAT_ram_00008fb0	Label	DEFAULT
ram:00008fc0	switchdataD_ram:00008fc0	Label	ANALYSIS
ram:00008fe8	switchdataD_ram:00008fe8	Label	ANALYSIS
ram:00009020	s_TypeRspAnalysis_ram_00009020	Label	DEFAULT
ram:00009030	s_%02x_ram_00009030	Label	DEFAULT
ram:00009038	s_ReadcentralCharHdl:%x_ram_00009038	Label	DEFAULT
ram:00009050	s_----------------Analysis--------_ram_00009050	Label	DEFAULT
ram:0000907c	s_------USAGE_PAGE:Generic_Desktop_ram_0000907c	Label	DEFAULT
ram:000090a8	s_-GLOBAL_LOG_MIN:%x-_ram_000090a8	Label	DEFAULT
ram:000090c0	s_-GLOBAL_LOG_MAX:%x-_ram_000090c0	Label	DEFAULT
ram:000090d8	s_-GLOBAL_PHY_MIN:%x-_ram_000090d8	Label	DEFAULT
ram:000090f0	s_-GLOBAL_PHY_MAX:%x-_ram_000090f0	Label	DEFAULT
ram:00009108	s_-GLOBAL_REPORT_SIZE:%x-_ram_00009108	Label	DEFAULT
ram:00009124	s_-GLOBAL_REPORT_ID:%x-_ram_00009124	Label	DEFAULT
ram:0000913c	s_-GLOBAL_REPORT_CNT:%x-_ram_0000913c	Label	DEFAULT
ram:00009154	s_Collection:_ram_00009154	Label	DEFAULT
ram:00009164	s_End_Collection_ram_00009164	Label	DEFAULT
ram:00009174	s_Input:_ram_00009174	Label	DEFAULT
ram:0000917c	s_Output:_ram_0000917c	Label	DEFAULT
ram:00009188	s_------END_COLLECTION--------_ram_00009188	Label	DEFAULT
ram:000091a8	s_Button:%x,Wheel:%x,Num:%x_ram_000091a8	Label	DEFAULT
ram:000091c4	s_16-bit_UUID:_0x%04X_ram_000091c4	Label	DEFAULT
ram:000091dc	s_16-bit_ad_type:_%x_ram_000091dc	Label	DEFAULT
ram:000091f0	s_Manufacturer_Data_Len:%d_ram_000091f0	Label	DEFAULT
ram:0000920c	s_%02X_ram_0000920c	Label	DEFAULT
ram:00009214	DAT_ram_00009214	Label	DEFAULT
ram:00009220	DAT_ram_00009220	Label	DEFAULT
ram:00009234	DAT_ram_00009234	Label	DEFAULT
ram:00009238	DAT_ram_00009238	Label	DEFAULT
ram:0000923c	DAT_ram_0000923c	Label	DEFAULT
ram:00009240	DAT_ram_00009240	Label	DEFAULT
ram:00009244	DAT_ram_00009244	Label	DEFAULT
ram:00009248	DAT_ram_00009248	Label	DEFAULT
ram:0000924c	DAT_ram_0000924c	Label	DEFAULT
ram:00009254	DAT_ram_00009254	Label	DEFAULT
ram:00009260	DAT_ram_00009260	Label	DEFAULT
ram:00009268	DAT_ram_00009268	Label	DEFAULT
ram:00009274	s_#-0+_ram_00009274	Label	DEFAULT
ram:00009278	s__ram_00009274+4	Label	DEFAULT
ram:0000927c	DAT_ram_0000927c	Label	DEFAULT
ram:00009280	s_efgEFG_ram_00009280	Label	DEFAULT
ram:00009288	s_0123456789ABCDEF_ram_00009288	Label	DEFAULT
ram:00009300	DAT_ram_00009300	Label	DEFAULT
ram:00009304	DAT_ram_00009304	Label	DEFAULT
ram:0000930c	PTR_DAT_ram_20002eb8_ram_0000930c	Label	DEFAULT
ram:00009310	PTR_FUN_ram_00007d1e_ram_00009310	Label	DEFAULT
ram:00009314	PTR_FUN_ram_000047c8_ram_00009314	Label	DEFAULT
ram:00009318	DAT_ram_00009318	Label	DEFAULT
ram:0000931c	DAT_ram_0000931c	Label	DEFAULT
ram:00040000	LAB_ram_00040000	Label	DEFAULT
ram:00040034	DAT_ram_00040034	Label	DEFAULT
ram:00040038	DAT_ram_00040038	Label	DEFAULT
ram:0004003c	DAT_ram_0004003c	Label	DEFAULT
ram:00040048	DAT_ram_00040048	Label	DEFAULT
ram:0004004c	DAT_ram_0004004c	Label	DEFAULT
ram:00040050	DAT_ram_00040050	Label	DEFAULT
ram:00040058	DAT_ram_00040058	Label	DEFAULT
ram:0004005c	DAT_ram_0004005c	Label	DEFAULT
ram:00040068	DAT_ram_00040068	Label	DEFAULT
ram:0004006c	DAT_ram_0004006c	Label	DEFAULT
ram:00040074	DAT_ram_00040074	Label	DEFAULT
ram:00040080	DAT_ram_00040080	Label	DEFAULT
ram:000400a4	DAT_ram_000400a4	Label	DEFAULT
ram:000400ac	DAT_ram_000400ac	Label	DEFAULT
ram:000400b0	DAT_ram_000400b0	Label	DEFAULT
ram:000400c4	DAT_ram_000400c4	Label	DEFAULT
ram:000400c8	DAT_ram_000400c8	Label	DEFAULT
ram:000400d4	DAT_ram_000400d4	Label	DEFAULT
ram:000400d8	DAT_ram_000400d8	Label	DEFAULT
ram:000400dc	DAT_ram_000400dc	Label	DEFAULT
ram:000400e8	DAT_ram_000400e8	Label	DEFAULT
ram:000400f4	DAT_ram_000400f4	Label	DEFAULT
ram:0004010c	DAT_ram_0004010c	Label	DEFAULT
ram:00040128	DAT_ram_00040128	Label	DEFAULT
ram:0004012c	DAT_ram_0004012c	Label	DEFAULT
ram:00040130	DAT_ram_00040130	Label	DEFAULT
ram:00040134	DAT_ram_00040134	Label	DEFAULT
ram:00040138	DAT_ram_00040138	Label	DEFAULT
ram:0004013c	DAT_ram_0004013c	Label	DEFAULT
ram:00040150	DAT_ram_00040150	Label	DEFAULT
ram:00040154	DAT_ram_00040154	Label	DEFAULT
ram:00040168	DAT_ram_00040168	Label	DEFAULT
ram:0004016c	DAT_ram_0004016c	Label	DEFAULT
ram:00040170	DAT_ram_00040170	Label	DEFAULT
ram:00040174	DAT_ram_00040174	Label	DEFAULT
ram:00040178	DAT_ram_00040178	Label	DEFAULT
ram:0004017c	DAT_ram_0004017c	Label	DEFAULT
ram:00040180	DAT_ram_00040180	Label	DEFAULT
ram:00040184	DAT_ram_00040184	Label	DEFAULT
ram:000401a0	DAT_ram_000401a0	Label	DEFAULT
ram:000401a4	DAT_ram_000401a4	Label	DEFAULT
ram:000401a8	DAT_ram_000401a8	Label	DEFAULT
ram:000401ac	DAT_ram_000401ac	Label	DEFAULT
ram:000401b0	DAT_ram_000401b0	Label	DEFAULT
ram:000401b4	DAT_ram_000401b4	Label	DEFAULT
ram:000401bc	DAT_ram_000401bc	Label	DEFAULT
ram:000401dc	DAT_ram_000401dc	Label	DEFAULT
ram:000401ec	DAT_ram_000401ec	Label	DEFAULT
ram:20000000	DAT_ram_20000000	Label	DEFAULT
ram:20002000	DAT_ram_20002000	Label	DEFAULT
ram:20002004	DAT_ram_20002004	Label	DEFAULT
ram:200020a0	DAT_ram_200020a0	Label	DEFAULT
ram:200020a2	DAT_ram_200020a2	Label	DEFAULT
ram:200020a4	DAT_ram_200020a4	Label	DEFAULT
ram:200020a6	DAT_ram_200020a6	Label	DEFAULT
ram:200020a8	DAT_ram_200020a8	Label	DEFAULT
ram:200020ac	DAT_ram_200020ac	Label	DEFAULT
ram:200020b8	DAT_ram_200020b8	Label	DEFAULT
ram:200020ba	DAT_ram_200020ba	Label	DEFAULT
ram:200020bc	DAT_ram_200020bc	Label	DEFAULT
ram:200020be	DAT_ram_200020be	Label	DEFAULT
ram:200020c0	DAT_ram_200020c0	Label	DEFAULT
ram:200020c4	DAT_ram_200020c4	Label	DEFAULT
ram:200020c6	FUN_ram_200020c6	Function	DEFAULT
ram:20002106	FUN_ram_20002106	Function	DEFAULT
ram:20002144	LAB_ram_20002144	Label	DEFAULT
ram:200021d4	FUN_ram_200021d4	Function	DEFAULT
ram:20002216	LAB_ram_20002216	Label	DEFAULT
ram:200022a2	LAB_ram_200022a2	Label	DEFAULT
ram:20002304	FUN_ram_20002304	Function	DEFAULT
ram:20002340	LAB_ram_20002340	Label	DEFAULT
ram:200023fe	FUN_ram_200023fe	Function	DEFAULT
ram:20002450	LAB_ram_20002450	Label	DEFAULT
ram:20002458	LAB_ram_20002458	Label	DEFAULT
ram:2000249a	LAB_ram_2000249a	Label	DEFAULT
ram:200024a2	LAB_ram_200024a2	Label	DEFAULT
ram:200024cc	LAB_ram_200024cc	Label	DEFAULT
ram:200024f6	LAB_ram_200024f6	Label	DEFAULT
ram:200024fe	LAB_ram_200024fe	Label	DEFAULT
ram:2000254a	LAB_ram_2000254a	Label	DEFAULT
ram:20002558	LAB_ram_20002558	Label	DEFAULT
ram:20002572	FUN_ram_20002572	Function	DEFAULT
ram:200025ae	FUN_ram_200025ae	Function	DEFAULT
ram:200025f2	LAB_ram_200025f2	Label	DEFAULT
ram:200025f4	FUN_ram_200025f4	Function	DEFAULT
ram:200025fa	LAB_ram_200025fa	Label	DEFAULT
ram:20002602	FUN_ram_20002602	Function	DEFAULT
ram:2000260e	LAB_ram_2000260e	Label	DEFAULT
ram:2000261c	LAB_ram_2000261c	Label	DEFAULT
ram:2000262a	FUN_ram_2000262a	Function	DEFAULT
ram:20002644	FUN_ram_20002644	Function	DEFAULT
ram:2000266a	LAB_ram_2000266a	Label	DEFAULT
ram:200026a2	LAB_ram_200026a2	Label	DEFAULT
ram:200026c2	LAB_ram_200026c2	Label	DEFAULT
ram:200026c6	LAB_ram_200026c6	Label	DEFAULT
ram:200026d0	LAB_ram_200026d0	Label	DEFAULT
ram:200026e0	LAB_ram_200026e0	Label	DEFAULT
ram:200026fc	FUN_ram_200026fc	Function	DEFAULT
ram:20002716	LAB_ram_20002716	Label	DEFAULT
ram:2000271a	FUN_ram_2000271a	Function	DEFAULT
ram:20002742	LAB_ram_20002742	Label	DEFAULT
ram:20002746	FUN_ram_20002746	Function	DEFAULT
ram:2000275c	LAB_ram_2000275c	Label	DEFAULT
ram:2000276e	LAB_ram_2000276e	Label	DEFAULT
ram:20002772	FUN_ram_20002772	Function	DEFAULT
ram:2000277e	FUN_ram_2000277e	Function	DEFAULT
ram:20002794	LAB_ram_20002794	Label	DEFAULT
ram:200027f0	LAB_ram_200027f0	Label	DEFAULT
ram:200027fa	LAB_ram_200027fa	Label	DEFAULT
ram:200027fe	FUN_ram_200027fe	Function	DEFAULT
ram:2000280a	FUN_ram_2000280a	Function	DEFAULT
ram:20002814	LAB_ram_20002814	Label	DEFAULT
ram:2000281a	FUN_ram_2000281a	Function	DEFAULT
ram:2000282c	FUN_ram_2000282c	Function	DEFAULT
ram:2000283a	FUN_ram_2000283a	Function	DEFAULT
ram:20002848	FUN_ram_20002848	Function	DEFAULT
ram:20002856	FUN_ram_20002856	Function	DEFAULT
ram:20002878	LAB_ram_20002878	Label	DEFAULT
ram:2000287e	LAB_ram_2000287e	Label	DEFAULT
ram:20002890	LAB_ram_20002890	Label	DEFAULT
ram:20002896	LAB_ram_20002894+2	Label	DEFAULT
ram:2000289e	FUN_ram_2000289e	Function	DEFAULT
ram:200028aa	LAB_ram_200028aa	Label	DEFAULT
ram:200028c6	LAB_ram_200028c6	Label	DEFAULT
ram:200028ce	LAB_ram_200028ce	Label	DEFAULT
ram:200028d6	FUN_ram_200028d6	Function	DEFAULT
ram:2000294c	LAB_ram_2000294c	Label	DEFAULT
ram:20002994	LAB_ram_20002994	Label	DEFAULT
ram:20002996	LAB_ram_20002996	Label	DEFAULT
ram:20002998	LAB_ram_20002998	Label	DEFAULT
ram:2000299e	LAB_ram_2000299e	Label	DEFAULT
ram:200029a4	LAB_ram_200029a4	Label	DEFAULT
ram:200029b8	LAB_ram_200029b8	Label	DEFAULT
ram:200029bc	LAB_ram_200029bc	Label	DEFAULT
ram:200029be	LAB_ram_200029be	Label	DEFAULT
ram:20002a02	LAB_ram_20002a02	Label	DEFAULT
ram:20002a0e	LAB_ram_20002a0e	Label	DEFAULT
ram:20002a12	LAB_ram_20002a12	Label	DEFAULT
ram:20002a28	LAB_ram_20002a28	Label	DEFAULT
ram:20002a32	LAB_ram_20002a32	Label	DEFAULT
ram:20002a36	LAB_ram_20002a36	Label	DEFAULT
ram:20002a42	LAB_ram_20002a42	Label	DEFAULT
ram:20002a4a	LAB_ram_20002a4a	Label	DEFAULT
ram:20002a5e	LAB_ram_20002a5e	Label	DEFAULT
ram:20002a6e	LAB_ram_20002a6e	Label	DEFAULT
ram:20002a76	LAB_ram_20002a76	Label	DEFAULT
ram:20002a84	LAB_ram_20002a84	Label	DEFAULT
ram:20002a86	LAB_ram_20002a84+2	Label	DEFAULT
ram:20002a8e	LAB_ram_20002a8c+2	Label	DEFAULT
ram:20002ab4	LAB_ram_20002ab4	Label	DEFAULT
ram:20002ab6	LAB_ram_20002ab6	Label	DEFAULT
ram:20002abe	LAB_ram_20002abe	Label	DEFAULT
ram:20002ac8	LAB_ram_20002ac8	Label	DEFAULT
ram:20002ad4	LAB_ram_20002ad4	Label	DEFAULT
ram:20002aec	LAB_ram_20002aea+2	Label	DEFAULT
ram:20002af0	LAB_ram_20002af0	Label	DEFAULT
ram:20002af6	LAB_ram_20002af6	Label	DEFAULT
ram:20002afe	LAB_ram_20002afe	Label	DEFAULT
ram:20002b0c	LAB_ram_20002b0c	Label	DEFAULT
ram:20002b12	LAB_ram_20002b12	Label	DEFAULT
ram:20002b1c	LAB_ram_20002b1c	Label	DEFAULT
ram:20002b28	LAB_ram_20002b28	Label	DEFAULT
ram:20002b4a	LAB_ram_20002b4a	Label	DEFAULT
ram:20002b4e	LAB_ram_20002b4e	Label	DEFAULT
ram:20002b58	LAB_ram_20002b58	Label	DEFAULT
ram:20002b5c	LAB_ram_20002b5c	Label	DEFAULT
ram:20002b7e	LAB_ram_20002b7e	Label	DEFAULT
ram:20002b8c	LAB_ram_20002b8c	Label	DEFAULT
ram:20002ba4	LAB_ram_20002ba4	Label	DEFAULT
ram:20002baa	LAB_ram_20002baa	Label	DEFAULT
ram:20002bc4	LAB_ram_20002bc4	Label	DEFAULT
ram:20002bde	LAB_ram_20002bde	Label	DEFAULT
ram:20002be6	LAB_ram_20002be6	Label	DEFAULT
ram:20002c02	LAB_ram_20002c02	Label	DEFAULT
ram:20002c1e	LAB_ram_20002c1e	Label	DEFAULT
ram:20002c24	LAB_ram_20002c24	Label	DEFAULT
ram:20002c38	LAB_ram_20002c38	Label	DEFAULT
ram:20002c40	DAT_ram_20002c40	Label	DEFAULT
ram:20002c44	DAT_ram_20002c44	Label	DEFAULT
ram:20002c6a	DAT_ram_20002c6a	Label	DEFAULT
ram:20002c9a	DAT_ram_20002c9a	Label	DEFAULT
ram:20002cb0	PTR_LAB_ram_00002ab6_ram_20002cb0	Label	DEFAULT
ram:20002cbc	DAT_ram_20002cbc	Label	DEFAULT
ram:20002cfc	PTR_LAB_ram_00002d8c_ram_20002cfc	Label	DEFAULT
ram:20002d2c	PTR_DAT_ram_00009300_ram_20002d2c	Label	DEFAULT
ram:20002d88	DAT_ram_20002d88	Label	DEFAULT
ram:20002dc0	DAT_ram_20002dc0	Label	DEFAULT
ram:20002e44	DAT_ram_20002e44	Label	DEFAULT
ram:20002e45	DAT_ram_20002e45	Label	DEFAULT
ram:20002e46	DAT_ram_20002e46	Label	DEFAULT
ram:20002e47	DAT_ram_20002e47	Label	DEFAULT
ram:20002e54	PTR_FUN_ram_000056ce_ram_20002e54	Label	DEFAULT
ram:20002e60	PTR_LAB_ram_000056c0_ram_20002e60	Label	DEFAULT
ram:20002e6c	PTR_FUN_ram_00007106_ram_20002e6c	Label	DEFAULT
ram:20002e78	DAT_ram_20002e78	Label	DEFAULT
ram:20002e85	DAT_ram_20002e85	Label	DEFAULT
ram:20002e89	DAT_ram_20002e89	Label	DEFAULT
ram:20002e98	DAT_ram_20002e98	Label	DEFAULT
ram:20002e9c	DAT_ram_20002e9c	Label	DEFAULT
ram:20002e9e	s_MP305B_ram_20002e9e	Label	DEFAULT
ram:20002ea6	DAT_ram_20002ea6	Label	DEFAULT
ram:20002eb4	DAT_ram_20002eb4	Label	DEFAULT
ram:20002eb5	DAT_ram_20002eb5	Label	DEFAULT
ram:20002eb6	DAT_ram_20002eb6	Label	DEFAULT
ram:20002eb8	DAT_ram_20002eb8	Label	DEFAULT
ram:20002ebc	PTR_DAT_ram_00009234_ram_20002ebc	Label	DEFAULT
ram:20002ec0	PTR_DAT_ram_00009254_ram_20002ec0	Label	DEFAULT
ram:20002ec4	PTR_DAT_ram_00009214_ram_20002ec4	Label	DEFAULT
ram:20002ed0	DAT_ram_20002ed0	Label	DEFAULT
ram:20002f00	DAT_ram_20002f00	Label	DEFAULT
ram:20002f04	DAT_ram_20002f04	Label	DEFAULT
ram:20002f08	DAT_ram_20002f08	Label	DEFAULT
ram:20002f2b	DAT_ram_20002f2b	Label	DEFAULT
ram:20002f2c	DAT_ram_20002f2c	Label	DEFAULT
ram:20002f30	DAT_ram_20002f30	Label	DEFAULT
ram:20002f31	DAT_ram_20002f30+1	Label	DEFAULT
ram:20002f32	DAT_ram_20002f30+2	Label	DEFAULT
ram:20002f33	DAT_ram_20002f30+3	Label	DEFAULT
ram:20002f34	DAT_ram_20002f34	Label	DEFAULT
ram:20002f35	DAT_ram_20002f34+1	Label	DEFAULT
ram:20002f36	DAT_ram_20002f36	Label	DEFAULT
ram:20002f38	PTR_LAB_ram_00006cae_ram_20002f38	Label	DEFAULT
ram:20002f40	PTR_FUN_ram_000070e6_ram_20002f40	Label	DEFAULT
ram:20002f44	DAT_ram_20002f44	Label	DEFAULT
ram:20002f48	PTR_DAT_ram_20002eb8_ram_20002f48	Label	DEFAULT
ram:20002f50	DAT_ram_20002f50	Label	DEFAULT
ram:20002f54	DAT_ram_20002f54	Label	DEFAULT
ram:20002f58	DAT_ram_20002f58	Label	DEFAULT
ram:20002f5c	DAT_ram_20002f5c	Label	DEFAULT
ram:20002f60	DAT_ram_20002f60	Label	DEFAULT
ram:20002f64	DAT_ram_20002f64	Label	DEFAULT
ram:20002f70	DAT_ram_20002f70	Label	DEFAULT
ram:20002f74	DAT_ram_20002f74	Label	DEFAULT
ram:20002f78	DAT_ram_20002f78	Label	DEFAULT
ram:20002f7c	DAT_ram_20002f7c	Label	DEFAULT
ram:20002f7d	DAT_ram_20002f7d	Label	DEFAULT
ram:20002f7e	DAT_ram_20002f7e	Label	DEFAULT
ram:20002f7f	DAT_ram_20002f7f	Label	DEFAULT
ram:20002f80	DAT_ram_20002f80	Label	DEFAULT
ram:20002f84	DAT_ram_20002f84	Label	DEFAULT
ram:20002f88	DAT_ram_20002f88	Label	DEFAULT
ram:20002f89	DAT_ram_20002f89	Label	DEFAULT
ram:20002f8a	DAT_ram_20002f8a	Label	DEFAULT
ram:20002f8c	DAT_ram_20002f8c	Label	DEFAULT
ram:20002f8d	DAT_ram_20002f8d	Label	DEFAULT
ram:20002f8e	DAT_ram_20002f8e	Label	DEFAULT
ram:20002f8f	DAT_ram_20002f8f	Label	DEFAULT
ram:20002f90	DAT_ram_20002f90	Label	DEFAULT
ram:20002f94	DAT_ram_20002f94	Label	DEFAULT
ram:20002f95	DAT_ram_20002f95	Label	DEFAULT
ram:20002f98	DAT_ram_20002f98	Label	DEFAULT
ram:20002f9c	DAT_ram_20002f9c	Label	DEFAULT
ram:20002f9d	DAT_ram_20002f9d	Label	DEFAULT
ram:20002fa0	DAT_ram_20002fa0	Label	DEFAULT
ram:20002fa4	DAT_ram_20002fa4	Label	DEFAULT
ram:20002fa8	DAT_ram_20002fa8	Label	DEFAULT
ram:20002fac	DAT_ram_20002fac	Label	DEFAULT
ram:20002fb0	DAT_ram_20002fb0	Label	DEFAULT
ram:20002fb1	DAT_ram_20002fb1	Label	DEFAULT
ram:20002fb2	DAT_ram_20002fb2	Label	DEFAULT
ram:20002fb4	DAT_ram_20002fb4	Label	DEFAULT
ram:20002fb5	DAT_ram_20002fb5	Label	DEFAULT
ram:20002fb6	DAT_ram_20002fb6	Label	DEFAULT
ram:20002fb8	DAT_ram_20002fb8	Label	DEFAULT
ram:20002fbc	DAT_ram_20002fbc	Label	DEFAULT
ram:20002fc0	DAT_ram_20002fc0	Label	DEFAULT
ram:20002fc1	DAT_ram_20002fc1	Label	DEFAULT
ram:20002fc2	DAT_ram_20002fc2	Label	DEFAULT
ram:20002fc4	DAT_ram_20002fc4	Label	DEFAULT
ram:20002fc8	DAT_ram_20002fc8	Label	DEFAULT
ram:20002fcc	DAT_ram_20002fcc	Label	DEFAULT
ram:20002fcd	DAT_ram_20002fcd	Label	DEFAULT
ram:20002fce	DAT_ram_20002fce	Label	DEFAULT
ram:20002fcf	DAT_ram_20002fcf	Label	DEFAULT
ram:20002fd0	DAT_ram_20002fd0	Label	DEFAULT
ram:20002fd1	DAT_ram_20002fd1	Label	DEFAULT
ram:20002fd2	DAT_ram_20002fd2	Label	DEFAULT
ram:20002fd3	DAT_ram_20002fd3	Label	DEFAULT
ram:20002fd4	DAT_ram_20002fd4	Label	DEFAULT
ram:20002fd5	DAT_ram_20002fd5	Label	DEFAULT
ram:20002fd6	DAT_ram_20002fd6	Label	DEFAULT
ram:20002fd8	DAT_ram_20002fd8	Label	DEFAULT
ram:20002fda	DAT_ram_20002fda	Label	DEFAULT
ram:20002fdb	DAT_ram_20002fdb	Label	DEFAULT
ram:20002fdc	DAT_ram_20002fdc	Label	DEFAULT
ram:20002fde	DAT_ram_20002fde	Label	DEFAULT
ram:20002fe0	DAT_ram_20002fe0	Label	DEFAULT
ram:20002fe8	DAT_ram_20002fe8	Label	DEFAULT
ram:20002fe9	DAT_ram_20002fe9	Label	DEFAULT
ram:20002fea	DAT_ram_20002fea	Label	DEFAULT
ram:20002feb	DAT_ram_20002feb	Label	DEFAULT
ram:20002fec	DAT_ram_20002fec	Label	DEFAULT
ram:20002fee	DAT_ram_20002fee	Label	DEFAULT
ram:20002ff0	DAT_ram_20002ff0	Label	DEFAULT
ram:20002ff4	DAT_ram_20002ff4	Label	DEFAULT
ram:20002ff8	DAT_ram_20002ff8	Label	DEFAULT
ram:20002ffc	DAT_ram_20002ffc	Label	DEFAULT
ram:20002ffe	DAT_ram_20002ffe	Label	DEFAULT
ram:20003000	DAT_ram_20003000	Label	DEFAULT
ram:20003002	DAT_ram_20003002	Label	DEFAULT
ram:20003004	DAT_ram_20003004	Label	DEFAULT
ram:20003008	DAT_ram_20003008	Label	DEFAULT
ram:2000300c	DAT_ram_2000300c	Label	DEFAULT
ram:20003010	DAT_ram_20003010	Label	DEFAULT
ram:20003014	DAT_ram_20003014	Label	DEFAULT
ram:2000304c	DAT_ram_2000304c	Label	DEFAULT
ram:20003206	DAT_ram_20003206	Label	DEFAULT
ram:2000321c	DAT_ram_2000321c	Label	DEFAULT
ram:20003224	DAT_ram_20003224	Label	DEFAULT
ram:2000322c	DAT_ram_2000322c	Label	DEFAULT
ram:20003284	DAT_ram_20003284	Label	DEFAULT
ram:20003286	DAT_ram_20003286	Label	DEFAULT
ram:200032f6	DAT_ram_200032f6	Label	DEFAULT
ram:2000334e	DAT_ram_2000334e	Label	DEFAULT
ram:20003434	DAT_ram_20003434	Label	DEFAULT
ram:200034d6	DAT_ram_200034d6	Label	DEFAULT
ram:2000363a	DAT_ram_2000363a	Label	DEFAULT
ram:20003642	DAT_ram_20003642	Label	DEFAULT
ram:20003644	DAT_ram_20003644	Label	DEFAULT
ram:20003648	DAT_ram_20003648	Label	DEFAULT
ram:2000365a	DAT_ram_2000365a	Label	DEFAULT
ram:20003662	DAT_ram_20003662	Label	DEFAULT
ram:2000367c	DAT_ram_2000367c	Label	DEFAULT
ram:20003684	DAT_ram_20003684	Label	DEFAULT
ram:200036a2	DAT_ram_200036a2	Label	DEFAULT
ram:200036aa	DAT_ram_200036aa	Label	DEFAULT
ram:200036d4	DAT_ram_200036d4	Label	DEFAULT
ram:2000379c	DAT_ram_2000379c	Label	DEFAULT
ram:20003a44	DAT_ram_20003a44	Label	DEFAULT
ram:20003a48	DAT_ram_20003a48	Label	DEFAULT
ram:20003a49	DAT_ram_20003a49	Label	DEFAULT
ram:20003a4a	DAT_ram_20003a4a	Label	DEFAULT
ram:20003a4b	DAT_ram_20003a4b	Label	DEFAULT
ram:20003a4c	DAT_ram_20003a4c	Label	DEFAULT
ram:20003a4d	DAT_ram_20003a4d	Label	DEFAULT
ram:20003a50	DAT_ram_20003a50	Label	DEFAULT
ram:20003a52	DAT_ram_20003a52	Label	DEFAULT
ram:20003a54	DAT_ram_20003a54	Label	DEFAULT
ram:20003a5c	DAT_ram_20003a5c	Label	DEFAULT
ram:20003b56	DAT_ram_20003b56	Label	DEFAULT
ram:20003b58	DAT_ram_20003b58	Label	DEFAULT
ram:20003b59	DAT_ram_20003b59	Label	DEFAULT
ram:20003b9a	DAT_ram_20003b9a	Label	DEFAULT
ram:20003c58	DAT_ram_20003c58	Label	DEFAULT
ram:20003c68	DAT_ram_20003c68	Label	DEFAULT
ram:20003c6c	DAT_ram_20003c6c	Label	DEFAULT
ram:20003c6e	DAT_ram_20003c6e	Label	DEFAULT
ram:20003c70	DAT_ram_20003c70	Label	DEFAULT
ram:20003cb0	DAT_ram_20003cb0	Label	DEFAULT
ram:20003cd2	DAT_ram_20003cd2	Label	DEFAULT
ram:20003d6c	DAT_ram_20003d6c	Label	DEFAULT
ram:20003d6e	DAT_ram_20003d6e	Label	DEFAULT
ram:20003d70	DAT_ram_20003d70	Label	DEFAULT
ram:20003d72	DAT_ram_20003d72	Label	DEFAULT
ram:20003d74	DAT_ram_20003d74	Label	DEFAULT
ram:20003d76	DAT_ram_20003d76	Label	DEFAULT
ram:20003e70	DAT_ram_20003e70	Label	DEFAULT
ram:20003e80	DAT_ram_20003e80	Label	DEFAULT
ram:20003e82	DAT_ram_20003e82	Label	DEFAULT
ram:20003e84	DAT_ram_20003e84	Label	DEFAULT
ram:20004088	DAT_ram_20004088	Label	DEFAULT
ram:20004098	DAT_ram_20004098	Label	DEFAULT
ram:2000409a	DAT_ram_2000409a	Label	DEFAULT
ram:2000409c	DAT_ram_2000409c	Label	DEFAULT
ram:2000409d	DAT_ram_2000409c+1	Label	DEFAULT
ram:2000409e	DAT_ram_2000409e	Label	DEFAULT
ram:2000409f	DAT_ram_2000409f	Label	DEFAULT
ram:200040a0	DAT_ram_200040a0	Label	DEFAULT
ram:200040a4	DAT_ram_200040a4	Label	DEFAULT
ram:200040a8	DAT_ram_200040a8	Label	DEFAULT
ram:200040ac	DAT_ram_200040ac	Label	DEFAULT
ram:200040b0	DAT_ram_200040b0	Label	DEFAULT
ram:200040b4	DAT_ram_200040b4	Label	DEFAULT
ram:200040b8	DAT_ram_200040b8	Label	DEFAULT
ram:200040ba	DAT_ram_200040ba	Label	DEFAULT
ram:2000419c	DAT_ram_2000419c	Label	DEFAULT
ram:200041a0	DAT_ram_200041a0	Label	DEFAULT
ram:200041a1	DAT_ram_200041a1	Label	DEFAULT
ram:200041a2	DAT_ram_200041a2	Label	DEFAULT
ram:200041a3	DAT_ram_200041a3	Label	DEFAULT
ram:200041a4	DAT_ram_200041a4	Label	DEFAULT
ram:200041a5	DAT_ram_200041a5	Label	DEFAULT
ram:200041aa	DAT_ram_200041aa	Label	DEFAULT
ram:200042a0	DAT_ram_200042a0	Label	DEFAULT
ram:200042b0	DAT_ram_200042b0	Label	DEFAULT
ram:200042be	DAT_ram_200042be	Label	DEFAULT
ram:200042bf	DAT_ram_200042bf	Label	DEFAULT
ram:200042c0	DAT_ram_200042c0	Label	DEFAULT
ram:200043b7	DAT_ram_200043b7	Label	DEFAULT
ram:200043c0	DAT_ram_200043c0	Label	DEFAULT
ram:200043c4	DAT_ram_200043c4	Label	DEFAULT
ram:20004510	DAT_ram_20004510	Label	DEFAULT
ram:20004560	DAT_ram_20004560	Label	DEFAULT
ram:20004561	DAT_ram_20004561	Label	DEFAULT
ram:20004562	DAT_ram_20004562	Label	DEFAULT
ram:20004564	DAT_ram_20004564	Label	DEFAULT
ram:20004565	DAT_ram_20004565	Label	DEFAULT
ram:20004566	DAT_ram_20004566	Label	DEFAULT
ram:20004568	DAT_ram_20004568	Label	DEFAULT
ram:20004668	DAT_ram_20004668	Label	DEFAULT
ram:2000466c	DAT_ram_2000466c	Label	DEFAULT
ram:20004670	DAT_ram_20004670	Label	DEFAULT
ram:20004770	DAT_ram_20004770	Label	DEFAULT
ram:20004774	DAT_ram_20004774	Label	DEFAULT
ram:20004776	DAT_ram_20004776	Label	DEFAULT
ram:200047ae	DAT_ram_200047ae	Label	DEFAULT
ram:200047ba	DAT_ram_200047ba	Label	DEFAULT
ram:200047d8	DAT_ram_200047d8	Label	DEFAULT
ram:20004834	DAT_ram_20004834	Label	DEFAULT
ram:200048b4	DAT_ram_200048b4	Label	DEFAULT
ram:20004934	DAT_ram_20004934	Label	DEFAULT
ram:20004982	DAT_ram_20004982	Label	DEFAULT
ram:200049b4	DAT_ram_200049b4	Label	DEFAULT
ram:200049b5	DAT_ram_200049b5	Label	DEFAULT
ram:20004a48	DAT_ram_20004a48	Label	DEFAULT
ram:20004b40	DAT_ram_20004b40	Label	DEFAULT
ram:20004b4a	DAT_ram_20004b4a	Label	DEFAULT
ram:20004b4b	DAT_ram_20004b4b	Label	DEFAULT
ram:20004be5	DAT_ram_20004be5	Label	DEFAULT
ram:20004be6	DAT_ram_20004be6	Label	DEFAULT
ram:20004be7	DAT_ram_20004be7	Label	DEFAULT
ram:20004be8	DAT_ram_20004be8	Label	DEFAULT
ram:20004be9	DAT_ram_20004be9	Label	DEFAULT
ram:20004bea	DAT_ram_20004bea	Label	DEFAULT
ram:20004beb	DAT_ram_20004beb	Label	DEFAULT
ram:20004bec	DAT_ram_20004bec	Label	DEFAULT
ram:20004bed	DAT_ram_20004bed	Label	DEFAULT
ram:20004c03	DAT_ram_20004c03	Label	DEFAULT
ram:20004c08	DAT_ram_20004c08	Label	DEFAULT
ram:20004c09	DAT_ram_20004c09	Label	DEFAULT
ram:20004c0c	DAT_ram_20004c0c	Label	DEFAULT
ram:20004c14	DAT_ram_20004c14	Label	DEFAULT
ram:20004c16	DAT_ram_20004c16	Label	DEFAULT
ram:20004c18	DAT_ram_20004c18	Label	DEFAULT
ram:20004c2a	DAT_ram_20004c2a	Label	DEFAULT
ram:20004c2c	DAT_ram_20004c2c	Label	DEFAULT
ram:20004c30	DAT_ram_20004c30	Label	DEFAULT
ram:20004c34	DAT_ram_20004c34	Label	DEFAULT
ram:20004c35	DAT_ram_20004c34+1	Label	DEFAULT
ram:20004c36	DAT_ram_20004c34+2	Label	DEFAULT
ram:20004c38	DAT_ram_20004c38	Label	DEFAULT
ram:20004c3c	DAT_ram_20004c3c	Label	DEFAULT
ram:20004c40	DAT_ram_20004c40	Label	DEFAULT
ram:20004c44	DAT_ram_20004c44	Label	DEFAULT
ram:20004c48	DAT_ram_20004c48	Label	DEFAULT
ram:20004c4a	DAT_ram_20004c4a	Label	DEFAULT
ram:20004c4c	DAT_ram_20004c4c	Label	DEFAULT
ram:20004c50	DAT_ram_20004c50	Label	DEFAULT
ram:20004c51	DAT_ram_20004c51	Label	DEFAULT
ram:20004c52	DAT_ram_20004c52	Label	DEFAULT
ram:20004c58	DAT_ram_20004c58	Label	DEFAULT
ram:20004c5a	DAT_ram_20004c5a	Label	DEFAULT
ram:20004c5c	DAT_ram_20004c5c	Label	DEFAULT
ram:20004c7e	DAT_ram_20004c7e	Label	DEFAULT
ram:20004c7f	DAT_ram_20004c7f	Label	DEFAULT
ram:20004c80	DAT_ram_20004c80	Label	DEFAULT
ram:20004c81	DAT_ram_20004c81	Label	DEFAULT
ram:20004c82	DAT_ram_20004c82	Label	DEFAULT
ram:20004ca0	DAT_ram_20004ca0	Label	DEFAULT
ram:20004caa	DAT_ram_20004caa	Label	DEFAULT
ram:20004ccc	DAT_ram_20004ccc	Label	DEFAULT
ram:20004cf8	DAT_ram_20004cf8	Label	DEFAULT
ram:20004d1a	DAT_ram_20004d1a	Label	DEFAULT
ram:20005130	DAT_ram_20005130	Label	DEFAULT
ram:20005140	DAT_ram_20005140	Label	DEFAULT
ram:20005150	DAT_ram_20005150	Label	DEFAULT
ram:20005160	DAT_ram_20005160	Label	DEFAULT
ram:20005252	DAT_ram_20005252	Label	DEFAULT
ram:200052a0	DAT_ram_200052a0	Label	DEFAULT
ram:20006ae0	DAT_ram_20006ae0	Label	DEFAULT
ram:20006bce	DAT_ram_20006bce	Label	DEFAULT
ram:20006bfe	DAT_ram_20006bfe	Label	DEFAULT
ram:20006c30	DAT_ram_20006c30	Label	DEFAULT
ram:20006c60	DAT_ram_20006c60	Label	DEFAULT
ram:20006c94	DAT_ram_20006c94	Label	DEFAULT
ram:20006ce6	DAT_ram_20006ce6	Label	DEFAULT
ram:20006d60	DAT_ram_20006d60	Label	DEFAULT
ram:20006d64	DAT_ram_20006d64	Label	DEFAULT
ram:20006d68	DAT_ram_20006d68	Label	DEFAULT
ram:20006de8	DAT_ram_20006de8	Label	DEFAULT
ram:20006dec	DAT_ram_20006dec	Label	DEFAULT
ram:20006df0	DAT_ram_20006df0	Label	DEFAULT
ram:40001000	DAT_ram_40001000	Label	DEFAULT
ram:40001008	DAT_ram_40001008	Label	DEFAULT
ram:4000100a	DAT_ram_4000100a	Label	DEFAULT
ram:4000100e	DAT_ram_4000100e	Label	DEFAULT
ram:4000100f	DAT_ram_4000100f	Label	DEFAULT
ram:40001018	DAT_ram_40001018	Label	DEFAULT
ram:4000101a	DAT_ram_4000101a	Label	DEFAULT
ram:40001020	DAT_ram_40001020	Label	DEFAULT
ram:40001024	DAT_ram_40001024	Label	DEFAULT
ram:4000102c	DAT_ram_4000102c	Label	DEFAULT
ram:4000102e	DAT_ram_4000102e	Label	DEFAULT
ram:4000102f	DAT_ram_4000102f	Label	DEFAULT
ram:40001030	DAT_ram_40001030	Label	DEFAULT
ram:40001031	DAT_ram_40001031	Label	DEFAULT
ram:40001034	DAT_ram_40001034	Label	DEFAULT
ram:40001038	DAT_ram_40001038	Label	DEFAULT
ram:4000103c	DAT_ram_4000103c	Label	DEFAULT
ram:40001040	DAT_ram_40001040	Label	DEFAULT
ram:40001041	DAT_ram_40001041	Label	DEFAULT
ram:40001043	DAT_ram_40001043	Label	DEFAULT
ram:40001044	DAT_ram_40001044	Label	DEFAULT
ram:40001045	DAT_ram_40001045	Label	DEFAULT
ram:40001046	DAT_ram_40001046	Label	DEFAULT
ram:4000104b	DAT_ram_4000104b	Label	DEFAULT
ram:4000104e	DAT_ram_4000104e	Label	DEFAULT
ram:40001050	DAT_ram_40001050	Label	DEFAULT
ram:40001052	DAT_ram_40001052	Label	DEFAULT
ram:40001053	DAT_ram_40001053	Label	DEFAULT
ram:40001057	DAT_ram_40001057	Label	DEFAULT
ram:40001058	DAT_ram_40001058	Label	DEFAULT
ram:40001059	DAT_ram_40001059	Label	DEFAULT
ram:4000105a	DAT_ram_4000105a	Label	DEFAULT
ram:4000105b	DAT_ram_4000105b	Label	DEFAULT
ram:4000105c	DAT_ram_4000105c	Label	DEFAULT
ram:400010a0	DAT_ram_400010a0	Label	DEFAULT
ram:400010a8	DAT_ram_400010a8	Label	DEFAULT
ram:400010b0	DAT_ram_400010b0	Label	DEFAULT
ram:400010b4	DAT_ram_400010b4	Label	DEFAULT
ram:400010c0	DAT_ram_400010c0	Label	DEFAULT
ram:400010c8	DAT_ram_400010c8	Label	DEFAULT
ram:400010d0	DAT_ram_400010d0	Label	DEFAULT
ram:400010d4	DAT_ram_400010d4	Label	DEFAULT
ram:40001800	DAT_ram_40001800	Label	DEFAULT
ram:40001806	DAT_ram_40001806	Label	DEFAULT
ram:40001807	DAT_ram_40001807	Label	DEFAULT
ram:40002000	DAT_ram_40002000	Label	DEFAULT
ram:40002002	DAT_ram_40002002	Label	DEFAULT
ram:40002006	DAT_ram_40002006	Label	DEFAULT
ram:40002007	DAT_ram_40002007	Label	DEFAULT
ram:4000200c	DAT_ram_4000200c	Label	DEFAULT
ram:40002010	DAT_ram_40002010	Label	DEFAULT
ram:40002400	DAT_ram_40002400	Label	DEFAULT
ram:40002402	DAT_ram_40002402	Label	DEFAULT
ram:40002406	DAT_ram_40002406	Label	DEFAULT
ram:4000240c	DAT_ram_4000240c	Label	DEFAULT
ram:40002800	DAT_ram_40002800	Label	DEFAULT
ram:40002802	DAT_ram_40002802	Label	DEFAULT
ram:40002806	DAT_ram_40002806	Label	DEFAULT
ram:4000280c	DAT_ram_4000280c	Label	DEFAULT
ram:40003001	DAT_ram_40003001	Label	DEFAULT
ram:40003002	DAT_ram_40003002	Label	DEFAULT
ram:40003003	DAT_ram_40003003	Label	DEFAULT
ram:40003004	DAT_ram_40003004	Label	DEFAULT
ram:40003008	DAT_ram_40003008	Label	DEFAULT
ram:4000300a	DAT_ram_4000300a	Label	DEFAULT
ram:4000300c	DAT_ram_4000300c	Label	DEFAULT
ram:4000300e	DAT_ram_4000300e	Label	DEFAULT
ram:40003400	DAT_ram_40003400	Label	DEFAULT
ram:40003401	DAT_ram_40003401	Label	DEFAULT
ram:40003402	DAT_ram_40003402	Label	DEFAULT
ram:40003403	DAT_ram_40003403	Label	DEFAULT
ram:40003404	DAT_ram_40003404	Label	DEFAULT
ram:40003408	DAT_ram_40003408	Label	DEFAULT
ram:4000340a	DAT_ram_4000340a	Label	DEFAULT
ram:4000340b	DAT_ram_4000340b	Label	DEFAULT
ram:4000340c	DAT_ram_4000340c	Label	DEFAULT
ram:4000340e	DAT_ram_4000340e	Label	DEFAULT
ram:40003c04	DAT_ram_40003c04	Label	DEFAULT
ram:40005000	DAT_ram_40005000	Label	DEFAULT
ram:40005001	DAT_ram_40005001	Label	DEFAULT
ram:40005002	DAT_ram_40005002	Label	DEFAULT
ram:40005003	DAT_ram_40005003	Label	DEFAULT
ram:40005004	DAT_ram_40005004	Label	DEFAULT
ram:40005005	DAT_ram_40005005	Label	DEFAULT
ram:40005007	DAT_ram_40005007	Label	DEFAULT
ram:4000500a	DAT_ram_4000500a	Label	DEFAULT
ram:40008000	DAT_ram_40008000	Label	DEFAULT
ram:40008001	DAT_ram_40008001	Label	DEFAULT
ram:40008002	DAT_ram_40008002	Label	DEFAULT
ram:40008003	DAT_ram_40008003	Label	DEFAULT
ram:40008005	DAT_ram_40008005	Label	DEFAULT
ram:40008006	DAT_ram_40008006	Label	DEFAULT
ram:40008007	DAT_ram_40008007	Label	DEFAULT
ram:40008008	DAT_ram_40008008	Label	DEFAULT
ram:4000800c	DAT_ram_4000800c	Label	DEFAULT
ram:4000800d	DAT_ram_4000800d	Label	DEFAULT
ram:40008010	DAT_ram_40008010	Label	DEFAULT
ram:40008014	DAT_ram_40008014	Label	DEFAULT
ram:40008018	DAT_ram_40008018	Label	DEFAULT
ram:4000801c	DAT_ram_4000801c	Label	DEFAULT
ram:40008020	DAT_ram_40008020	Label	DEFAULT
ram:40008022	DAT_ram_40008022	Label	DEFAULT
ram:40008024	DAT_ram_40008024	Label	DEFAULT
ram:40008026	DAT_ram_40008026	Label	DEFAULT
ram:40008028	DAT_ram_40008028	Label	DEFAULT
ram:4000802a	DAT_ram_4000802a	Label	DEFAULT
ram:4000802c	DAT_ram_4000802c	Label	DEFAULT
ram:4000802e	DAT_ram_4000802e	Label	DEFAULT
ram:40008030	DAT_ram_40008030	Label	DEFAULT
ram:40008032	DAT_ram_40008032	Label	DEFAULT
ram:e000e000	DAT_ram_e000e000	Label	DEFAULT
ram:e000e004	DAT_ram_e000e004	Label	DEFAULT
ram:e000e100	DAT_ram_e000e100	Label	DEFAULT
ram:e000e104	DAT_ram_e000e104	Label	DEFAULT
ram:e000e180	DAT_ram_e000e180	Label	DEFAULT
ram:e000e184	DAT_ram_e000e184	Label	DEFAULT
ram:e000e410	DAT_ram_e000e410	Label	DEFAULT
ram:e000ed10	DAT_ram_e000ed10	Label	DEFAULT
ram:e000f000	DAT_ram_e000f000	Label	DEFAULT
ram:e000f008	DAT_ram_e000f008	Label	DEFAULT
ram:e000f00c	DAT_ram_e000f00c	Label	DEFAULT
ram:e000f010	DAT_ram_e000f010	Label	DEFAULT
ram:e000f014	DAT_ram_e000f014	Label	DEFAULT
csreg:0000	ustatus	Label	IMPORTED
csreg:0001	fflags	Label	IMPORTED
csreg:0002	frm	Label	IMPORTED
csreg:0003	fcsr	Label	IMPORTED
csreg:0004	uie	Label	IMPORTED
csreg:0005	utvec	Label	IMPORTED
csreg:0008	vstart	Label	IMPORTED
csreg:0009	vxsat	Label	IMPORTED
csreg:000a	vxrm	Label	IMPORTED
csreg:000f	vcsr	Label	IMPORTED
csreg:0040	uscratch	Label	IMPORTED
csreg:0041	uepc	Label	IMPORTED
csreg:0042	ucause	Label	IMPORTED
csreg:0043	utval	Label	IMPORTED
csreg:0044	uip	Label	IMPORTED
csreg:0100	sstatus	Label	IMPORTED
csreg:0101	sedeleg	Label	IMPORTED
csreg:0102	sideleg	Label	IMPORTED
csreg:0103	sie	Label	IMPORTED
csreg:0104	stvec	Label	IMPORTED
csreg:0105	scounteren	Label	IMPORTED
csreg:0140	sscratch	Label	IMPORTED
csreg:0141	sepc	Label	IMPORTED
csreg:0142	scause	Label	IMPORTED
csreg:0143	stval	Label	IMPORTED
csreg:0144	sip	Label	IMPORTED
csreg:0180	satp	Label	IMPORTED
csreg:0200	vsstatus	Label	IMPORTED
csreg:0204	vsie	Label	IMPORTED
csreg:0205	vstvec	Label	IMPORTED
csreg:0240	vsscratch	Label	IMPORTED
csreg:0241	vsepc	Label	IMPORTED
csreg:0242	vscause	Label	IMPORTED
csreg:0243	vstval	Label	IMPORTED
csreg:0244	vsip	Label	IMPORTED
csreg:0280	vsatp	Label	IMPORTED
csreg:0300	mstatus	Label	IMPORTED
csreg:0301	misa	Label	IMPORTED
csreg:0302	medeleg	Label	IMPORTED
csreg:0303	mideleg	Label	IMPORTED
csreg:0304	mie	Label	IMPORTED
csreg:0305	mtvec	Label	IMPORTED
csreg:0306	mcounteren	Label	IMPORTED
csreg:0310	mstatush	Label	IMPORTED
csreg:0320	mcountinhibit	Label	IMPORTED
csreg:0323	mhpmevent3	Label	IMPORTED
csreg:0324	mhpmevent4	Label	IMPORTED
csreg:0325	mhpmevent5	Label	IMPORTED
csreg:0326	mhpmevent6	Label	IMPORTED
csreg:0327	mhpmevent7	Label	IMPORTED
csreg:0328	mhpmevent8	Label	IMPORTED
csreg:0329	mhpmevent9	Label	IMPORTED
csreg:032a	mhpmevent10	Label	IMPORTED
csreg:032b	mhpmevent11	Label	IMPORTED
csreg:032c	mhpmevent12	Label	IMPORTED
csreg:032d	mhpmevent13	Label	IMPORTED
csreg:032e	mhpmevent14	Label	IMPORTED
csreg:032f	mhpmevent15	Label	IMPORTED
csreg:0330	mhpmevent16	Label	IMPORTED
csreg:0331	mhpmevent17	Label	IMPORTED
csreg:0332	mhpmevent18	Label	IMPORTED
csreg:0333	mhpmevent19	Label	IMPORTED
csreg:0334	mhpmevent20	Label	IMPORTED
csreg:0335	mhpmevent21	Label	IMPORTED
csreg:0336	mhpmevent22	Label	IMPORTED
csreg:0337	mhpmevent23	Label	IMPORTED
csreg:0338	mhpmevent24	Label	IMPORTED
csreg:0339	mhpmevent25	Label	IMPORTED
csreg:033a	mhpmevent26	Label	IMPORTED
csreg:033b	mhpmevent27	Label	IMPORTED
csreg:033c	mhpmevent28	Label	IMPORTED
csreg:033d	mhpmevent29	Label	IMPORTED
csreg:033e	mhpmevent30	Label	IMPORTED
csreg:033f	mhpmevent31	Label	IMPORTED
csreg:0340	mscratch	Label	IMPORTED
csreg:0341	mepc	Label	IMPORTED
csreg:0342	mcause	Label	IMPORTED
csreg:0343	mtval	Label	IMPORTED
csreg:0344	mip	Label	IMPORTED
csreg:034a	mtinst	Label	IMPORTED
csreg:034b	mtval2	Label	IMPORTED
csreg:0380	mbase	Label	IMPORTED
csreg:0381	mbound	Label	IMPORTED
csreg:0382	mibase	Label	IMPORTED
csreg:0383	mibound	Label	IMPORTED
csreg:0384	mdbase	Label	IMPORTED
csreg:0385	mdbound	Label	IMPORTED
csreg:03a0	pmpcfg0	Label	IMPORTED
csreg:03a1	pmpcfg1	Label	IMPORTED
csreg:03a2	pmpcfg2	Label	IMPORTED
csreg:03a3	pmpcfg3	Label	IMPORTED
csreg:03a4	pmpcfg4	Label	IMPORTED
csreg:03a5	pmpcfg5	Label	IMPORTED
csreg:03a6	pmpcfg6	Label	IMPORTED
csreg:03a7	pmpcfg7	Label	IMPORTED
csreg:03a8	pmpcfg8	Label	IMPORTED
csreg:03a9	pmpcfg9	Label	IMPORTED
csreg:03aa	pmpcfg10	Label	IMPORTED
csreg:03ab	pmpcfg11	Label	IMPORTED
csreg:03ac	pmpcfg12	Label	IMPORTED
csreg:03ad	pmpcfg13	Label	IMPORTED
csreg:03ae	pmpcfg14	Label	IMPORTED
csreg:03af	pmpcfg15	Label	IMPORTED
csreg:03b0	pmpaddr0	Label	IMPORTED
csreg:03b1	pmpaddr1	Label	IMPORTED
csreg:03b2	pmpaddr2	Label	IMPORTED
csreg:03b3	pmpaddr3	Label	IMPORTED
csreg:03b4	pmpaddr4	Label	IMPORTED
csreg:03b5	pmpaddr5	Label	IMPORTED
csreg:03b6	pmpaddr6	Label	IMPORTED
csreg:03b7	pmpaddr7	Label	IMPORTED
csreg:03b8	pmpaddr8	Label	IMPORTED
csreg:03b9	pmpaddr9	Label	IMPORTED
csreg:03ba	pmpaddr10	Label	IMPORTED
csreg:03bb	pmpaddr11	Label	IMPORTED
csreg:03bc	pmpaddr12	Label	IMPORTED
csreg:03bd	pmpaddr13	Label	IMPORTED
csreg:03be	pmpaddr14	Label	IMPORTED
csreg:03bf	pmpaddr15	Label	IMPORTED
csreg:03c0	pmpaddr16	Label	IMPORTED
csreg:03c1	pmpaddr17	Label	IMPORTED
csreg:03c2	pmpaddr18	Label	IMPORTED
csreg:03c3	pmpaddr19	Label	IMPORTED
csreg:03c4	pmpaddr20	Label	IMPORTED
csreg:03c5	pmpaddr21	Label	IMPORTED
csreg:03c6	pmpaddr22	Label	IMPORTED
csreg:03c7	pmpaddr23	Label	IMPORTED
csreg:03c8	pmpaddr24	Label	IMPORTED
csreg:03c9	pmpaddr25	Label	IMPORTED
csreg:03ca	pmpaddr26	Label	IMPORTED
csreg:03cb	pmpaddr27	Label	IMPORTED
csreg:03cc	pmpaddr28	Label	IMPORTED
csreg:03cd	pmpaddr29	Label	IMPORTED
csreg:03ce	pmpaddr30	Label	IMPORTED
csreg:03cf	pmpaddr31	Label	IMPORTED
csreg:03d0	pmpaddr32	Label	IMPORTED
csreg:03d1	pmpaddr33	Label	IMPORTED
csreg:03d2	pmpaddr34	Label	IMPORTED
csreg:03d3	pmpaddr35	Label	IMPORTED
csreg:03d4	pmpaddr36	Label	IMPORTED
csreg:03d5	pmpaddr37	Label	IMPORTED
csreg:03d6	pmpaddr38	Label	IMPORTED
csreg:03d7	pmpaddr39	Label	IMPORTED
csreg:03d8	pmpaddr40	Label	IMPORTED
csreg:03d9	pmpaddr41	Label	IMPORTED
csreg:03da	pmpaddr42	Label	IMPORTED
csreg:03db	pmpaddr43	Label	IMPORTED
csreg:03dc	pmpaddr44	Label	IMPORTED
csreg:03dd	pmpaddr45	Label	IMPORTED
csreg:03de	pmpaddr46	Label	IMPORTED
csreg:03df	pmpaddr47	Label	IMPORTED
csreg:03e0	pmpaddr48	Label	IMPORTED
csreg:03e1	pmpaddr49	Label	IMPORTED
csreg:03e2	pmpaddr50	Label	IMPORTED
csreg:03e3	pmpaddr51	Label	IMPORTED
csreg:03e4	pmpaddr52	Label	IMPORTED
csreg:03e5	pmpaddr53	Label	IMPORTED
csreg:03e6	pmpaddr54	Label	IMPORTED
csreg:03e7	pmpaddr55	Label	IMPORTED
csreg:03e8	pmpaddr56	Label	IMPORTED
csreg:03e9	pmpaddr57	Label	IMPORTED
csreg:03ea	pmpaddr58	Label	IMPORTED
csreg:03eb	pmpaddr59	Label	IMPORTED
csreg:03ec	pmpaddr60	Label	IMPORTED
csreg:03ed	pmpaddr61	Label	IMPORTED
csreg:03ee	pmpaddr62	Label	IMPORTED
csreg:03ef	pmpaddr63	Label	IMPORTED
csreg:05a8	scontext	Label	IMPORTED
csreg:0600	hstatus	Label	IMPORTED
csreg:0602	hedeleg	Label	IMPORTED
csreg:0603	hideleg	Label	IMPORTED
csreg:0604	hie	Label	IMPORTED
csreg:0605	htimedelta	Label	IMPORTED
csreg:0606	hcounteren	Label	IMPORTED
csreg:0607	hgeie	Label	IMPORTED
csreg:0615	htimedeltah	Label	IMPORTED
csreg:0643	htval	Label	IMPORTED
csreg:0644	hip	Label	IMPORTED
csreg:0645	hvip	Label	IMPORTED
csreg:064a	htinst	Label	IMPORTED
csreg:0680	hgatp	Label	IMPORTED
csreg:06a8	hcontext	Label	IMPORTED
csreg:07a0	tselect	Label	IMPORTED
csreg:07a1	tdata1	Label	IMPORTED
csreg:07a2	tdata2	Label	IMPORTED
csreg:07a3	tdata3	Label	IMPORTED
csreg:07a8	mcontext	Label	IMPORTED
csreg:07b0	dcsr	Label	IMPORTED
csreg:07b1	dpc	Label	IMPORTED
csreg:07b2	dscratch0	Label	IMPORTED
csreg:07b3	dscratch1	Label	IMPORTED
csreg:0804	DAT_csreg_0804	Label	DEFAULT
csreg:0a00	mcycle	Label	IMPORTED
csreg:0a02	minstret	Label	IMPORTED
csreg:0a03	mhpmcounter3	Label	IMPORTED
csreg:0a04	mhpmcounter4	Label	IMPORTED
csreg:0a05	mhpmcounter5	Label	IMPORTED
csreg:0a06	mhpmcounter6	Label	IMPORTED
csreg:0a07	mhpmcounter7	Label	IMPORTED
csreg:0a08	mhpmcounter8	Label	IMPORTED
csreg:0a09	mhpmcounter9	Label	IMPORTED
csreg:0a0a	mhpmcounter10	Label	IMPORTED
csreg:0a0b	mhpmcounter11	Label	IMPORTED
csreg:0a0c	mhpmcounter12	Label	IMPORTED
csreg:0a0d	mhpmcounter13	Label	IMPORTED
csreg:0a0e	mhpmcounter14	Label	IMPORTED
csreg:0a0f	mhpmcounter15	Label	IMPORTED
csreg:0a10	mhpmcounter16	Label	IMPORTED
csreg:0a11	mhpmcounter17	Label	IMPORTED
csreg:0a12	mhpmcounter18	Label	IMPORTED
csreg:0a13	mhpmcounter19	Label	IMPORTED
csreg:0a14	mhpmcounter20	Label	IMPORTED
csreg:0a15	mhpmcounter21	Label	IMPORTED
csreg:0a16	mhpmcounter22	Label	IMPORTED
csreg:0a17	mhpmcounter23	Label	IMPORTED
csreg:0a18	mhpmcounter24	Label	IMPORTED
csreg:0a19	mhpmcounter25	Label	IMPORTED
csreg:0a1a	mhpmcounter26	Label	IMPORTED
csreg:0a1b	mhpmcounter27	Label	IMPORTED
csreg:0a1c	mhpmcounter28	Label	IMPORTED
csreg:0a1d	mhpmcounter29	Label	IMPORTED
csreg:0a1e	mhpmcounter30	Label	IMPORTED
csreg:0a1f	mhpmcounter31	Label	IMPORTED
csreg:0b80	mcycleh	Label	IMPORTED
csreg:0b81	minstreth	Label	IMPORTED
csreg:0b82	mhpmcounter3h	Label	IMPORTED
csreg:0b83	mhpmcounter4h	Label	IMPORTED
csreg:0b84	mhpmcounter5h	Label	IMPORTED
csreg:0b85	mhpmcounter6h	Label	IMPORTED
csreg:0b86	mhpmcounter7h	Label	IMPORTED
csreg:0b88	mhpmcounter8h	Label	IMPORTED
csreg:0b89	mhpmcounter9h	Label	IMPORTED
csreg:0b8a	mhpmcounter10h	Label	IMPORTED
csreg:0b8b	mhpmcounter11h	Label	IMPORTED
csreg:0b8c	mhpmcounter12h	Label	IMPORTED
csreg:0b8d	mhpmcounter13h	Label	IMPORTED
csreg:0b8e	mhpmcounter14h	Label	IMPORTED
csreg:0b8f	mhpmcounter15h	Label	IMPORTED
csreg:0b90	mhpmcounter16h	Label	IMPORTED
csreg:0b91	mhpmcounter17h	Label	IMPORTED
csreg:0b92	mhpmcounter18h	Label	IMPORTED
csreg:0b93	mhpmcounter19h	Label	IMPORTED
csreg:0b94	mhpmcounter20h	Label	IMPORTED
csreg:0b95	mhpmcounter21h	Label	IMPORTED
csreg:0b96	mhpmcounter22h	Label	IMPORTED
csreg:0b97	mhpmcounter23h	Label	IMPORTED
csreg:0b98	mhpmcounter24h	Label	IMPORTED
csreg:0b99	mhpmcounter25h	Label	IMPORTED
csreg:0b9a	mhpmcounter26h	Label	IMPORTED
csreg:0b9b	mhpmcounter27h	Label	IMPORTED
csreg:0b9c	mhpmcounter28h	Label	IMPORTED
csreg:0b9d	mhpmcounter29h	Label	IMPORTED
csreg:0b9e	mhpmcounter30h	Label	IMPORTED
csreg:0b9f	mhpmcounter31h	Label	IMPORTED
csreg:0bc0	DAT_csreg_0bc0	Label	DEFAULT
csreg:0c00	cycle	Label	IMPORTED
csreg:0c01	time	Label	IMPORTED
csreg:0c02	instret	Label	IMPORTED
csreg:0c03	hpmcounter3	Label	IMPORTED
csreg:0c04	hpmcounter4	Label	IMPORTED
csreg:0c05	hpmcounter5	Label	IMPORTED
csreg:0c06	hpmcounter6	Label	IMPORTED
csreg:0c07	hpmcounter7	Label	IMPORTED
csreg:0c08	hpmcounter8	Label	IMPORTED
csreg:0c09	hpmcounter9	Label	IMPORTED
csreg:0c0a	hpmcounter10	Label	IMPORTED
csreg:0c0b	hpmcounter11	Label	IMPORTED
csreg:0c0c	hpmcounter12	Label	IMPORTED
csreg:0c0d	hpmcounter13	Label	IMPORTED
csreg:0c0e	hpmcounter14	Label	IMPORTED
csreg:0c0f	hpmcounter15	Label	IMPORTED
csreg:0c10	hpmcounter16	Label	IMPORTED
csreg:0c11	hpmcounter17	Label	IMPORTED
csreg:0c12	hpmcounter18	Label	IMPORTED
csreg:0c13	hpmcounter19	Label	IMPORTED
csreg:0c14	hpmcounter20	Label	IMPORTED
csreg:0c15	hpmcounter21	Label	IMPORTED
csreg:0c16	hpmcounter22	Label	IMPORTED
csreg:0c17	hpmcounter23	Label	IMPORTED
csreg:0c18	hpmcounter24	Label	IMPORTED
csreg:0c19	hpmcounter25	Label	IMPORTED
csreg:0c1a	hpmcounter26	Label	IMPORTED
csreg:0c1b	hpmcounter27	Label	IMPORTED
csreg:0c1c	hpmcounter28	Label	IMPORTED
csreg:0c1d	hpmcounter29	Label	IMPORTED
csreg:0c1e	hpmcounter30	Label	IMPORTED
csreg:0c1f	hpmcounter31	Label	IMPORTED
csreg:0c20	vl	Label	IMPORTED
csreg:0c21	vtype	Label	IMPORTED
csreg:0c22	vlenb	Label	IMPORTED
csreg:0c80	cycleh	Label	IMPORTED
csreg:0c81	timeh	Label	IMPORTED
csreg:0c82	instreth	Label	IMPORTED
csreg:0c83	hpmcounter3h	Label	IMPORTED
csreg:0c84	hpmcounter4h	Label	IMPORTED
csreg:0c85	hpmcounter5h	Label	IMPORTED
csreg:0c86	hpmcounter6h	Label	IMPORTED
csreg:0c87	hpmcounter7h	Label	IMPORTED
csreg:0c88	hpmcounter8h	Label	IMPORTED
csreg:0c89	hpmcounter9h	Label	IMPORTED
csreg:0c8a	hpmcounter10h	Label	IMPORTED
csreg:0c8b	hpmcounter11h	Label	IMPORTED
csreg:0c8c	hpmcounter12h	Label	IMPORTED
csreg:0c8d	hpmcounter13h	Label	IMPORTED
csreg:0c8e	hpmcounter14h	Label	IMPORTED
csreg:0c8f	hpmcounter15h	Label	IMPORTED
csreg:0c90	hpmcounter16h	Label	IMPORTED
csreg:0c91	hpmcounter17h	Label	IMPORTED
csreg:0c92	hpmcounter18h	Label	IMPORTED
csreg:0c93	hpmcounter19h	Label	IMPORTED
csreg:0c94	hpmcounter20h	Label	IMPORTED
csreg:0c95	hpmcounter21h	Label	IMPORTED
csreg:0c96	hpmcounter22h	Label	IMPORTED
csreg:0c97	hpmcounter23h	Label	IMPORTED
csreg:0c98	hpmcounter24h	Label	IMPORTED
csreg:0c99	hpmcounter25h	Label	IMPORTED
csreg:0c9a	hpmcounter26h	Label	IMPORTED
csreg:0c9b	hpmcounter27h	Label	IMPORTED
csreg:0c9c	hpmcounter28h	Label	IMPORTED
csreg:0c9d	hpmcounter29h	Label	IMPORTED
csreg:0c9e	hpmcounter30h	Label	IMPORTED
csreg:0c9f	hpmcounter31h	Label	IMPORTED
csreg:0e12	hgeip	Label	IMPORTED
csreg:0f11	mvendorid	Label	IMPORTED
csreg:0f12	marchid	Label	IMPORTED
csreg:0f13	mimpid	Label	IMPORTED
csreg:0f14	mhartid	Label	IMPORTED
