space	address	directions	widths	instructions	functions	vendor_candidates
ram	0x40010400	write	4	000182fa,00018300	000182f0	HC32F448:EFM.FAPRT;HC32F451:EFM.FAPRT;HC32F452:EFM.FAPRT;HC32F460:EFM.FAPRT;HC32F467:EFM.FAPRT;HC32F472:EFM.FAPRT;HC32F472JCTI:EFM.FAPRT;HC32F472JETI:EFM.FAPRT;HC32F472KCHI:EFM.FAPRT;HC32F472KEHI:EFM.FAPRT;HC32F472PCTI:EFM.FAPRT;HC32F472PETI:EFM.FAPRT;HC32F4A0PITB:EFM.FAPRT
ram	0x40010404	write	4	000146fe	000146e8	HC32F448:EFM.KEY1;HC32F451:EFM.FSTP;HC32F452:EFM.FSTP;HC32F460:EFM.FSTP;HC32F467:EFM.KEY1;HC32F472:EFM.KEY1;HC32F472JCTI:EFM.KEY1;HC32F472JETI:EFM.KEY1;HC32F472KCHI:EFM.KEY1;HC32F472KEHI:EFM.KEY1;HC32F472PCTI:EFM.KEY1;HC32F472PETI:EFM.KEY1;HC32F4A0PITB:EFM.KEY1
ram	0x40010418	read,write	4	0001475c,00014762,00014768,00014804,00014810,00014890,00014898,000148a0,000148e0,000148ee,0001490a,00014910,00014938	00014738,00014878,00014904	HC32F448:EFM.FRMC;HC32F451:EFM.FITE;HC32F452:EFM.FITE;HC32F460:EFM.FITE;HC32F467:EFM.FRMC;HC32F472:EFM.FRMC;HC32F472JCTI:EFM.FRMC;HC32F472JETI:EFM.FRMC;HC32F472KCHI:EFM.FRMC;HC32F472KEHI:EFM.FRMC;HC32F472PCTI:EFM.FRMC;HC32F472PETI:EFM.FRMC;HC32F4A0PITB:EFM.FRMC
ram	0x4001041c	read,write	4	000146ee,0001476c,00014774,000147fa,00014800,000148a8,000148b0,000148d8,000148de	000146e8,00014738,00014878	HC32F448:EFM.FWMC;HC32F451:EFM.FSWP;HC32F452:EFM.FSWP;HC32F460:EFM.FSWP;HC32F467:EFM.FWMC;HC32F472:EFM.FWMC;HC32F472JCTI:EFM.FWMC;HC32F472JETI:EFM.FWMC;HC32F472KCHI:EFM.FWMC;HC32F472KEHI:EFM.FWMC;HC32F472PCTI:EFM.FWMC;HC32F472PETI:EFM.FWMC;HC32F4A0PITB:EFM.FWMC
ram	0x40010420	read	4	0001470e	0001470c	HC32F448:EFM.FSR;HC32F451:EFM.FPMTSW;HC32F452:EFM.FPMTSW;HC32F460:EFM.FPMTSW;HC32F467:EFM.FSR;HC32F472:EFM.FSR;HC32F472JCTI:EFM.FSR;HC32F472JETI:EFM.FSR;HC32F472KCHI:EFM.FSR;HC32F472KEHI:EFM.FSR;HC32F472PCTI:EFM.FSR;HC32F472PETI:EFM.FSR;HC32F4A0PITB:EFM.FSR
ram	0x40010424	write	4	00014754,000147a8,000147f2,00014886,000148d6	00014738,00014878	HC32F448:EFM.FSCLR;HC32F451:EFM.FPMTEW;HC32F452:EFM.FPMTEW;HC32F460:EFM.FPMTEW;HC32F467:EFM.FSCLR;HC32F472:EFM.FSCLR;HC32F472JCTI:EFM.FSCLR;HC32F472JETI:EFM.FSCLR;HC32F472KCHI:EFM.FSCLR;HC32F472KEHI:EFM.FSCLR;HC32F472PCTI:EFM.FSCLR;HC32F472PETI:EFM.FSCLR;HC32F4A0PITB:EFM.FSCLR
ram	0x40010684	read	4	0001daec	0001dae8	
ram	0x4001c004	read,write	4	0003c270,0003c276,0003c28c,0003c292,0003c2fe,0003c304,0003c322,0003c328	0003c24c,0003c2a4	HC32F448:SPI1.CR;HC32F451:SPI1.CR1;HC32F452:SPI1.CR1;HC32F460:SPI1.CR1;HC32F467:SPI1.CR1;HC32F472:SPI1.CR;HC32F472JCTI:SPI1.CR;HC32F472JETI:SPI1.CR;HC32F472KCHI:SPI1.CR;HC32F472KEHI:SPI1.CR;HC32F472PCTI:SPI1.CR;HC32F472PETI:SPI1.CR;HC32F4A0PITB:SPI1.CR1
ram	0x4001c014	read	4	0003c284,0003c31a	0003c24c,0003c2a4	HC32F448:SPI1.SR;HC32F451:SPI1.SR;HC32F452:SPI1.SR;HC32F460:SPI1.SR;HC32F467:SPI1.SR;HC32F472:SPI1.SR;HC32F472JCTI:SPI1.SR;HC32F472JETI:SPI1.SR;HC32F472KCHI:SPI1.SR;HC32F472KEHI:SPI1.SR;HC32F472PCTI:SPI1.SR;HC32F472PETI:SPI1.SR;HC32F4A0PITB:SPI1.SR
ram	0x4001c018	read,write	4	0003c2b6,0003c2bc,0003c2be,0003c2c4,0003c32a,0003c330,0003c332,0003c338	0003c2a4	HC32F448:SPI1.CFG2;HC32F451:SPI1.CFG2;HC32F452:SPI1.CFG2;HC32F460:SPI1.CFG2;HC32F467:SPI1.CFG2;HC32F472:SPI1.CFG2;HC32F472JCTI:SPI1.CFG2;HC32F472JETI:SPI1.CFG2;HC32F472KCHI:SPI1.CFG2;HC32F472KEHI:SPI1.CFG2;HC32F472PCTI:SPI1.CFG2;HC32F472PETI:SPI1.CFG2;HC32F4A0PITB:SPI1.CFG2
ram	0x4001c800	write	4	0001c118	00012d10	HC32F467:SPI3.DR;HC32F4A0PITB:SPI3.DR
ram	0x4001c804	read	4	0001c0a2,0001c140	00012d10	HC32F467:SPI3.CR1;HC32F4A0PITB:SPI3.CR1
ram	0x4001c80c	read	4	0001c0d6	00012d10	HC32F467:SPI3.CFG1;HC32F4A0PITB:SPI3.CFG1
ram	0x4001c818	read	4	0001c0de	00012d10	HC32F467:SPI3.CFG2;HC32F4A0PITB:SPI3.CFG2
ram	0x4001cc0c	read,write	4	0001ef96,0001efa0	0001eef0	HC32F448:USART1.CR1;HC32F467:USART1.CR1;HC32F472:USART1.CR1;HC32F472JCTI:USART1.CR1;HC32F472JETI:USART1.CR1;HC32F472KCHI:USART1.CR1;HC32F472KEHI:USART1.CR1;HC32F472PCTI:USART1.CR1;HC32F472PETI:USART1.CR1;HC32F4A0PITB:USART1.CR1
ram	0x4001d40c	read,write	4	0001ef96,0001efa0	0001ef40	HC32F448:USART3.CR1;HC32F451:USART2.CR1;HC32F452:USART2.CR1;HC32F460:USART2.CR1;HC32F467:USART3.CR1;HC32F472:USART3.CR1;HC32F472JCTI:USART3.CR1;HC32F472JETI:USART3.CR1;HC32F472KCHI:USART3.CR1;HC32F472KEHI:USART3.CR1;HC32F472PCTI:USART3.CR1;HC32F472PETI:USART3.CR1;HC32F4A0PITB:USART3.CR1
ram	0x40021004	write	2	0001f1ee	00058a6c	HC32F448:USART5.TDR;HC32F451:USART3.TDR;HC32F452:USART3.TDR;HC32F460:USART3.TDR;HC32F467:USART7.TDR;HC32F472:USART5.TDR;HC32F472JCTI:USART5.TDR;HC32F472JETI:USART5.TDR;HC32F472KCHI:USART5.TDR;HC32F472KEHI:USART5.TDR;HC32F472PCTI:USART5.TDR;HC32F472PETI:USART5.TDR;HC32F4A0PITB:USART7.TDR
ram	0x4002100c	read,write	4	0001ef96,0001efa0	0001f02c	HC32F448:USART5.CR1;HC32F451:USART3.CR1;HC32F452:USART3.CR1;HC32F460:USART3.CR1;HC32F467:USART7.CR1;HC32F472:USART5.CR1;HC32F472JCTI:USART5.CR1;HC32F472JETI:USART5.CR1;HC32F472KCHI:USART5.CR1;HC32F472KEHI:USART5.CR1;HC32F472PCTI:USART5.CR1;HC32F472PETI:USART5.CR1;HC32F4A0PITB:USART7.CR1
ram	0x40024014	write	4	0001ddce	0001dda0	HC32F448:TMR01.STFLR;HC32F451:TMR01.STFLR;HC32F452:TMR01.STFLR;HC32F460:TMR01.STFLR;HC32F467:TMR01.STFLR;HC32F472:TMR01.STFLR;HC32F472JCTI:TMR01.STFLR;HC32F472JETI:TMR01.STFLR;HC32F472KCHI:TMR01.STFLR;HC32F472KEHI:TMR01.STFLR;HC32F472PCTI:TMR01.STFLR;HC32F472PETI:TMR01.STFLR;HC32F4A0PITB:TMR01.STFLR
ram	0x40026c48	write	2	0003c424	0003c410	HC32F467:TMRA8.CMPAR3;HC32F4A0PITB:TMRA8.CMPAR3
ram	0x4003a400	write	2	0001c5b2	00012d54	HC32F448:TMRA2.CNTER;HC32F467:TMRA2.CNTER;HC32F472:TMRA2.CNTER;HC32F472JCTI:TMRA2.CNTER;HC32F472JETI:TMRA2.CNTER;HC32F472KCHI:TMRA2.CNTER;HC32F472KEHI:TMRA2.CNTER;HC32F472PCTI:TMRA2.CNTER;HC32F472PETI:TMRA2.CNTER;HC32F4A0PITB:TMRA2.CNTER
ram	0x4003a480	read,write	1	00012e02,00012e08,0001c5b8,0001c5be	00012d54,00012e00	HC32F448:TMRA2.BCSTRL;HC32F467:TMRA2.BCSTRL;HC32F472:TMRA2.BCSTRL;HC32F472JCTI:TMRA2.BCSTRL;HC32F472JETI:TMRA2.BCSTRL;HC32F472KCHI:TMRA2.BCSTRL;HC32F472KEHI:TMRA2.BCSTRL;HC32F472PCTI:TMRA2.BCSTRL;HC32F472PETI:TMRA2.BCSTRL;HC32F4A0PITB:TMRA2.BCSTRL
ram	0x40040000	write	1	0001225c	000125c0	HC32F448:ADC1.STR;HC32F451:ADC1.STR;HC32F452:ADC1.STR;HC32F460:ADC1.STR;HC32F467:ADC1.STR;HC32F472:ADC1.STR;HC32F472JCTI:ADC1.STR;HC32F472JETI:ADC1.STR;HC32F472KCHI:ADC1.STR;HC32F472KEHI:ADC1.STR;HC32F472PCTI:ADC1.STR;HC32F472PETI:ADC1.STR;HC32F4A0PITB:ADC1.STR
ram	0x40041000	write	2,4	00014250,000142ba	00014258,0001ce80	HC32F448:DAC.DADR1;HC32F451:TRNG.CR;HC32F452:TRNG.CR;HC32F460:TRNG.CR;HC32F467:DAC1.DADR1;HC32F472:DAC1.DADR1;HC32F472JCTI:DAC1.DADR1;HC32F472JETI:DAC1.DADR1;HC32F472KCHI:DAC1.DADR1;HC32F472KEHI:DAC1.DADR1;HC32F472PCTI:DAC1.DADR1;HC32F472PETI:DAC1.DADR1;HC32F4A0PITB:DAC1.DADR1
ram	0x40041002	write	2	00014250	0001ce68	HC32F448:DAC.DADR2;HC32F467:DAC1.DADR2;HC32F472:DAC1.DADR2;HC32F472JCTI:DAC1.DADR2;HC32F472JETI:DAC1.DADR2;HC32F472KCHI:DAC1.DADR2;HC32F472KEHI:DAC1.DADR2;HC32F472PCTI:DAC1.DADR2;HC32F472PETI:DAC1.DADR2;HC32F4A0PITB:DAC1.DADR2
ram	0x40048000	read,write	4	00015160,00015166,0001cc42,0001cc66,0001cc8e,0001ccc2,0001cce8,0001cd08	0001515c,0001cc38,0001ccb8	HC32F448:PWC.FCG0;HC32F451:PWC.FCG0;HC32F452:PWC.FCG0;HC32F460:PWC.FCG0;HC32F467:PWC.FCG0;HC32F472:PWC.FCG0;HC32F472JCTI:PWC.FCG0;HC32F472JETI:PWC.FCG0;HC32F472KCHI:PWC.FCG0;HC32F472KEHI:PWC.FCG0;HC32F472PCTI:PWC.FCG0;HC32F472PETI:PWC.FCG0;HC32F4A0PITB:PWC.FCG0
ram	0x40048004	read,write	4	00015178,0001517e,0001cc48,0001cc6a,0001cc92,0001ccc6,0001ccec,0001cd0c	00015174,0001cc38,0001ccb8	HC32F448:PWC.FCG1;HC32F451:PWC.FCG1;HC32F452:PWC.FCG1;HC32F460:PWC.FCG1;HC32F467:PWC.FCG1;HC32F472:PWC.FCG1;HC32F472JCTI:PWC.FCG1;HC32F472JETI:PWC.FCG1;HC32F472KCHI:PWC.FCG1;HC32F472KEHI:PWC.FCG1;HC32F472PCTI:PWC.FCG1;HC32F472PETI:PWC.FCG1;HC32F4A0PITB:PWC.FCG1
ram	0x40048008	read,write	4	00015190,00015196,0001cc4c,0001cc6c,0001cc96,0001ccca,0001ccee,0001cd10	0001518c,0001cc38,0001ccb8	HC32F448:PWC.FCG2;HC32F451:PWC.FCG2;HC32F452:PWC.FCG2;HC32F460:PWC.FCG2;HC32F467:PWC.FCG2;HC32F472:PWC.FCG2;HC32F472JCTI:PWC.FCG2;HC32F472JETI:PWC.FCG2;HC32F472KCHI:PWC.FCG2;HC32F472KEHI:PWC.FCG2;HC32F472PCTI:PWC.FCG2;HC32F472PETI:PWC.FCG2;HC32F4A0PITB:PWC.FCG2
ram	0x4004800c	read,write	4	000151a8,000151ae,0001cc50,0001cc6e,0001cc9a,0001ccce,0001ccf0,0001cd14	000151a4,0001cc38,0001ccb8	HC32F448:PWC.FCG3;HC32F451:PWC.FCG3;HC32F452:PWC.FCG3;HC32F460:PWC.FCG3;HC32F467:PWC.FCG3;HC32F472:PWC.FCG3;HC32F472JCTI:PWC.FCG3;HC32F472JETI:PWC.FCG3;HC32F472KCHI:PWC.FCG3;HC32F472KEHI:PWC.FCG3;HC32F472PCTI:PWC.FCG3;HC32F472PETI:PWC.FCG3;HC32F4A0PITB:PWC.FCG3
ram	0x40048010	write	4	0001830a	000182f0	HC32F448:PWC.FCG0PC;HC32F451:PWC.FCG0PC;HC32F452:PWC.FCG0PC;HC32F460:PWC.FCG0PC;HC32F467:PWC.FCG0PC;HC32F472:PWC.FCG0PC;HC32F472JCTI:PWC.FCG0PC;HC32F472JETI:PWC.FCG0PC;HC32F472KCHI:PWC.FCG0PC;HC32F472KEHI:PWC.FCG0PC;HC32F472PCTI:PWC.FCG0PC;HC32F472PETI:PWC.FCG0PC;HC32F4A0PITB:PWC.FCG0PC
ram	0x40049000	read,write	4	0001f3ae,0001f3b8	0001f390	HC32F448:WDT.CR;HC32F451:WDT.CR;HC32F452:WDT.CR;HC32F460:WDT.CR;HC32F467:WDT.CR;HC32F472:WDT.CR;HC32F472JCTI:WDT.CR;HC32F472JETI:WDT.CR;HC32F472KCHI:WDT.CR;HC32F472KEHI:WDT.CR;HC32F472PCTI:WDT.CR;HC32F472PETI:WDT.CR;HC32F4A0PITB:WDT.CR
ram	0x40049008	write	4	0001f382,0001f388	0001f37c	HC32F448:WDT.RR;HC32F451:WDT.RR;HC32F452:WDT.RR;HC32F460:WDT.RR;HC32F467:WDT.RR;HC32F472:WDT.RR;HC32F472JCTI:WDT.RR;HC32F472JETI:WDT.RR;HC32F472KCHI:WDT.RR;HC32F472KEHI:WDT.RR;HC32F472PCTI:WDT.RR;HC32F472PETI:WDT.RR;HC32F4A0PITB:WDT.RR
ram	0x4004ccfc	read,write	4	0001b702,0001b708	0001b700	HC32F467:RMU.RSTF0;HC32F4A0PITB:RMU.RSTF0
ram	0x4004e000	read,write	4	00016914,0001691a	00016af8	HC32F451:I2C1.CR1;HC32F452:I2C1.CR1;HC32F460:I2C1.CR1;HC32F467:I2C1.CR1;HC32F4A0PITB:I2C1.CR1
ram	0x4004e024	write	1	00016c08	00016af8,00016bb8,0001854c	HC32F451:I2C1.DTR;HC32F452:I2C1.DTR;HC32F460:I2C1.DTR;HC32F467:I2C1.DTR;HC32F4A0PITB:I2C1.DTR
ram	0x4004e400	read,write	4	00016914,0001691a	000165a8	HC32F451:I2C2.CR1;HC32F452:I2C2.CR1;HC32F460:I2C2.CR1;HC32F467:I2C2.CR1;HC32F4A0PITB:I2C2.CR1
ram	0x4004e424	write	1	00016c08	00016360,000165a8,00016650	HC32F451:I2C2.DTR;HC32F452:I2C2.DTR;HC32F460:I2C2.DTR;HC32F467:I2C2.DTR;HC32F4A0PITB:I2C2.DTR
ram	0x40050800	read,write	4	0001c328,0001c332	0001c2fc	HC32F448:SRAMC.WTCR;HC32F451:SRAMC.WTCR;HC32F452:SRAMC.WTCR;HC32F460:SRAMC.WTCR;HC32F467:SRAMC.WTCR;HC32F4A0PITB:SRAMC.WTCR
ram	0x40050804	write	4	00018346	000182f0	HC32F448:SRAMC.WTPR;HC32F451:SRAMC.WTPR;HC32F452:SRAMC.WTPR;HC32F460:SRAMC.WTPR;HC32F467:SRAMC.WTPR;HC32F4A0PITB:SRAMC.WTPR
ram	0x4005080c	write	4	0001834c	000182f0	HC32F448:SRAMC.CKPR;HC32F451:SRAMC.CKPR;HC32F452:SRAMC.CKPR;HC32F460:SRAMC.CKPR;HC32F467:SRAMC.CKPR;HC32F472:SRAMC.CKPR;HC32F472JCTI:SRAMC.CKPR;HC32F472JETI:SRAMC.CKPR;HC32F472KCHI:SRAMC.CKPR;HC32F472KEHI:SRAMC.CKPR;HC32F472PCTI:SRAMC.CKPR;HC32F472PETI:SRAMC.CKPR;HC32F4A0PITB:SRAMC.CKPR
ram	0x40050810	write	4	0001035e	00010358	HC32F448:SRAMC.CKSR;HC32F451:SRAMC.CKSR;HC32F452:SRAMC.CKSR;HC32F460:SRAMC.CKSR;HC32F467:SRAMC.CKSR;HC32F472:SRAMC.CKSR;HC32F472JCTI:SRAMC.CKSR;HC32F472JETI:SRAMC.CKSR;HC32F472KCHI:SRAMC.CKSR;HC32F472KEHI:SRAMC.CKSR;HC32F472PCTI:SRAMC.CKSR;HC32F472PETI:SRAMC.CKSR;HC32F4A0PITB:SRAMC.CKSR
ram	0x40051000	write	4	00014a20	000149e4	HC32F451:INTC.NMICR;HC32F452:INTC.NMICR;HC32F460:INTC.NMICR;HC32F467:INTC.NOCCR;HC32F4A0PITB:INTC.NOCCR
ram	0x40051054	read	4	000149b6	000149b4	HC32F448:INTC.EIFR;HC32F451:INTC.EIFR;HC32F452:INTC.EIFR;HC32F460:INTC.EIFR;HC32F467:INTC.EIFR;HC32F472:INTC.EIFR;HC32F472JCTI:INTC.EIFR;HC32F472JETI:INTC.EIFR;HC32F472KCHI:INTC.EIFR;HC32F472KEHI:INTC.EIFR;HC32F472PCTI:INTC.EIFR;HC32F472PETI:INTC.EIFR;HC32F4A0PITB:INTC.EIFR
ram	0x40051058	write	4	000149aa	000149a8	HC32F448:INTC.EIFCR;HC32F451:INTC.EIFCR;HC32F452:INTC.EIFCR;HC32F460:INTC.EIFCR;HC32F467:INTC.EIFCR;HC32F472:INTC.EIFCR;HC32F472JCTI:INTC.EIFCR;HC32F472JETI:INTC.EIFCR;HC32F472KCHI:INTC.EIFCR;HC32F472KEHI:INTC.EIFCR;HC32F472PCTI:INTC.EIFCR;HC32F472PETI:INTC.EIFCR;HC32F4A0PITB:INTC.EIFCR
ram	0x40053040	write	4	0003c258,0003c2e6	0003c24c,0003c2a4	HC32F448:DMA1.SAR0;HC32F451:DMA1.SAR0;HC32F452:DMA1.SAR0;HC32F460:DMA1.SAR0;HC32F467:DMA1.SAR0;HC32F472:DMA1.SAR0;HC32F472JCTI:DMA1.SAR0;HC32F472JETI:DMA1.SAR0;HC32F472KCHI:DMA1.SAR0;HC32F472KEHI:DMA1.SAR0;HC32F472PCTI:DMA1.SAR0;HC32F472PETI:DMA1.SAR0;HC32F4A0PITB:DMA1.SAR0
ram	0x40053048	read,write	4	0003c25e,0003c264,0003c2ee,0003c2f4	0003c24c,0003c2a4	HC32F448:DMA1.DTCTL0;HC32F451:DMA1.DTCTL0;HC32F452:DMA1.DTCTL0;HC32F460:DMA1.DTCTL0;HC32F467:DMA1.DTCTL0;HC32F472:DMA1.DTCTL0;HC32F472JCTI:DMA1.DTCTL0;HC32F472JETI:DMA1.DTCTL0;HC32F472KCHI:DMA1.DTCTL0;HC32F472KEHI:DMA1.DTCTL0;HC32F472PCTI:DMA1.DTCTL0;HC32F472PETI:DMA1.DTCTL0;HC32F4A0PITB:DMA1.DTCTL0
ram	0x4005305c	read,write	4	0003c2c8,0003c2d2,0003c33a,0003c340	0003c2a4	HC32F448:DMA1.CHCTL0;HC32F451:DMA1.CHCTL0;HC32F452:DMA1.CHCTL0;HC32F460:DMA1.CHCTL0;HC32F467:DMA1.CHCTL0;HC32F472:DMA1.CHCTL0;HC32F472JCTI:DMA1.CHCTL0;HC32F472JETI:DMA1.CHCTL0;HC32F472KCHI:DMA1.CHCTL0;HC32F472KEHI:DMA1.CHCTL0;HC32F472PCTI:DMA1.CHCTL0;HC32F472PETI:DMA1.CHCTL0;HC32F4A0PITB:DMA1.CHCTL0
ram	0x40053080	write	4	000182b4	000181f8	HC32F448:DMA1.SAR1;HC32F451:DMA1.SAR1;HC32F452:DMA1.SAR1;HC32F460:DMA1.SAR1;HC32F467:DMA1.SAR1;HC32F472:DMA1.SAR1;HC32F472JCTI:DMA1.SAR1;HC32F472JETI:DMA1.SAR1;HC32F472KCHI:DMA1.SAR1;HC32F472KEHI:DMA1.SAR1;HC32F472PCTI:DMA1.SAR1;HC32F472PETI:DMA1.SAR1;HC32F4A0PITB:DMA1.SAR1
ram	0x40053088	read,write	4	000182bc,000182c4	000181f8	HC32F448:DMA1.DTCTL1;HC32F451:DMA1.DTCTL1;HC32F452:DMA1.DTCTL1;HC32F460:DMA1.DTCTL1;HC32F467:DMA1.DTCTL1;HC32F472:DMA1.DTCTL1;HC32F472JCTI:DMA1.DTCTL1;HC32F472JETI:DMA1.DTCTL1;HC32F472KCHI:DMA1.DTCTL1;HC32F472KEHI:DMA1.DTCTL1;HC32F472PCTI:DMA1.DTCTL1;HC32F472PETI:DMA1.DTCTL1;HC32F4A0PITB:DMA1.DTCTL1
ram	0x40053bf4	read,write	2	000153a0,000153a6	00015398	HC32F448:GPIO.PSPCR;HC32F451:GPIO.PSPCR;HC32F452:GPIO.PSPCR;HC32F460:GPIO.PSPCR;HC32F467:GPIO.PSPCR;HC32F472:GPIO.PSPCR;HC32F472JCTI:GPIO.PSPCR;HC32F472JETI:GPIO.PSPCR;HC32F472KCHI:GPIO.PSPCR;HC32F472KEHI:GPIO.PSPCR;HC32F472PCTI:GPIO.PSPCR;HC32F472PETI:GPIO.PSPCR;HC32F4A0PITB:GPIO.PSPCR
ram	0x40053bf8	read,write	2	000153f6,00015402	000153f4	HC32F448:GPIO.PCCR;HC32F451:GPIO.PCCR;HC32F452:GPIO.PCCR;HC32F460:GPIO.PCCR;HC32F467:GPIO.PCCR;HC32F472:GPIO.PCCR;HC32F472JCTI:GPIO.PCCR;HC32F472JETI:GPIO.PCCR;HC32F472KCHI:GPIO.PCCR;HC32F472KEHI:GPIO.PCCR;HC32F472PCTI:GPIO.PCCR;HC32F472PETI:GPIO.PCCR;HC32F4A0PITB:GPIO.PCCR
ram	0x40053bfc	write	2	00018316	000182f0	HC32F448:GPIO.PWPR;HC32F451:GPIO.PWPR;HC32F452:GPIO.PWPR;HC32F460:GPIO.PWPR;HC32F467:GPIO.PWPR;HC32F472:GPIO.PWPR;HC32F472JCTI:GPIO.PWPR;HC32F472JETI:GPIO.PWPR;HC32F472KCHI:GPIO.PWPR;HC32F472KEHI:GPIO.PWPR;HC32F472PCTI:GPIO.PWPR;HC32F472PETI:GPIO.PWPR;HC32F4A0PITB:GPIO.PWPR
ram	0x40054010	write	2	00013bfc	00013bf8	HC32F448:CMU.PERICKSEL;HC32F451:CMU.PERICKSEL;HC32F452:CMU.PERICKSEL;HC32F460:CMU.PERICKSEL;HC32F467:CMU.PERICKSEL;HC32F472:CMU.PERICKSEL;HC32F472JCTI:CMU.PERICKSEL;HC32F472JETI:CMU.PERICKSEL;HC32F472KCHI:CMU.PERICKSEL;HC32F472KEHI:CMU.PERICKSEL;HC32F472PCTI:CMU.PERICKSEL;HC32F472PETI:CMU.PERICKSEL;HC32F4A0PITB:CMU.PERICKSEL
ram	0x40054020	read,write	4	00012cee,00012d12,000144c0,00014500,0001477e,000147c8,00014838,000148b6,0001491e,000161e4,00016700,0001cc76,0001cc80,0001f006,0006337e	00012cec,00012d10,000144bc,000144fc,00014738,00014878,00014904,000161c0,000166ec,0001b71c,0001b740,0001cc38,0001f004,00063370	HC32F448:CMU.SCFGR;HC32F451:CMU.SCFGR;HC32F452:CMU.SCFGR;HC32F460:CMU.SCFGR;HC32F467:CMU.SCFGR;HC32F472:CMU.SCFGR;HC32F472JCTI:CMU.SCFGR;HC32F472JETI:CMU.SCFGR;HC32F472KCHI:CMU.SCFGR;HC32F472KEHI:CMU.SCFGR;HC32F472PCTI:CMU.SCFGR;HC32F472PETI:CMU.SCFGR;HC32F4A0PITB:CMU.SCFGR
ram	0x40054026	read,write	1	00013aae,0001cc56,0001ccd4,0001ccf8,0001dafe	00013ae8,0001cc38,0001ccb8,0001dae8	HC32F448:CMU.CKSWR;HC32F451:CMU.CKSWR;HC32F452:CMU.CKSWR;HC32F460:CMU.CKSWR;HC32F467:CMU.CKSWR;HC32F472:CMU.CKSWR;HC32F472JCTI:CMU.CKSWR;HC32F472JETI:CMU.CKSWR;HC32F472KCHI:CMU.CKSWR;HC32F472KEHI:CMU.CKSWR;HC32F472PCTI:CMU.CKSWR;HC32F472PETI:CMU.CKSWR;HC32F4A0PITB:CMU.CKSWR
ram	0x4005402a	write	1	00013abc,00013ad2	00013ae8	HC32F448:CMU.PLLHCR;HC32F451:CMU.PLLCR;HC32F452:CMU.PLLCR;HC32F460:CMU.PLLCR;HC32F467:CMU.PLLHCR;HC32F472:CMU.PLLHCR;HC32F472JCTI:CMU.PLLHCR;HC32F472JETI:CMU.PLLHCR;HC32F472KCHI:CMU.PLLHCR;HC32F472KEHI:CMU.PLLHCR;HC32F472PCTI:CMU.PLLHCR;HC32F472PETI:CMU.PLLHCR;HC32F4A0PITB:CMU.PLLHCR
ram	0x4005402e	write	1	00013b7c,00013b8c	00013ba0	HC32F451:CMU.UPLLCR;HC32F452:CMU.UPLLCR;HC32F460:CMU.UPLLCR;HC32F467:CMU.PLLACR;HC32F4A0PITB:CMU.PLLACR
ram	0x4005403c	read	1	00013a7a	00013a78	HC32F448:CMU.OSCSTBSR;HC32F451:CMU.OSCSTBSR;HC32F452:CMU.OSCSTBSR;HC32F460:CMU.OSCSTBSR;HC32F467:CMU.OSCSTBSR;HC32F472:CMU.OSCSTBSR;HC32F472JCTI:CMU.OSCSTBSR;HC32F472JETI:CMU.OSCSTBSR;HC32F472KCHI:CMU.OSCSTBSR;HC32F472KEHI:CMU.OSCSTBSR;HC32F472PCTI:CMU.OSCSTBSR;HC32F472PETI:CMU.OSCSTBSR;HC32F4A0PITB:CMU.OSCSTBSR
ram	0x40054100	read,write	4	00013a9c,00013aec,00013afe,00013b04,00013b68	00013ae8,00013ba0	HC32F448:CMU.PLLHCFGR;HC32F451:CMU.PLLCFGR;HC32F452:CMU.PLLCFGR;HC32F460:CMU.PLLCFGR;HC32F467:CMU.PLLHCFGR;HC32F472:CMU.PLLHCFGR;HC32F472JCTI:CMU.PLLHCFGR;HC32F472JETI:CMU.PLLHCFGR;HC32F472KCHI:CMU.PLLHCFGR;HC32F472KEHI:CMU.PLLHCFGR;HC32F472PCTI:CMU.PLLHCFGR;HC32F472PETI:CMU.PLLHCFGR;HC32F4A0PITB:CMU.PLLHCFGR
ram	0x40054104	write	4	00013ba6	00013ba0	HC32F451:CMU.UPLLCFGR;HC32F452:CMU.UPLLCFGR;HC32F460:CMU.UPLLCFGR;HC32F467:CMU.PLLACFGR;HC32F4A0PITB:CMU.PLLACFGR
ram	0x400543fe	read,write	2	0001831e,00018328,00018330,0001833a	000182f0	HC32F448:PWC.FPRC;HC32F451:PWC.FPRC;HC32F452:PWC.FPRC;HC32F460:PWC.FPRC;HC32F467:PWC.FPRC;HC32F472:PWC.FPRC;HC32F472JCTI:PWC.FPRC;HC32F472JETI:PWC.FPRC;HC32F472KCHI:PWC.FPRC;HC32F472KEHI:PWC.FPRC;HC32F472PCTI:PWC.FPRC;HC32F472PETI:PWC.FPRC;HC32F4A0PITB:PWC.FPRC
ram	0x42208340	write	4	00014722	00014720	
ram	0x42208344	write	4	000146de	000146dc	
ram	0x42208348	write	4	0001472e	0001472c	
ram	0x4220834c	write	4	000146d2	000146d0	
ram	0xe000e010	write	4	000657b8	0006579c	
ram	0xe000e014	write	4	000657b4	0006579c	
ram	0xe000e018	write	4	000657a4	0006579c	
ram	0xe000e400	read,write	1	00066612,00066618,0006661a,0006665a	00066608	
ram	0xe000ed04	read,write	4	0001619e,0001da18,00059990,00059b2c,00059dd0,00065738,000658f8,00065992,000665c4,00066786,000667ee,0006687a,0006695a,000669f2,00066a50,00066b0c,0006706e	000160cc,0001c34c,0001c350,0001d9fc,000598bc,00059ae8,00059d90,0006571c,000658d4,0006590c,00066554,0006670c,000667a0,0006691c,00066a10,00066f6c	
ram	0xe000ed08	read,write	4	000102ba,0001db8c	000102b8,0001db74	
ram	0xe000ed0c	read,write	4	0001febe,0001fec8,000657d4	0001feb8,000657c0	
ram	0xe000ed20	read,write	4	00066660,00066666,00066668,0006666e	00066608	
ram	0xe000ed88	read,write	4	000102e4,000102ea,0001db78,0001db7e	000102b8,000102e0,0001db74	
ram	0xe000ef34	read,write	4	0006667e,00066684	00066608	
