function	file	address	evidence
ram_000010ce	ram_000010ce_FUN_ram_000010ce.c	0x40001806	decompiler symbol or literal; inspect instructions before using
ram_000010ce	ram_000010ce_FUN_ram_000010ce.c	0xe000ed10	decompiler symbol or literal; inspect instructions before using
ram_0000110e	ram_0000110e_FUN_ram_0000110e.c	0x40001024	decompiler symbol or literal; inspect instructions before using
ram_0000110e	ram_0000110e_FUN_ram_0000110e.c	0x4000102e	decompiler symbol or literal; inspect instructions before using
ram_0000110e	ram_0000110e_FUN_ram_0000110e.c	0x40001038	decompiler symbol or literal; inspect instructions before using
ram_0000110e	ram_0000110e_FUN_ram_0000110e.c	0x40001040	decompiler symbol or literal; inspect instructions before using
ram_0000110e	ram_0000110e_FUN_ram_0000110e.c	0x4000104b	decompiler symbol or literal; inspect instructions before using
ram_0000110e	ram_0000110e_FUN_ram_0000110e.c	0x4000104e	decompiler symbol or literal; inspect instructions before using
ram_0000110e	ram_0000110e_FUN_ram_0000110e.c	0x40001806	decompiler symbol or literal; inspect instructions before using
ram_0000110e	ram_0000110e_FUN_ram_0000110e.c	0xe000ed10	decompiler symbol or literal; inspect instructions before using
ram_000011dc	ram_000011dc_FUN_ram_000011dc.c	0x4000100f	decompiler symbol or literal; inspect instructions before using
ram_000011dc	ram_000011dc_FUN_ram_000011dc.c	0x40001020	decompiler symbol or literal; inspect instructions before using
ram_000011dc	ram_000011dc_FUN_ram_000011dc.c	0x40001024	decompiler symbol or literal; inspect instructions before using
ram_000011dc	ram_000011dc_FUN_ram_000011dc.c	0x4000102e	decompiler symbol or literal; inspect instructions before using
ram_000011dc	ram_000011dc_FUN_ram_000011dc.c	0x40001038	decompiler symbol or literal; inspect instructions before using
ram_000011dc	ram_000011dc_FUN_ram_000011dc.c	0x40001040	decompiler symbol or literal; inspect instructions before using
ram_000011dc	ram_000011dc_FUN_ram_000011dc.c	0x4000104b	decompiler symbol or literal; inspect instructions before using
ram_000011dc	ram_000011dc_FUN_ram_000011dc.c	0x4000104e	decompiler symbol or literal; inspect instructions before using
ram_000011dc	ram_000011dc_FUN_ram_000011dc.c	0xe000ed10	decompiler symbol or literal; inspect instructions before using
ram_0000130c	ram_0000130c_FUN_ram_0000130c.c	0x4000100f	decompiler symbol or literal; inspect instructions before using
ram_0000130c	ram_0000130c_FUN_ram_0000130c.c	0x40001020	decompiler symbol or literal; inspect instructions before using
ram_0000130c	ram_0000130c_FUN_ram_0000130c.c	0x40001024	decompiler symbol or literal; inspect instructions before using
ram_0000130c	ram_0000130c_FUN_ram_0000130c.c	0x4000102e	decompiler symbol or literal; inspect instructions before using
ram_0000130c	ram_0000130c_FUN_ram_0000130c.c	0x40001038	decompiler symbol or literal; inspect instructions before using
ram_0000130c	ram_0000130c_FUN_ram_0000130c.c	0x40001040	decompiler symbol or literal; inspect instructions before using
ram_0000130c	ram_0000130c_FUN_ram_0000130c.c	0x40001046	decompiler symbol or literal; inspect instructions before using
ram_0000130c	ram_0000130c_FUN_ram_0000130c.c	0x4000104e	decompiler symbol or literal; inspect instructions before using
ram_0000130c	ram_0000130c_FUN_ram_0000130c.c	0xe000ed10	decompiler symbol or literal; inspect instructions before using
ram_00001406	ram_00001406_FUN_ram_00001406.c	0x40001008	decompiler symbol or literal; inspect instructions before using
ram_00001406	ram_00001406_FUN_ram_00001406.c	0x4000100a	decompiler symbol or literal; inspect instructions before using
ram_00001406	ram_00001406_FUN_ram_00001406.c	0x40001040	decompiler symbol or literal; inspect instructions before using
ram_00001406	ram_00001406_FUN_ram_00001406.c	0x4000104b	decompiler symbol or literal; inspect instructions before using
ram_00001406	ram_00001406_FUN_ram_00001406.c	0x40001807	decompiler symbol or literal; inspect instructions before using
ram_0000157a	ram_0000157a_FUN_ram_0000157a.c	0x40001040	decompiler symbol or literal; inspect instructions before using
ram_0000157a	ram_0000157a_FUN_ram_0000157a.c	0x40001046	decompiler symbol or literal; inspect instructions before using
ram_000018de	ram_000018de_FUN_ram_000018de.c	0x40001040	decompiler symbol or literal; inspect instructions before using
ram_000018de	ram_000018de_FUN_ram_000018de.c	0x40001041	decompiler symbol or literal; inspect instructions before using
ram_000018de	ram_000018de_FUN_ram_000018de.c	0x40001044	decompiler symbol or literal; inspect instructions before using
ram_000018de	ram_000018de_FUN_ram_000018de.c	0x40001045	decompiler symbol or literal; inspect instructions before using
ram_000018de	ram_000018de_FUN_ram_000018de.c	0x40001800	decompiler symbol or literal; inspect instructions before using
ram_000018de	ram_000018de_FUN_ram_000018de.c	0x40001806	decompiler symbol or literal; inspect instructions before using
ram_000018de	ram_000018de_FUN_ram_000018de.c	0xe000e000	decompiler symbol or literal; inspect instructions before using
ram_000018de	ram_000018de_FUN_ram_000018de.c	0xe000e004	decompiler symbol or literal; inspect instructions before using
ram_000018de	ram_000018de_FUN_ram_000018de.c	0xe000e100	decompiler symbol or literal; inspect instructions before using
ram_000018de	ram_000018de_FUN_ram_000018de.c	0xe000e104	decompiler symbol or literal; inspect instructions before using
ram_000018de	ram_000018de_FUN_ram_000018de.c	0xe000e180	decompiler symbol or literal; inspect instructions before using
ram_000018de	ram_000018de_FUN_ram_000018de.c	0xe000e184	decompiler symbol or literal; inspect instructions before using
ram_00001dc2	ram_00001dc2_FUN_ram_00001dc2.c	0x40001057	decompiler symbol or literal; inspect instructions before using
ram_00001dc2	ram_00001dc2_FUN_ram_00001dc2.c	0x40001058	decompiler symbol or literal; inspect instructions before using
ram_00001dc2	ram_00001dc2_FUN_ram_00001dc2.c	0x40001059	decompiler symbol or literal; inspect instructions before using
ram_00001dc2	ram_00001dc2_FUN_ram_00001dc2.c	0x4000105b	decompiler symbol or literal; inspect instructions before using
ram_00001dea	ram_00001dea_FUN_ram_00001dea.c	0x40001040	decompiler symbol or literal; inspect instructions before using
ram_00001dea	ram_00001dea_FUN_ram_00001dea.c	0x4000104e	decompiler symbol or literal; inspect instructions before using
ram_00001e18	ram_00001e18_FUN_ram_00001e18.c	0x4000102f	decompiler symbol or literal; inspect instructions before using
ram_00001e18	ram_00001e18_FUN_ram_00001e18.c	0x40001031	decompiler symbol or literal; inspect instructions before using
ram_00001e18	ram_00001e18_FUN_ram_00001e18.c	0x40001034	decompiler symbol or literal; inspect instructions before using
ram_00001e18	ram_00001e18_FUN_ram_00001e18.c	0x4000103c	decompiler symbol or literal; inspect instructions before using
ram_00001e18	ram_00001e18_FUN_ram_00001e18.c	0x40001040	decompiler symbol or literal; inspect instructions before using
ram_00001fa6	ram_00001fa6_FUN_ram_00001fa6.c	0x40001038	decompiler symbol or literal; inspect instructions before using
ram_00001fbe	ram_00001fbe_FUN_ram_00001fbe.c	0x4000102c	decompiler symbol or literal; inspect instructions before using
ram_00001fbe	ram_00001fbe_FUN_ram_00001fbe.c	0x4000102e	decompiler symbol or literal; inspect instructions before using
ram_00001fbe	ram_00001fbe_FUN_ram_00001fbe.c	0x4000102f	decompiler symbol or literal; inspect instructions before using
ram_00001fbe	ram_00001fbe_FUN_ram_00001fbe.c	0x40001040	decompiler symbol or literal; inspect instructions before using
ram_00001fbe	ram_00001fbe_FUN_ram_00001fbe.c	0x40001050	decompiler symbol or literal; inspect instructions before using
ram_00001fbe	ram_00001fbe_FUN_ram_00001fbe.c	0x40001052	decompiler symbol or literal; inspect instructions before using
ram_00001fbe	ram_00001fbe_FUN_ram_00001fbe.c	0x40001053	decompiler symbol or literal; inspect instructions before using
ram_00002498	ram_00002498_FUN_ram_00002498.c	0x400010a0	decompiler symbol or literal; inspect instructions before using
ram_00002498	ram_00002498_FUN_ram_00002498.c	0x400010b0	decompiler symbol or literal; inspect instructions before using
ram_00002498	ram_00002498_FUN_ram_00002498.c	0x400010b4	decompiler symbol or literal; inspect instructions before using
ram_0000253e	ram_0000253e_FUN_ram_0000253e.c	0x400010c0	decompiler symbol or literal; inspect instructions before using
ram_0000253e	ram_0000253e_FUN_ram_0000253e.c	0x400010d0	decompiler symbol or literal; inspect instructions before using
ram_0000253e	ram_0000253e_FUN_ram_0000253e.c	0x400010d4	decompiler symbol or literal; inspect instructions before using
ram_000025e4	ram_000025e4_FUN_ram_000025e4.c	0x40001018	decompiler symbol or literal; inspect instructions before using
ram_000025fe	ram_000025fe_FUN_ram_000025fe.c	0x40005002	decompiler symbol or literal; inspect instructions before using
ram_0000268a	ram_0000268a_FUN_ram_0000268a.c	0x40005000	decompiler symbol or literal; inspect instructions before using
ram_0000268a	ram_0000268a_FUN_ram_0000268a.c	0x40005001	decompiler symbol or literal; inspect instructions before using
ram_0000268a	ram_0000268a_FUN_ram_0000268a.c	0x40005004	decompiler symbol or literal; inspect instructions before using
ram_000026e8	ram_000026e8_FUN_ram_000026e8.c	0x40001008	decompiler symbol or literal; inspect instructions before using
ram_0000272a	ram_0000272a_FUN_ram_0000272a.c	0xe000e000	decompiler symbol or literal; inspect instructions before using
ram_0000272a	ram_0000272a_FUN_ram_0000272a.c	0xe000e004	decompiler symbol or literal; inspect instructions before using
ram_0000272a	ram_0000272a_FUN_ram_0000272a.c	0xe000e180	decompiler symbol or literal; inspect instructions before using
ram_0000272a	ram_0000272a_FUN_ram_0000272a.c	0xe000e184	decompiler symbol or literal; inspect instructions before using
ram_00002746	ram_00002746_FUN_ram_00002746.c	0xe000e100	decompiler symbol or literal; inspect instructions before using
ram_00002746	ram_00002746_FUN_ram_00002746.c	0xe000e104	decompiler symbol or literal; inspect instructions before using
ram_00002764	ram_00002764_FUN_ram_00002764.c	0x40001040	decompiler symbol or literal; inspect instructions before using
ram_00002764	ram_00002764_FUN_ram_00002764.c	0x40001046	decompiler symbol or literal; inspect instructions before using
ram_0000279c	ram_0000279c_FUN_ram_0000279c.c	0x40002000	decompiler symbol or literal; inspect instructions before using
ram_000027b6	ram_000027b6_FUN_ram_000027b6.c	0x40002400	decompiler symbol or literal; inspect instructions before using
ram_000027b6	ram_000027b6_FUN_ram_000027b6.c	0x4000240c	decompiler symbol or literal; inspect instructions before using
ram_000027cc	ram_000027cc_FUN_ram_000027cc.c	0x40002800	decompiler symbol or literal; inspect instructions before using
ram_000027cc	ram_000027cc_FUN_ram_000027cc.c	0x4000280c	decompiler symbol or literal; inspect instructions before using
ram_000027e2	ram_000027e2_FUN_ram_000027e2.c	0x4000300c	decompiler symbol or literal; inspect instructions before using
ram_00002812	ram_00002812_FUN_ram_00002812.c	0x40003001	decompiler symbol or literal; inspect instructions before using
ram_00002812	ram_00002812_FUN_ram_00002812.c	0x40003002	decompiler symbol or literal; inspect instructions before using
ram_00002812	ram_00002812_FUN_ram_00002812.c	0x40003003	decompiler symbol or literal; inspect instructions before using
ram_00002812	ram_00002812_FUN_ram_00002812.c	0x4000300e	decompiler symbol or literal; inspect instructions before using
ram_00002844	ram_00002844_FUN_ram_00002844.c	0x40003008	decompiler symbol or literal; inspect instructions before using
ram_00002844	ram_00002844_FUN_ram_00002844.c	0x4000300a	decompiler symbol or literal; inspect instructions before using
ram_0000286e	ram_0000286e_FUN_ram_0000286e.c	0x4000340c	decompiler symbol or literal; inspect instructions before using
ram_0000289e	ram_0000289e_FUN_ram_0000289e.c	0x40003401	decompiler symbol or literal; inspect instructions before using
ram_0000289e	ram_0000289e_FUN_ram_0000289e.c	0x40003402	decompiler symbol or literal; inspect instructions before using
ram_0000289e	ram_0000289e_FUN_ram_0000289e.c	0x40003403	decompiler symbol or literal; inspect instructions before using
ram_0000289e	ram_0000289e_FUN_ram_0000289e.c	0x4000340e	decompiler symbol or literal; inspect instructions before using
ram_000028d0	ram_000028d0_FUN_ram_000028d0.c	0x40003402	decompiler symbol or literal; inspect instructions before using
ram_000028ea	ram_000028ea_FUN_ram_000028ea.c	0x40003400	decompiler symbol or literal; inspect instructions before using
ram_000028ea	ram_000028ea_FUN_ram_000028ea.c	0x40003401	decompiler symbol or literal; inspect instructions before using
ram_00002914	ram_00002914_FUN_ram_00002914.c	0x40003408	decompiler symbol or literal; inspect instructions before using
ram_00002914	ram_00002914_FUN_ram_00002914.c	0x4000340b	decompiler symbol or literal; inspect instructions before using
ram_0000293c	ram_0000293c_FUN_ram_0000293c.c	0x40003408	decompiler symbol or literal; inspect instructions before using
ram_0000293c	ram_0000293c_FUN_ram_0000293c.c	0x4000340a	decompiler symbol or literal; inspect instructions before using
ram_00002966	ram_00002966_FUN_ram_00002966.c	0x4000101a	decompiler symbol or literal; inspect instructions before using
ram_00002966	ram_00002966_FUN_ram_00002966.c	0x40008000	decompiler symbol or literal; inspect instructions before using
ram_00002966	ram_00002966_FUN_ram_00002966.c	0x40008001	decompiler symbol or literal; inspect instructions before using
ram_00002966	ram_00002966_FUN_ram_00002966.c	0x40008002	decompiler symbol or literal; inspect instructions before using
ram_00002966	ram_00002966_FUN_ram_00002966.c	0x40008003	decompiler symbol or literal; inspect instructions before using
ram_00002966	ram_00002966_FUN_ram_00002966.c	0x40008006	decompiler symbol or literal; inspect instructions before using
ram_00002966	ram_00002966_FUN_ram_00002966.c	0x40008008	decompiler symbol or literal; inspect instructions before using
ram_00002966	ram_00002966_FUN_ram_00002966.c	0x4000800c	decompiler symbol or literal; inspect instructions before using
ram_00002966	ram_00002966_FUN_ram_00002966.c	0x4000800d	decompiler symbol or literal; inspect instructions before using
ram_00002966	ram_00002966_FUN_ram_00002966.c	0x40008010	decompiler symbol or literal; inspect instructions before using
ram_00002966	ram_00002966_FUN_ram_00002966.c	0x40008014	decompiler symbol or literal; inspect instructions before using
ram_00002966	ram_00002966_FUN_ram_00002966.c	0x40008018	decompiler symbol or literal; inspect instructions before using
ram_00002966	ram_00002966_FUN_ram_00002966.c	0x4000801c	decompiler symbol or literal; inspect instructions before using
ram_00002966	ram_00002966_FUN_ram_00002966.c	0x40008022	decompiler symbol or literal; inspect instructions before using
ram_00002966	ram_00002966_FUN_ram_00002966.c	0x40008026	decompiler symbol or literal; inspect instructions before using
ram_00002966	ram_00002966_FUN_ram_00002966.c	0x4000802a	decompiler symbol or literal; inspect instructions before using
ram_00002966	ram_00002966_FUN_ram_00002966.c	0x4000802e	decompiler symbol or literal; inspect instructions before using
ram_00002966	ram_00002966_FUN_ram_00002966.c	0x40008032	decompiler symbol or literal; inspect instructions before using
ram_000029f8	ram_000029f8_FUN_ram_000029f8.c	0x4000101a	decompiler symbol or literal; inspect instructions before using
ram_000029f8	ram_000029f8_FUN_ram_000029f8.c	0x40008000	decompiler symbol or literal; inspect instructions before using
ram_000029f8	ram_000029f8_FUN_ram_000029f8.c	0x40008001	decompiler symbol or literal; inspect instructions before using
ram_000029f8	ram_000029f8_FUN_ram_000029f8.c	0x40008002	decompiler symbol or literal; inspect instructions before using
ram_000029f8	ram_000029f8_FUN_ram_000029f8.c	0x4000800c	decompiler symbol or literal; inspect instructions before using
ram_000029f8	ram_000029f8_FUN_ram_000029f8.c	0x4000800d	decompiler symbol or literal; inspect instructions before using
ram_00002a5e	ram_00002a5e_FUN_ram_00002a5e.c	0x40008024	decompiler symbol or literal; inspect instructions before using
ram_00002a5e	ram_00002a5e_FUN_ram_00002a5e.c	0x40008026	decompiler symbol or literal; inspect instructions before using
ram_00002a74	ram_00002a74_FUN_ram_00002a74.c	0x40008028	decompiler symbol or literal; inspect instructions before using
ram_00002a74	ram_00002a74_FUN_ram_00002a74.c	0x4000802a	decompiler symbol or literal; inspect instructions before using
ram_00002a8a	ram_00002a8a_FUN_ram_00002a8a.c	0x4000802c	decompiler symbol or literal; inspect instructions before using
ram_00002a8a	ram_00002a8a_FUN_ram_00002a8a.c	0x4000802e	decompiler symbol or literal; inspect instructions before using
ram_00002aa0	ram_00002aa0_FUN_ram_00002aa0.c	0x40008030	decompiler symbol or literal; inspect instructions before using
ram_00002aa0	ram_00002aa0_FUN_ram_00002aa0.c	0x40008032	decompiler symbol or literal; inspect instructions before using
ram_000032b6	ram_000032b6_FUN_ram_000032b6.c	0xe000e100	decompiler symbol or literal; inspect instructions before using
ram_000032b6	ram_000032b6_FUN_ram_000032b6.c	0xe000e180	decompiler symbol or literal; inspect instructions before using
ram_000032b6	ram_000032b6_FUN_ram_000032b6.c	0xe000f000	decompiler symbol or literal; inspect instructions before using
ram_000032b6	ram_000032b6_FUN_ram_000032b6.c	0xe000f010	decompiler symbol or literal; inspect instructions before using
ram_000032b6	ram_000032b6_FUN_ram_000032b6.c	0xe000f014	decompiler symbol or literal; inspect instructions before using
ram_00003416	ram_00003416_FUN_ram_00003416.c	0x40001034	decompiler symbol or literal; inspect instructions before using
ram_00003416	ram_00003416_FUN_ram_00003416.c	0x40001040	decompiler symbol or literal; inspect instructions before using
ram_0000343e	ram_0000343e_FUN_ram_0000343e.c	0x4000102f	decompiler symbol or literal; inspect instructions before using
ram_0000343e	ram_0000343e_FUN_ram_0000343e.c	0x40001040	decompiler symbol or literal; inspect instructions before using
ram_0000354a	ram_0000354a_FUN_ram_0000354a.c	0x4000100e	decompiler symbol or literal; inspect instructions before using
ram_0000354a	ram_0000354a_FUN_ram_0000354a.c	0x40001031	decompiler symbol or literal; inspect instructions before using
ram_0000354a	ram_0000354a_FUN_ram_0000354a.c	0x40001040	decompiler symbol or literal; inspect instructions before using
ram_0000354a	ram_0000354a_FUN_ram_0000354a.c	0xe000e100	decompiler symbol or literal; inspect instructions before using
ram_00004810	ram_00004810_FUN_ram_00004810.c	0x400010a8	decompiler symbol or literal; inspect instructions before using
ram_00004810	ram_00004810_FUN_ram_00004810.c	0x400010c8	decompiler symbol or literal; inspect instructions before using
ram_00004810	ram_00004810_FUN_ram_00004810.c	0x40002002	decompiler symbol or literal; inspect instructions before using
ram_00004810	ram_00004810_FUN_ram_00004810.c	0x4000200c	decompiler symbol or literal; inspect instructions before using
ram_00004810	ram_00004810_FUN_ram_00004810.c	0x40005003	decompiler symbol or literal; inspect instructions before using
ram_00004810	ram_00004810_FUN_ram_00004810.c	0xe000e100	decompiler symbol or literal; inspect instructions before using
ram_00004810	ram_00004810_FUN_ram_00004810.c	0xe000e410	decompiler symbol or literal; inspect instructions before using
ram_000048c2	ram_000048c2_FUN_ram_000048c2.c	0x40005004	decompiler symbol or literal; inspect instructions before using
ram_000048c2	ram_000048c2_FUN_ram_000048c2.c	0x40005007	decompiler symbol or literal; inspect instructions before using
ram_000048c2	ram_000048c2_FUN_ram_000048c2.c	0x4000500a	decompiler symbol or literal; inspect instructions before using
ram_00004b14	ram_00004b14_FUN_ram_00004b14.c	0x40002400	decompiler symbol or literal; inspect instructions before using
ram_00004b14	ram_00004b14_FUN_ram_00004b14.c	0x40002402	decompiler symbol or literal; inspect instructions before using
ram_00004b14	ram_00004b14_FUN_ram_00004b14.c	0x40002800	decompiler symbol or literal; inspect instructions before using
ram_00004b14	ram_00004b14_FUN_ram_00004b14.c	0x40002802	decompiler symbol or literal; inspect instructions before using
ram_00004b14	ram_00004b14_FUN_ram_00004b14.c	0xe000e100	decompiler symbol or literal; inspect instructions before using
ram_00004dd8_thunk	ram_00004dd8_thunk_FUN_ram_00002914.c	0x40003408	decompiler symbol or literal; inspect instructions before using
ram_00004dd8_thunk	ram_00004dd8_thunk_FUN_ram_00002914.c	0x4000340b	decompiler symbol or literal; inspect instructions before using
ram_00004ddc	ram_00004ddc_FUN_ram_00004ddc.c	0xe000e100	decompiler symbol or literal; inspect instructions before using
ram_00004e18_thunk	ram_00004e18_thunk_FUN_ram_00004ddc.c	0xe000e100	decompiler symbol or literal; inspect instructions before using
ram_00004fba_usb_interrupt_handler	ram_00004fba_usb_interrupt_handler.c	0x40008003	decompiler symbol or literal; inspect instructions before using
ram_00004fba_usb_interrupt_handler	ram_00004fba_usb_interrupt_handler.c	0x40008005	decompiler symbol or literal; inspect instructions before using
ram_00004fba_usb_interrupt_handler	ram_00004fba_usb_interrupt_handler.c	0x40008006	decompiler symbol or literal; inspect instructions before using
ram_00004fba_usb_interrupt_handler	ram_00004fba_usb_interrupt_handler.c	0x40008007	decompiler symbol or literal; inspect instructions before using
ram_00004fba_usb_interrupt_handler	ram_00004fba_usb_interrupt_handler.c	0x40008008	decompiler symbol or literal; inspect instructions before using
ram_00004fba_usb_interrupt_handler	ram_00004fba_usb_interrupt_handler.c	0x40008020	decompiler symbol or literal; inspect instructions before using
ram_00004fba_usb_interrupt_handler	ram_00004fba_usb_interrupt_handler.c	0x40008022	decompiler symbol or literal; inspect instructions before using
ram_00004fba_usb_interrupt_handler	ram_00004fba_usb_interrupt_handler.c	0x40008026	decompiler symbol or literal; inspect instructions before using
ram_00004fba_usb_interrupt_handler	ram_00004fba_usb_interrupt_handler.c	0x4000802a	decompiler symbol or literal; inspect instructions before using
ram_00004fba_usb_interrupt_handler	ram_00004fba_usb_interrupt_handler.c	0x4000802e	decompiler symbol or literal; inspect instructions before using
ram_00004fba_usb_interrupt_handler	ram_00004fba_usb_interrupt_handler.c	0x40008032	decompiler symbol or literal; inspect instructions before using
ram_000055c0	ram_000055c0_FUN_ram_000055c0.c	0xe000e100	decompiler symbol or literal; inspect instructions before using
ram_0000566a	ram_0000566a_FUN_ram_0000566a.c	0xe000e180	decompiler symbol or literal; inspect instructions before using
ram_00006cb0	ram_00006cb0_FUN_ram_00006cb0.c	0x40001043	decompiler symbol or literal; inspect instructions before using
ram_00007794_application_main	ram_00007794_application_main.c	0x400010c8	decompiler symbol or literal; inspect instructions before using
ram_200020c6	ram_200020c6_FUN_ram_200020c6.c	0x40001806	decompiler symbol or literal; inspect instructions before using
ram_200020c6	ram_200020c6_FUN_ram_200020c6.c	0xe000ed10	decompiler symbol or literal; inspect instructions before using
ram_20002106	ram_20002106_FUN_ram_20002106.c	0x40001024	decompiler symbol or literal; inspect instructions before using
ram_20002106	ram_20002106_FUN_ram_20002106.c	0x4000102e	decompiler symbol or literal; inspect instructions before using
ram_20002106	ram_20002106_FUN_ram_20002106.c	0x40001038	decompiler symbol or literal; inspect instructions before using
ram_20002106	ram_20002106_FUN_ram_20002106.c	0x40001040	decompiler symbol or literal; inspect instructions before using
ram_20002106	ram_20002106_FUN_ram_20002106.c	0x4000104b	decompiler symbol or literal; inspect instructions before using
ram_20002106	ram_20002106_FUN_ram_20002106.c	0x4000104e	decompiler symbol or literal; inspect instructions before using
ram_20002106	ram_20002106_FUN_ram_20002106.c	0x40001806	decompiler symbol or literal; inspect instructions before using
ram_20002106	ram_20002106_FUN_ram_20002106.c	0xe000ed10	decompiler symbol or literal; inspect instructions before using
ram_200021d4	ram_200021d4_FUN_ram_200021d4.c	0x4000100f	decompiler symbol or literal; inspect instructions before using
ram_200021d4	ram_200021d4_FUN_ram_200021d4.c	0x40001020	decompiler symbol or literal; inspect instructions before using
ram_200021d4	ram_200021d4_FUN_ram_200021d4.c	0x40001024	decompiler symbol or literal; inspect instructions before using
ram_200021d4	ram_200021d4_FUN_ram_200021d4.c	0x4000102e	decompiler symbol or literal; inspect instructions before using
ram_200021d4	ram_200021d4_FUN_ram_200021d4.c	0x40001038	decompiler symbol or literal; inspect instructions before using
ram_200021d4	ram_200021d4_FUN_ram_200021d4.c	0x40001040	decompiler symbol or literal; inspect instructions before using
ram_200021d4	ram_200021d4_FUN_ram_200021d4.c	0x4000104b	decompiler symbol or literal; inspect instructions before using
ram_200021d4	ram_200021d4_FUN_ram_200021d4.c	0x4000104e	decompiler symbol or literal; inspect instructions before using
ram_200021d4	ram_200021d4_FUN_ram_200021d4.c	0xe000ed10	decompiler symbol or literal; inspect instructions before using
ram_20002304	ram_20002304_FUN_ram_20002304.c	0x4000100f	decompiler symbol or literal; inspect instructions before using
ram_20002304	ram_20002304_FUN_ram_20002304.c	0x40001020	decompiler symbol or literal; inspect instructions before using
ram_20002304	ram_20002304_FUN_ram_20002304.c	0x40001024	decompiler symbol or literal; inspect instructions before using
ram_20002304	ram_20002304_FUN_ram_20002304.c	0x4000102e	decompiler symbol or literal; inspect instructions before using
ram_20002304	ram_20002304_FUN_ram_20002304.c	0x40001038	decompiler symbol or literal; inspect instructions before using
ram_20002304	ram_20002304_FUN_ram_20002304.c	0x40001040	decompiler symbol or literal; inspect instructions before using
ram_20002304	ram_20002304_FUN_ram_20002304.c	0x40001046	decompiler symbol or literal; inspect instructions before using
ram_20002304	ram_20002304_FUN_ram_20002304.c	0x4000104e	decompiler symbol or literal; inspect instructions before using
ram_20002304	ram_20002304_FUN_ram_20002304.c	0xe000ed10	decompiler symbol or literal; inspect instructions before using
ram_200023fe	ram_200023fe_FUN_ram_200023fe.c	0x40001008	decompiler symbol or literal; inspect instructions before using
ram_200023fe	ram_200023fe_FUN_ram_200023fe.c	0x4000100a	decompiler symbol or literal; inspect instructions before using
ram_200023fe	ram_200023fe_FUN_ram_200023fe.c	0x40001040	decompiler symbol or literal; inspect instructions before using
ram_200023fe	ram_200023fe_FUN_ram_200023fe.c	0x4000104b	decompiler symbol or literal; inspect instructions before using
ram_200023fe	ram_200023fe_FUN_ram_200023fe.c	0x40001807	decompiler symbol or literal; inspect instructions before using
ram_20002572	ram_20002572_FUN_ram_20002572.c	0x40001040	decompiler symbol or literal; inspect instructions before using
ram_20002572	ram_20002572_FUN_ram_20002572.c	0x40001046	decompiler symbol or literal; inspect instructions before using
ram_2000262a	ram_2000262a_FUN_ram_2000262a.c	0x40001030	decompiler symbol or literal; inspect instructions before using
ram_20002644	ram_20002644_FUN_ram_20002644.c	0x40002002	decompiler symbol or literal; inspect instructions before using
ram_20002644	ram_20002644_FUN_ram_20002644.c	0x40002006	decompiler symbol or literal; inspect instructions before using
ram_20002644	ram_20002644_FUN_ram_20002644.c	0x40002007	decompiler symbol or literal; inspect instructions before using
ram_20002644	ram_20002644_FUN_ram_20002644.c	0x40002010	decompiler symbol or literal; inspect instructions before using
ram_200026fc	ram_200026fc_FUN_ram_200026fc.c	0x40002406	decompiler symbol or literal; inspect instructions before using
ram_2000271a	ram_2000271a_FUN_ram_2000271a.c	0x40002806	decompiler symbol or literal; inspect instructions before using
ram_20002746	ram_20002746_FUN_ram_20002746.c	0x40003004	decompiler symbol or literal; inspect instructions before using
ram_2000277e	ram_2000277e_FUN_ram_2000277e.c	0x40003404	decompiler symbol or literal; inspect instructions before using
ram_200028d6	ram_200028d6_FUN_ram_200028d6.c	0x40001040	decompiler symbol or literal; inspect instructions before using
ram_200028d6	ram_200028d6_FUN_ram_200028d6.c	0x40001041	decompiler symbol or literal; inspect instructions before using
ram_200028d6	ram_200028d6_FUN_ram_200028d6.c	0x40001044	decompiler symbol or literal; inspect instructions before using
ram_200028d6	ram_200028d6_FUN_ram_200028d6.c	0x40001045	decompiler symbol or literal; inspect instructions before using
ram_200028d6	ram_200028d6_FUN_ram_200028d6.c	0x40001800	decompiler symbol or literal; inspect instructions before using
ram_200028d6	ram_200028d6_FUN_ram_200028d6.c	0x40001806	decompiler symbol or literal; inspect instructions before using
ram_200028d6	ram_200028d6_FUN_ram_200028d6.c	0xe000e000	decompiler symbol or literal; inspect instructions before using
ram_200028d6	ram_200028d6_FUN_ram_200028d6.c	0xe000e004	decompiler symbol or literal; inspect instructions before using
ram_200028d6	ram_200028d6_FUN_ram_200028d6.c	0xe000e100	decompiler symbol or literal; inspect instructions before using
ram_200028d6	ram_200028d6_FUN_ram_200028d6.c	0xe000e104	decompiler symbol or literal; inspect instructions before using
ram_200028d6	ram_200028d6_FUN_ram_200028d6.c	0xe000e180	decompiler symbol or literal; inspect instructions before using
ram_200028d6	ram_200028d6_FUN_ram_200028d6.c	0xe000e184	decompiler symbol or literal; inspect instructions before using
