pointer_location	target	method	created
00010200	00017684	pointer_and_existing_instruction	true
00010204	00017698	pointer_and_existing_instruction	true
00010208	000176ac	pointer_and_existing_instruction	true
0001020c	000176c0	pointer_and_existing_instruction	true
00010210	000176d4	pointer_and_existing_instruction	true
00010214	000176e8	pointer_and_existing_instruction	true
00010218	000176fc	pointer_and_existing_instruction	true
0001021c	00017710	pointer_and_existing_instruction	true
00010220	00017724	pointer_and_existing_instruction	true
00010224	00017738	pointer_and_existing_instruction	true
00010228	0001774c	pointer_and_existing_instruction	true
0001022c	00017760	pointer_and_existing_instruction	true
00010230	00017774	pointer_and_existing_instruction	true
00010234	00017788	pointer_and_existing_instruction	true
00010238	0001779c	pointer_and_existing_instruction	true
0001023c	000177b0	pointer_and_existing_instruction	true
00010580	00010c40	pointer_and_existing_instruction	true
00010584	00010c5e	pointer_and_existing_instruction	true
00010c38	00010c18	pointer_and_existing_instruction	true
000121c0	0001dda0	pointer_and_existing_instruction	true
000161b8	000656b2	pointer_and_existing_instruction	true
0001634c	000160cc	pointer_and_prologue	true
00016358	00016650	pointer_and_existing_instruction	true
00017878	000149c8	pointer_and_prologue	true
000184d0	0003c410	pointer_and_prologue	true
0001c3f0	0001c3f8	pointer_and_prologue	true
0001c434	0001c43c	pointer_and_prologue	true
0001c478	0001c480	pointer_and_prologue	true
0001c4bc	0001c4c4	pointer_and_prologue	true
0001d218	0002396c	pointer_and_existing_instruction	true
0001d220	00023968	pointer_and_existing_instruction	true
0001d824	00053338	pointer_and_existing_instruction	true
0001d834	0001f208	pointer_and_existing_instruction	true
0001d844	0001e020	pointer_and_existing_instruction	true
0001d854	0001b494	pointer_and_prologue	true
00020030	0002154a	pointer_and_existing_instruction	true
000216e0	00027508	pointer_and_existing_instruction	true
000216fc	000246c8	pointer_and_existing_instruction	true
00021e64	0005eeac	pointer_and_prologue	true
00021e98	00058484	pointer_and_prologue	true
00021ea0	0005d2a8	pointer_and_prologue	true
00021ea8	0002756c	pointer_and_existing_instruction	true
00021ebc	00024de0	pointer_and_prologue	true
00021ef4	0003c82c	pointer_and_existing_instruction	true
00021f0c	00022978	pointer_and_existing_instruction	true
00021f14	00021760	pointer_and_existing_instruction	true
00021f1c	00027690	pointer_and_prologue	true
00021f2c	00027664	pointer_and_prologue	true
00021f34	00015200	pointer_and_prologue	true
00021f3c	000151dc	pointer_and_prologue	true
00021f44	00054070	pointer_and_prologue	true
000223b8	000597c0	pointer_and_existing_instruction	true
000223c8	00059058	pointer_and_prologue	true
000223d8	00026974	pointer_and_prologue	true
000223e4	0002753c	pointer_and_existing_instruction	true
00022668	0005ae08	pointer_and_prologue	true
00022674	0005d06c	pointer_and_prologue	true
0002267c	0005436c	pointer_and_existing_instruction	true
0002269c	0006445c	pointer_and_existing_instruction	true
000226e0	0003c43c	pointer_and_existing_instruction	true
0002275c	00027908	pointer_and_existing_instruction	true
0002284c	0005e798	pointer_and_existing_instruction	true
00022940	0005fe90	pointer_and_prologue	true
00022948	000275e4	pointer_and_existing_instruction	true
00022950	0005fec8	pointer_and_prologue	true
00022958	0002761c	pointer_and_existing_instruction	true
000246c0	0003cabc	pointer_and_existing_instruction	true
000246c4	0005a072	pointer_and_existing_instruction	true
0002481c	00053c94	pointer_and_existing_instruction	true
00027dbc	0001f02c	pointer_and_prologue	true
00027dc0	0001f048	pointer_and_existing_instruction	true
00034864	0001c3b4	pointer_and_prologue	true
00036b78	0001d7a0	pointer_and_prologue	true
000373e8	0006513c	pointer_and_existing_instruction	true
0003a314	0003a670	pointer_and_prologue	true
0003a584	0003a6a4	pointer_and_existing_instruction	true
0003a788	000276bc	pointer_and_existing_instruction	true
0003a930	0005f968	pointer_and_existing_instruction	true
0003c248	0003c354	pointer_and_existing_instruction	true
0003c93c	00024654	pointer_and_existing_instruction	true
0003c978	00023868	pointer_and_prologue	true
0003e34c	0003e046	pointer_and_existing_instruction	true
0003e350	0003e04e	pointer_and_existing_instruction	true
0003e638	0003e588	pointer_and_prologue	true
0003e63c	0003e64c	pointer_and_prologue	true
0003e640	0003e374	pointer_and_prologue	true
000415f8	0002503a	pointer_and_existing_instruction	true
000415fc	00025046	pointer_and_existing_instruction	true
00041600	0002504a	pointer_and_existing_instruction	true
00044fc4	00035ea4	pointer_and_existing_instruction	true
00047f64	000483f8	pointer_and_existing_instruction	true
00048a88	00048a8c	pointer_and_prologue	true
0004987c	0005e7a8	pointer_and_existing_instruction	true
00049880	0005e7ae	pointer_and_existing_instruction	true
0004e380	0005e4d4	pointer_and_existing_instruction	true
0004ecfc	000635a0	pointer_and_prologue	true
0004ed04	000636d8	pointer_and_prologue	true
0004f35c	000632dc	pointer_and_prologue	true
0004f98c	0005e7b8	pointer_and_existing_instruction	true
00050170	0005e7b4	pointer_and_existing_instruction	true
00050174	0005e7bc	pointer_and_existing_instruction	true
0005055c	00020dcc	pointer_and_existing_instruction	true
00050a00	000239ba	pointer_and_existing_instruction	true
00050a08	000239c6	pointer_and_existing_instruction	true
00051214	00051074	pointer_and_existing_instruction	true
00051218	00051068	pointer_and_existing_instruction	true
000538e0	00065c5c	pointer_and_prologue	true
0005396c	000537cc	pointer_and_prologue	true
00053970	00065ca8	pointer_and_prologue	true
00054348	0004b40a	pointer_and_existing_instruction	true
00056e08	0002385c	pointer_and_existing_instruction	true
00060784	00027964	pointer_and_prologue	true
00061274	000279c2	pointer_and_prologue	true
00061278	00037ed0	pointer_and_prologue	true
000634e8	00016854	pointer_and_prologue	true
000634f0	00016af8	pointer_and_prologue	true
000634f4	00016bb8	pointer_and_prologue	true
0006359c	00014a70	pointer_and_prologue	true
000645f4	0001dfbc	pointer_and_prologue	true
000645fc	0001ef30	pointer_and_existing_instruction	true
00064754	0001dfdc	pointer_and_prologue	true
0006475c	0001ef80	pointer_and_existing_instruction	true
00065c00	00059ae8	pointer_and_existing_instruction	true
000670c8	00059eac	pointer_and_existing_instruction	true
0006a6dc	00046acc	pointer_and_prologue	true
0007a510	0003a74c	pointer_and_prologue	true
0007a514	00028036	pointer_and_existing_instruction	true
0007a528	00035c48	pointer_and_prologue	true
0007a570	0003917c	pointer_and_existing_instruction	true
0007a578	0003ccb0	pointer_and_prologue	true
0007a580	0003cea4	pointer_and_prologue	true
0007a5a4	0003e0f0	pointer_and_prologue	true
0007a5c0	0003e7ec	pointer_and_prologue	true
0007a600	0003e86c	pointer_and_existing_instruction	true
0007a648	00053804	pointer_and_prologue	true
0007a66c	000538e4	pointer_and_prologue	true
0007a6b4	0003fa98	pointer_and_prologue	true
0007a6b8	0003fad8	pointer_and_prologue	true
0007a6d8	00045fd0	pointer_and_prologue	true
0007a700	00046634	pointer_and_existing_instruction	true
0007a720	00047624	pointer_and_prologue	true
0007a744	00048a44	pointer_and_prologue	true
0007aae0	00048d20	pointer_and_prologue	true
0007ab04	00049ad4	pointer_and_prologue	true
0007ab0c	00049af4	pointer_and_prologue	true
0007abbc	0004a82c	pointer_and_existing_instruction	true
0007adf8	0004f74c	pointer_and_prologue	true
0007ae00	0004f7c4	pointer_and_prologue	true
0007ae24	0004f990	pointer_and_prologue	true
0007ae88	0005057c	pointer_and_prologue	true
0007aeac	00050944	pointer_and_prologue	true
0007aed0	0005107a	pointer_and_prologue	true
0007aed4	000510a2	pointer_and_existing_instruction	true
0007aed8	000510ac	pointer_and_prologue	true
0007aef4	0005121c	pointer_and_prologue	true
0007aef8	00051258	pointer_and_prologue	true
0007af18	00051474	pointer_and_prologue	true
0007af20	000514d8	pointer_and_prologue	true
0007af3c	00051fc8	pointer_and_prologue	true
0007af84	00052828	pointer_and_prologue	true
