0000039e	(FAFGF"F
000003de	HF1F*FCF
00000440	pF1F:FcF
0000075f	FPFYF
000007fe	QA2F+F
00000bc9	FpG *
00000bf8	 0pG:(
00000c5c	pGBhZ
00000d46	JF9F F
00000e5d	FPFYFBF
00000e7f	v,C7C
00000fab	'bi=F9F
000010d0	#FjFo
00001180	OFKFc(
0000131e	*F3F8FAF
0000132d	F*F3F
0000138b	8. EFO
00001756	RFiF 
00001760	/IjFR
000019f2	$y-y[
00001a06	-y6y[
00001afc	X B{J`
00001b17	bJ`B|
00002073	!)plp
0000209b	 (q* hq
000020b3	 (pH{hp
000021ef	CAapG
00002380	VSET=
00002388	TSET=
00002394	FanCompareValue=
000023a8	language=
000023b4	language=%d
000023c4	VSET=%d,ISET=%d,DCOUT_EN=%d
000023e0	TSET=%d,%d
000023ec	FanCompareValue=%d
00002506	1!1Tx
000025ff	!%F F
0000267f	@33S@
000026bb	AEHFL
000026df	F>M?H
000026fb	F9O:H9x
00002735	F.N.H1x
000028e7	FkOlH9x
00002926	NFHF-
00002953	FTMUH)x
0000296f	FONPH1x
00002c04	Hm DHe
00002cdb	H+F2F
00002fe0	zsS,k
000031d0	9F@x8p
000031f1	pXJAx
000032e6	urOFTF
0000335b	pubup
00003529	 QF2*
000035d3	p*!ApM!
000035e3	q0!Aq5#
000039a1	 0N p
00003b2d	"BqBh"
00003fe5	FQFHF
00004085	jd AC
00004228	"y1F(F
00004333	"!F@F
0000438d	`DF@F
000043d5	$*M&FO
00004419	4d#"FA
00004428	d#"FB
00004436	d#"FC
00004444	d#"FD
00004452	d#"FG
0000448c	Test1
000048d5	 8` h 
00004b29	F`z!{
00004d09	)EH!x$
00004e4b	F=HBz
0000517d	CQ`pG
000052fc	=C+CU
00005453	ypG@ypG
00005489	H@mpG
00005552	Pu F0
000055b8	8`Vs&
0000566f	ou]Up
00005804	Vu&i6
0000581a	Vvfi6
00005996	"P%h-
0000599e	#P$h$
00005b05	r>D5D
00005b61	Fd0Rk
00005c62	wxWTI
00005cad	pyxbHF
00005f75	H@kpG
00005f81	H@lpG
00006119	"@! F
0000612d	V1F F
00006569	"@!(F
000065df	"1F(F
0000689f	"@! F
000068b3	V1F F
00006948	 ` h@
0000694f	@ ` h@
00006966	!`!h!
0000696d	A!`!h!
00006976	!`!i!
0000698f	CB`pG
00006a21	"@!(F
00006a8a	1F(F"
00006b71	"1F(F
00006c2e	9F(F"
00006c3c	1F(F"
000077e5	PjF!F
000078ae	%H%LO
000078c2	)F h4
000078d0	)F h4
000078e6	)F h4
000078f4	)F h4
00007912	)F h4
00007920	)F h4
0000797c	!F(h4
000079c8	!F(h4
00007a1e	!F(h3
00007a3b	rq{(h3
00007a66	!F(h3
00007ab6	!F(h3
00007b06	!F(h3
00007b56	!F(h3
00007ba0	!F(h3
00007c6e	!F(h3
00007c8d	rqx(h3
00007cba	!F(h3
00007d0c	!F8h3
00007d52	!F(h3
00007dae	!F(h3
00007e22	!F0h3
00007e86	!F(h3
00007ed6	!F0h3
00007ef3	r)z0h3
00007f07	F)z0h3
00007f3a	!F(h3
00007f8e	!F(h3
00007fa9	r1y(h3
00007fd7	$!F(h3
00008022	!F(h3
000080d6	!F(h3
0000819a	aF@F#
000081ba	aF@F#
000081c2	)FXF$
000081ce	3F:F@F#
00008389	Ihp`x
0000841e	jF!F0F
00008946	*FiF0F
00008b82	p`RFB
00008bae	0a#FE
00008bc0	pa*FAF
00008be1	#"FIF
00008e0d	 (b0F
00008e73	"!F(F
00008f0f	"!F(F
000091b7	hd$3D\C
00009215	'`~3N
00009468	ip#)!
000094b0	&f`oB
0000957f	F f@E5
00009859	DybaE
00009abe	Ol>DNd
00009fe3	ABICL
0000a221	AHCd!
0000a547	FZ"PCd"
0000a66c	GFFFEF@F
0000ad23	a!j i
0000b097	q1F0F
0000b647	$M&P'3%O
0000b675	{JrZ{
0000b685	|JsZ|
0000b69f	uM"JuP"
0000b6af	v5"JvB"
0000b88e	(yiy@
0000b9a9	"!F(h
0000ba12	!F(h/
0000baea	GHGLHM
0000bd02	A`pGA
0000be0b	F!F  
0000c004	Lh#CLj"C
0000c378	~% x@(
0000c77f	F>zHM
0000cba5	!%)-148<@
0000cd95	qAF8F
0000cf13	r)F0F
0000cf1c	:F)F0F
0000cf4f	I'FfE
0000cfa1	r)F0F
0000cfaa	:F)F0F
0000d010	}#2!g
0000d13a	/O8F#
0000d172	$HBF"
0000d2b7	FYA"F
0000d3c5	rOI0F
0000d3ed	"GI0F
0000d443	r/IXF
0000d46b	"'IXF
0000d757	q r`r
0000d75d	c d`c
0000d786	"yQCd1
0000d818	lvgl_task
0000d828	User_task
0000d838	Time_task
0000d848	Power_task
0000d86a	7H@!7J
0000d907	hEbUh
0000dbbf	 `pU 
0000dd0a	`g#H"
0000ddcd	CBapG
0000e005	%Mpg%
0000e1a1	FAFPF
0000e25e	:F)F F
0000e269	")F F
0000e30b	%1hrh
0000e320	`FZF+F
0000e531	PayAE
0000ec96	/`(|@
0000eca7	D8c@E
0000ed05	9HCP!
0000f0f5	T,C#CLj
0000f101	h,CMiE
0000f52b	p(y qhy`q
0000f8c8	P pG\
0000fa9e	Mk,DLc
0000fcfb	"iF@F
0000fd11	!hF2i
0000fd83	 RFiF
00010015	KjF)F
00010175	"!FhF
000106f3	?aCoc
000107e0	2F;F@FIF
000107ef	F2F;F
00010845	"%K F1F
00010b01	 RF ,
00010bd7	 pG08
00010cbb	AJFQFXF
00010d39	GKFRFYFpF
00010dd1	TpGpG-
0001103a	SF!F8F
00011248	0123456789abcdef
0001125c	0123456789ABCDEF
000115a1	%JLJO
000115b1	F)F h*
00011618	!F(h*
0001163e	!F(h*
00011664	!F(h*
0001168a	!F(h*
00011715	F!FhF
00011728	ah"hA
00011738	1h8DD
000118bc	FF@F1
00011a95	I#h0h(
00011aa3	I#h8h(
00011b1b	F)F h)
00011bd8	!F(h)
00011bfe	!F(h)
00011c24	!F(h)
00011c4a	!F(h)
00011c7c	!F(h)
00011ca2	!F(h)
00011cc8	!F(h)
00011d41	"|I(h(
00012156	1hGCB
0001219a	KF2FP
000121e2	KF2FB
00012208	3F:F;
000122e0	V-%02d.%02dV
000122f0	I-%d.%03dA
000122fc	P-%03d.%01dW
0001230c	T-%ld:%02ld:%02ld
00012327	"!I#h
00012335	" I#h
0001257b	"jI8h(
0001258c	!F8h)
000125b4	!F8h)
000125bd	F!F8h)
00012633	"II h(
00012858	!F(h)
00012861	F!F(h)
000128ce	!F(h)
000128f4	!F(h)
000128fd	F!F(h)
000136d5	iah8F
000136df	F)F8Fbh&
0001370e	!F0Fbh
000137f8	!lIBac
00013807	kIBacA
00013817	j`jab
0001381d	b k"c
00013906	ac!j F
0001395a	!F8F&
000139a2	 `!F0F
000139ac	!F0F%`
00014981	@fx5D
0001498f	 %x*D
000149ed	F1F@F
00014ae3	 Bx"D
00014b47	D`` F
00014c0f	DBFIF F.
00014c8e	A``h@
00014ca8	A``h 
00014d30	hh)F@
00014d67	#!F(F6
00014dce	(C``0F
00014deb	%mOnNnL
00014fe0	al!d(
00015008	jF ! F)
00015081	"Gj1F F
0001508e	 h*F1F
000150b0	 h2F)FCi F
000151d8	)F h&
000151e6	)F h&
0001520c	)F h&
0001521a	)F h&
00015238	)F h&
00015246	)F h&
0001525e	)F h&
0001526c	)F h&
000152f4	)F h&
00015302	)F h&
00015318	)F h&
00015326	)F h&
000153ac	)F h&
000153ba	)F h&
000153d4	)F h&
000153e2	)F h&
0001548a	)F h&
00015498	)F h&
000154ae	)F h&
000154bc	)F h&
000154e8	%01d.%03d
000154f4	%02d.%02d
000155a2	)F h&
000155b0	)F h&
000155de	)F h&
000155ec	)F h&
00015644	)F h&
00015652	)F h&
00015670	)F h&
0001567e	)F h&
000156c6	)F h&
000156d4	)F h&
000156ea	)F h&
000156f8	)F h&
0001579a	)F h&
000157a8	)F h&
000157be	)F h&
000157cc	)F h&
000157fa	)F h&
00015808	)F h&
00015826	)F h&
00015834	)F h&
00015890	)F h&
0001589e	)F h&
000158be	)F h&
000158cc	)F h&
000158f7	%)F h&
00015906	)F h&
00015932	iF0h$
00015a14	)F h%
00015a22	)F h%
00015a3a	)F h%
00015a48	)F h%
00015ba2	)F h%
00015bb0	)F h%
00015bc6	)F h%
00015bd4	)F h%
00015c30	iF0h#
00015c5e	iF0h#
00015d5c	[FAFPF
00015eb0	RF/F(F
0001608c	LF(F%
000161c3	aLE@F
000162ec	RF/F(F
00016432	)F8F+
0001644e	)F8F+
00016489	FAFHF%
000164a5	FAFHF%
000164cd	FAFHF%
000164f5	FAFHF%
0001651d	FAFHF%
00016545	FAFHF%
000168d3	g]FXF
00016a74	vNXF1h
00016a84	!PXF9h
00016a94	1hECB
00016ade	CF2F]
00016b22	CF2FP
00016b48	3F*F 
00016be0	+F:F(
00016c58	V-%02d.%02dV
00016c68	I-%d.%03dA
00016c74	P-%03d.%01dW
00016c88	T-%ld:%02ld:%02ld
00016c9c	T-0:00:00
00016d14	XFYFO
00016e55	'8Fai
00016edc	2F'!'
00017047	a0j8D0b0F&
00017055	#:FQF0F&
0001740c	!F(h$
000176ee	iF0F$
00017767	")F F)
00017775	" ! F&
000179b8	iF F%
00017c83	H M!N
00017d47	O"FiF
00017d9b	",!8F
0001812d	"iF F&
00018263	F*F k&
00018271	F " k&
0001827b	"]I k"
000182c3	"LI`k"
000184bf	">I a"
000184f4	-"U!`a&
0001850f	",I`i"
000185f1	F*F`l&
00018609	"8I`l"
000186d5	"IF F"
00018713	"_IHF"
00018761	F1F@F"
00018793	"?I8F"
000187b4	1F8F"
000187e1	"/I(F"
0001881e	1F(F"
0001882b	"AF(F
00018839	")F8F
00018876	1F8F"
00018881	")F8F
000189a7	"d!`b%
00018add	"bI k"
00018b1d	"RI`k!
00018c70	%02d.%01dV/%dW
00018c8c	%ldh%02ldmin
00018ccb	F*F`m%
00018e91	O f9y
00018ed0	`f9y!
00018ee6	}!`n%
00018efb	"zI`n!
00018f25	"qIHF!
00018f35	"YFHF
00018f89	"OI@F!
00018fbf	">IHF!
00018fef	"2I@F!
00019027	"0I@F!
0001914b	#BF)F$
0001915f	#:F!F-
000191e5	F!h*h
000192d4	hhah@
000194ba	$``hih
000194d7	& h)h
0001959b	*QF F#
000195a5	FQF F#
000195ea	jFQF F#
00019642	IF F#
0001964a	IF F#
0001971f	 `c`k
00019730	(h!ijF
00019767	j*FiF F
0001976f	GjF;! F
0001997a	)"'!$
00019987	"!l n!
000199e7	"zI8F%
00019a41	"dI8F%
00019a9b	"MI8F%
00019ac8	)"'!`f$
00019ae1	":I`n!
00019b55	"al m!
00019c21	"jI@F$
00019c7b	"SI@F$
00019cd5	"=I8F$
00019f0b	"AF8F 
00019f15	"}I8F 
0001a05a	'! c$
0001a06f	",I k$
0001a2be	>"8F$
0001a364	U! c$
0001a401	"$!``$
0001a4e0	 "(F$
0001a4f5	"ZI(F 
0001a547	"EI(F 
0001a58d	"JI d 
0001a5c7	"5I0F 
0001a5d1	"#I0F 
0001a613	"1F`l 
0001a61d	"#I`l 
0001a690	Disconnect
0001a6c0	%05.2f
0001a6d7	F3FZ"
0001a7af	F3FZ"
0001a7bb	"iI@F 
0001a7e9	"`I@F 
0001a801	"[I@F 
0001a887	F3FZ"
0001a893	"3I@F 
0001a8c1	"*I0F 
0001a8cb	"(I0F 
0001a90b	"1F m 
0001a978	%06.2f
0001a988	%02d:%02d:%02d
0001aa9b	F2F`o#
0001ad35	"VI8F
0001adcb	"0IPF
0001aea3	@%.2fV
0001aebc	%.1fA
0001af31	"oI8F
0001afbb	"$!0`#
0001afd1	"HI0h
0001b05a	(Hix0
0001b113	F"F)F#
0001b11d	"xI0F
0001b187	F\"`!#
0001b19d	"XI F
0001b1db	F:FS!#
0001b1f1	"EI(F
0001b209	F:FS!#
0001b21f	"=I(F
0001b237	F:FS!#
0001b24d	"6I(F
0001b265	F:FZ!#
0001b27b	"*I(F
0001b2a3	"!F(F
0001b2ad	"%I(F
0001b30c	V-20.00V
0001b31c	I-5.000A
0001b32c	P-100.0W
0001b338	T-0:00:00
0001b463	F"F8i#
0001b471	F "8i#
0001b47b	"KI8i
0001b4c3	":Ixi
0001b5bf	@%.2fV
0001b5fd	F*F j#
0001b60b	F " j#
0001b615	"3I j
0001b65d	""I`j
0001b6f2	$@%.1fA
0001b736	IF F!
0001b778	IF F 
0001b781	FIF F!
0001b78c	IF F!
0001b7d8	IF F!
0001b866	!F(F!
0001b876	!F(F!
0001b87e	!F(F!
0001b88c	!F(F!
0001ba39	F*F`j"
0001ba51	""I`j
0001bae8	debug
0001bd09	"II(F
0001bd33	">I F
0001bd95	"&I F
0001be23	"!F0F
0001be3c	%01d.%03d
0001bfa0	I-SET
0001bfac	%01d.%03d A
0001bfbc	SET : 
0001c255	!h" F 
0001c261	!i" F 
0001c302	ad!l[
0001c472	3h2F)F
0001c48c	+h*F1F
0001c712	@1 F 
0001c71a	3FBF8
0001c754	:FiFHF
0001c772	3FBF8
0001c794	"FiFHF
0001c8d5	F*F`m!
0001c98d	"mI(F
0001ca6d	"<I(F
0001caa9	"-I(F
0001cc61	F!F0F
0001cd2a	*F1F8F
0001ceb6	!FhF"
0001cec2	1FhF"
0001cf3d	\HC?0
0001d028	:F)F:
0001d03e	2F!FH
0001d318	!#)F F
0001d32a	 #)F F
0001d334	 F #)F
0001d343	#)F"l
0001d362	 F #)F
0001d788	 Fn"QF
0001d8cf	)'FX"IF F
0001d8dd	FIF8F!
0001dbec	jF1F F
0001dcb5	F9F F
0001dcbf	F9F F
0001dcc9	F9F F
0001e11e	>D=Dv
0001e1ff	F2F`l 
0001e209	"dI`l
0001e2d1	F2F i 
0001e2e5	"-I i
0001e3b3	"V! f 
0001e3f3	"&!`f 
0001e4bb	IOFIFXF
0001e566	D".! g 
0001e5a1	"&!`g 
0001e6e1	6d!0` 
0001e6fb	",I0h
0001e7bc	 MEMORY
0001e87b	"F!p`
0001e895	"1Iph
0001e979	F*F`l
0001e987	F "`l
0001e991	"(I`l
0001ea3c	%d %s
0001ea53	"-!`d
0001ea67	";I`l
0001ea79	"9I`l
0001eb70	%03d.%02d
0001ecad	"#I0F
0001ed44	POWER OFF
0001ed58	MP305B
0001ed77	F*F`n
0001eef3	"hI8F
0001ef17	"oIHF
0001ef30	 g)x2"
0001ef57	"_I o
0001ef7b	"VI@F
0001f023	"9F`o
0001f0a4	POWER ON
0001f0ec	MP305B
0001f2f6	hh&I 
0001f329	F)F m
0001f36c	%02d.%02d
0001f378	%01d.%03d
0001f501	F*F`i
0001f519	"jI`i
0001f555	"[I(F
0001f617	"*I(F
0001f664	t"|! b
0001f7db	")F0F
0001f81d	")F0F
0001f85f	")F0F
0001f965	"mI m
0001f986	>"|!`e
0001f991	"iI`m
0001fa6f	"*IPF
0001fa79	")IPF
0001fd55	"~I o
0001fd8b	"sI(F
0001fdb9	"xI`o
0001fdc3	"vI`o
0001fed1	"2I(h
0001ff68	POWER
0001ff74	%03d.%02d
0001ff84	ENERGY
0001ff8c	%03d.%01d
000201d7	@%.1fV/0.1%s
00020205	F*F j
0002020f	";I j
00020323	F*F`o
0002033b	"iI`o
000203fa	-"U!(`
00020415	"8I(h
00020458	-"U!h`
0002046f	"!Ihh
000206f1	"QF h
0002073d	"tI0F
00020773	"fI0F
000207af	"io`h
000207b9	"VI`h
000208bd	"$I a
00020932	.@%.1f
00020979	"jI`i
00020a5f	F)"T!
00020a75	"1I(F
00020ac1	")F F
00020b44	1A CAL
00020b67	F"Fhj
00020d11	"VI(k
00020d3b	"LI F
00020d5b	"X!hc
00020d71	">Ihk
00020d9b	"4I F
00020e4c	%02d.%02d
00020e5c	%01d.%03d
00020ea3	F*F k
00020f75	F:F`k
00020f8f	FJF`k
00020fa9	Fd"]!
00020fbd	J9F(F
00020fc7	JIF(F
00021099	"~I0F
000210b3	"s!0F
000210db	"yI l
00021121	"\I`l
00021225	"0I8F
000212ba	$@%d.%02d
000212c8	%01d.%03d A
000213a1	"M! e
000213ab	"R! m
00021465	"M!`e
0002146f	"R!`m
000215a7	"kI0F
000215d3	"YI0F
000215dd	"XI0F
00021701	"W! f
00021730	%02d.%02d V
0002174c	%03d.%02d
00021760	%03ld:%02ld:%02ld
00021789	" ! n
000217dc	%03d.%01d
000218d4	30 %s
00021902	iF(F,
000219b7	"*I i
000219cf	"%I`i
00021cfd	iJF(D@
00021e84	!oxCI
00022432	$`!F7
0002252f	"d! `
000226b7	"pIHF
00022737	"PIHF
000227b7	"0IHF
00022894	30min
000228a0	0.5V/0.1s
00022c1f	"'IPF
00022cd8	Web Link
00022dcc	%d.%d/%d.%d/%d.%d/%d.%d
00022e01	F*F`k
00022e0f	F "`k
00022e19	".I`k
00022edc	%d %s
00023043	"1F o
0002304d	"bI o
00023093	"YI(F
000230d9	"HI(F
0002311f	"6I(F
00023165	"%I(F
000231e0	E-Marker
00023200	Thunderbolt
0002320e	 5 Cable
00023218	Undefined (0x0000)
0002322c	50V 5A
00023233	240W EPR
0002323c	~1m <10ns
00023248	USB4 Gen4
00023252	(80Gbps)
00023311	"d! f
00023327	"yI n
00023395	"[I(F
000233c9	"NI`n
0002359c	+"e! a
000235ab	"AF i
000235fe	+"e!`a
00023608	H"AF`i
000236fc	+"e! b
00023707	"AF j
0002378d	"kI8F
000237cd	"$!`b
000237e7	"TI`j
00023811	G9FHF
0002394c	%02d.%02d    V
0002395c	%01d.%03d    A
0002396c	%03d.%01d   W
0002397c	%03d.%01d Wh
0002398c	%02ld:%02ld:%02ld
000239a4	SRC Test
00023d17	"/I8F
00023d21	"%I8F
00023dbc	05.00V / 3.00A
00023ddc	20.00V / 5.00A
000240df	"LIHF
00024218	5.0V-11.0V / 3.00A
0002422c	09.0-15.0V / 3.00A
0002423f	15.0-20.0V / 3.00A
000242e5	"OI8F
000242ef	"MI8F
00024306	'"F! e
00024311	"f! m
0002431b	"HI m
00024350	'"F!`e
00024365	"6I`m
0002442c	15.0-28.0V / 140W
0002446f	F*F h
00024537	"d!``
00024647	"wI0F
0002467b	"hI`j
000246a5	"`I0F
00024703	"HI(F
00024761	"1I(F
0002484c	Self-test ...  %d/%d
000248a6	@"1F@F
000248c1	B1F@F
00024919	B1F@F
000249a5	"|! e
000249b9	"wI m
000249c3	"yI m
00024a31	"|!`e
00024a45	"TI`m
00024a4f	"VI`m
00024ab3	"HI(F
00024bb8	%03ld:%02ld:%02ld
00024bcc	%03d.%01d
00024be0	ENERGY
00024c76	u"M!`e
00024cc9	")F`m
00024db9	F)F n
00024edf	"KI`o
00025043	"GFAFhh
000250c6	u"M!(a
000250dd	"5I(i
000250f7	"9F(i
000251db	F*F n
000251f3	"\I n
00025231	"NI`n
0002530c	-"U! g
00025405	" I m
00025493	@%.1fV@5A
000254b9	"II(F
000254e3	">I F
00025543	"&I F
000255d1	"!F0F
000255ec	%02d.%02d
00025750	V-SET
0002575c	%02d.%02d V
0002576c	SET : 
000257e7	F*F`j
000257f5	F "`j
000257ff	"2I`j
00025943	"8I l
00025991	"(I`l
00025a59	F*F o
00025a71	"iI o
00025ab5	"XI(F
00025b09	"CI(F
00025b19	"d!`g
00025b2f	">I`o
00025c20	Web Link
00025c73	i9F0F
00025c79	G)F@F
00025cb9	i9F0F
00025ccb	`0Fah
00025df9	#2F(I(F
00025e57	FZF1F(F
00025f7f	"!F(F
00025fa5	"!F(F
000261e0	H"MIhF
000266a1	`(FAF
00026725	G `(FIF
00026803	F9F F
0002680d	F9F F
00026837	F1F F
00026841	F1F F
0002693b	FSF:F0F!
00026962	(h8D(`
00026a0f	"0! F
00026a68	!F(FZF
00026b6c	Start_Task
00026b9a	#F*F1F8F
000270d1	F"i1F(F
000270fb	F1F@F
00027189	D `(F
000271d1	D``(F
000274ca	c{"hI
00027534	@9IFPF
0002753f	FIFPF
0002755c	2h DBD
00027580	i`qh9D
00027738	jF2!0i
00027927	hXh8B
000279dc	2D!D*`
000279fc	1D Di`
00027ae9	F4D5D
00027b73	`iF0F
00027b99	'9F F
00027ba3	F9F F
00027c16	3F9C"F(F
00027da6	jFAF F
00027dfd	@jF9F(F
00027e4b	@jF9F
00028025	F1F F
0002802f	F1F F
0002804d	F9F F
00028057	F9F F
000280db	"0! F
0002813f	F!F0h
00028c6d	pHp`UUDp
00029067	"9FXF
00029092	+h"FAF(F
000291e4	phBB0hAB
0002923c	:FIFXF
00029902	`mhgp
00029a2e	$ 1mg
00029cd4	AB5M*m
00029d7f	!0F*m
00029e94	$ )mA
00029f81	h)dahid
00029fa0	!`Ahbh
00029ff2	 h(c`hhc
0002a037	N(Fue
0002a099	e`f F
0002a391	! F*h
0002a3d9	npe`z
0002a4e4	;F2F)F
0002a527	e)FhF
0002a5bf	HAepG 
0002a7d6	3F9F:F
0002a7eb	#2F(FI
0002a7fd	#9F(FR
0002a807	#2F(F)j
0002a857	#2F(Fii
0002a869	#2F(F
0002a8a3	g9F(F
0002a93f	F `!!0F
0002a9f3	F F)FQ"
0002ac44	aiPDADE
0002afaa	`i(D`a
0002afbb	a j0D b F
0002afca	2F)F F
0002aff2	pG@hI
0002b006	pG@hIx@
0002b0f9	F<"1F
0002b103	F FB"1F
0002b10f	D1F F
0002b119	(1F F
0002b12d	D1F F
0002b137	(1F F
0002b14b	D F8"1F
0002b157	F F;"1F
0002b35b	p&\^p#\
0002b720	:F!F(F
0002bb17	p&\^p#\
0002be99	FAFHF
0002becf	"iFHF
0002bf1e	BF!FhF
0002bf4f	F!}+F h
0002c0c1	@jF!F
0002c28a	`i`h 
0002c2c5	a!M(h 
0002c320	`i`h 
0002c67f	j@BHCO
0002c7c8	!l Fad
0002c806	 d`d F
0002c854	3I4N0h
0002c96b	  p`p
0002ca0b	 `bd 
0002ca4c	3F:FAF
0002cac5	jpG@jpG
0002cadd	apGIBAcpGAapG
0002caf7	ppGA`pG
0002cb07	cpGAdpG
0002cb1b	apGAbO
0002cdcf	8AF(F
0002cdd9	FAF(F
0002cde3	FAF(F
0002cded	FAF(F
0002ce2e	jFAF(F
0002d10a	!mACO
0002d1bc	`e)F F
0002d1cb	" ! F
0002d3de	@9IF F
0002d3e9	FIF F
0002d3f3	FIF F
0002d3fd	FIF F
0002d803	'-/EM]
0002d80a	egu{}
0002d96f	 "D8D
0002d995	`JhB`
0002d9a7	`JhB`
0002d9b9	`JhB`
0002d9cb	`JhB`
0002d9dd	`JhB`
0002d9ef	`JhB`
0002da01	`JhB`
0002da13	`JhB`
0002da25	`JhB`
0002da4b	")F F
0002da5d	hah#h
0002db59	`MhTh
0002dbba	2FiF(F
0002dbd0	2FiF(F
0002dbe6	2FiF(F
0002dbfc	2FiF(F
0002dc68	2FiF(F
0002dc7c	2FiF(F
0002dc90	2FiF(F
0002dca4	2FiF(F
0002dd10	hh1F D
0002ddaf	`LhSh
0002de0b	`pGBh
0002dee9	` ``h
0002df06	pG@hpGp
0002df6b	h1hIE
0002e089	c`d d
0002e145	!@F,`
0002e329	`8F5`
0002e365	  d(F
0002e41d	"YFXH
0002e4a7	h[F!k(F
0002e5d9	  p h !A
0002e5ef	 `p h
0002e858	2F!F(F
0002e8b5	  c`c
0002e98b	F F!l
0002e9d1	F d F
0002ea6e	!l`k0
0002ebc6	'dfk"l
0002ec7f	F l!k
0002ee32	2F!F(F
0002ee71	!'" F
0002ee8b	F9F F
0002ee95	F9F F
0002eea9	F'F F
0002eeb5	FAF8F
0002eebf	FAF8F
0002f044	 F)F%d
0002f070	 h:F1F
0002f0ba	:F1F F
0002f10d	Xih F
0002f151	!A`pG
0002f259	F2Kx%
0002f334	40pG-
0002f359	&@"1F
0002f36a	VF)F0F
0002f377	")F0F
0002f4b5	s%u F
0002f534	'`!F@F
0002f585	 `d`e
0002f593	e e f
0002f719	" !gf
0002f795	  `X`
0002f89f	D `(F
0002f8f9	D``(F
0002f90a	@npG,0
0002f981	F(F"a
0002f9bc	 ie`@
0002fa1e	2F!F(F
0002facc	Check box
0002fb94	 Fh"O
0002fba2	 Fi"O
0002fbda	`i0DB
0002fd3b	F1F F
0002fd45	F1F F
0002fd4f	F1F F
0002fd59	F1F F
0002fd93	F1F F
000300c7	pBxJp
00030154	`sah0F
00030178	%`f`a{(Fa
00030343	 pG  pG
00030505	  s`s
000305fe	CFJFYF F
00030668	CFJFYF F
0003075d	`EF"F
00030819	#:F F
00030891	H@ipG
000308cb	hpG@hpG
00030afb	"iF F
00030b9a	#p*FQF
00030baf	$"FAFHF
00030cd7	 (q)F0F
00030d0b	w@ `a8
00030e4f	0(DZ6
000310fd	"1F8F
0003134c	"FAFPF
000313ab	F*FYFPF
000313ce	ep0 `
000313d9	  p)F0F
00031461	F!i(i
0003148e	iF"i(F
00031761	F+F2FAF8F
0003191d	h1F F
000319b1	 (u"F
00031af7	Fl"!F
00031b25	 (q8F
00031da3	a)F0F
00031de1	p a`a
00031e16	T  `8
00031f3c	!mH`7
000322ef	F!}8F
000322ff	#)F8F
00032455	 (q)F0F
0003248c	@ `a8
000324ce	ioyCO
00032538	;F2FYF
00032586	ioyCO
000325f4	;F2FYF
0003266a	#F2FYF
000326a8	#F2FYF
00032946	!F@FD
00032a0d	l5a0h
00032b85	"!F(F
00032bb7	b`n(c
00032bc1	 0q1F
00032c3f	"!F(F
00032c77	 0q1F
00032d05	"!F(F
00032d10	T ha 
00032d20	`k(b k
00032d75	"!F(F
00032dc9	 0q1F
00032e12	(u`l(a
00032e77	"!F(F
00033479	hBBhhAB
0003355d	hBBhhAB
00033575	hBBhhAB
000336d0	1]@Fa
0003382a	9]HFa
00033dfc	"~BTB
00033e18	*FAF8F
00034198	1F8F#j
0003443a	CFQF-
0003453e	CFQF-
000345de	CFQF-
000346dc	CFQF-
000347e0	;FQF-
00034908	;FQF-
00034a12	"FAFPF
00034a20	;FQF-
00034b04	"FAFPF
00034b12	;FQF-
00034b82	#FQF-
00034c33	FHFAF
00034ff8	*FiF0F
000352d0	SF:FAFHF
000353b0	+F2F9FHF
000353ed	F(F5F
000353f3	F2FAF
00035451	b$M%`cb#q
00035521	a.w<H(`
00035603	a!F(b
0003563e	}h0j,
00035658	`hBB hAB
00035682	`hBB hAB
000356ac	`hBB hAB
000356d6	`hBB hAB
000358bc	! jl2
00035eb2	+FQFN
00036038	Option 1
00036041	Option 2
0003604a	Option 3
000360fc	al F!d
00036331	"#! F
00036889	`pGIg
00036a4b	F&`(}@
00036a62	RF!F(F
00036a8e	CF5hRF!F0F
00036c41	F`h@hP
00036c5f	  ```
00036d02	l``h@
00036d1a	(``hh
00036d7c	#`Bhr
00036d90	EhjhZ
00036db7	Foi3F(F
00036e43	FZFYE
00036e63	FGiBF
00036e7b	DQ`QF
00036ee0	[FGiBF
00037024	&ygzNC6
00037157	!AapG
0003717d	hF`0F
000374cd	uCFJFQF
000374dd	uCFJFQF
000374ed	uCFJFQF
000374fd	uCFJFQF
0003760c	IMAGE
0003774f	F2F(F
00037763	FL!hF
0003780b	igd `
00037826	1ha`1y!r
00037830	e`%rBh!F
00037909	`pGA`pG
00037947	FAFjH
00037ad7	"hF)h
00037aed	`!lA`J
00037b06	(`!l`m
00037b58	IMAGE_HEADER
00037b91	&5F m
00037e66	3F:FAF
00037f8d	D eam
00038259	H@mpG
0003829f	`@kH`pG
00038301	lH`pG
00038331	'nF0F
00038476	^F_FMF
00038593	D e`m
000385bc	%p@!HF
00038614	RFYFHF
00038671	"iF F
0003867c	RFYFHF
0003874d	"ABHF
0003878b	 pGAn
0003886f	"iF F
000388c2	,F FO
000388f5	b?  g
000389ce	jF2! F
000389f9	"hF<1
00038a37	"5! F
00038b77	"$! F
00038b9d	"#! F
00038c70	Enter
00038ec3	VKFRF
00038ef3	`Ah"m
00039057	L)FHF"h
00039061	F"h1F8F
00039093	!*F F
000391ed	lpG@lpG-
00039239	F:F)F
00039474	JFQF( 
000395f8	JFQF( 
000397dd	G-J(D
000398e7	D1T F
00039b79	F2F h
00039bb1	F2F h
00039be9	F2F h
00039c17	F2F h
00039c41	F2F h
00039e69	FkO%kI
0003a145	h@XpG
0003a17c	)F Fbh
0003a1d5	Y0F9F
0003a1de	:F)F0F
0003a1e8	*F!F0F
0003a1f2	"F)F0F
0003a236	e`(Fp
0003a276	2F)F8F
0003a280	*F1F8F
0003a28a	2F!F8F
0003a294	"F1F8F
0003a2fd	F)F F
0003a306	*F1F F
0003a431	pLx\p
0003a441	qLy\q
0003a451	rLz\r
0003a461	sL{\s
0003a471	tL|\t
0003a481	uL}\u
0003a491	vL~\v
0003a4ad	w 1 : 3 *
0003a719	d%eee!F4H
0003a72e	2O0F9F
0003a74b	HAF0F
0003a75c	%H1F$0&c
0003a770	@B9F0F
0003a7de	ec#F&d
0003a9d1	" ! F
0003aa5d	h+F2F9F
0003aa86	xj Cxb
0003ab3d	"1F F
0003ab5e	2F9F F
0003abfb	P1F F
0003ac18	*F1F F
0003ac8a	#4>BRdf
0003afc9	")F0F
0003b017	"iF F
0003b07b	F1F8F
0003b0b7	F1F8F
0003b0df	F8F1Fh"
0003b0eb	F8F1Fi"
0003b116	0F)F'"
0003b270	"F(!(F
0003b2cd	"'! F
0003b3cd	"'! F
0003b568	BFIFhF
0003b572	RFiFhh
0003b642	iF8Fe
0003bdc4	`JTF0F
0003bf1b	i@BpG
0003bf27	i@BpG
0003bf33	i@BpG-
0003c045	79F(F
0003c073	F9F(F
0003c0ba	(F9F2"
0003c0e7	ip`(j
0003c1a9	Dp`)j
0003c2f4	``hi `
0003c613	F!F(F
0003c999	F)F0F
0003c9a3	F)F0F
0003c9c7	F1F8F
0003c9d1	F1F8F
0003c9f7	F)F0F
0003ca01	F)F0F
0003ca25	F1F8F
0003ca2f	F1F8F
0003ca55	F)F0F
0003ca5f	F)F0F
0003ca83	F1F8F
0003ca8d	F1F8F
0003cab3	F)F0F
0003cabd	F)F0F
0003cae1	F1F8F
0003caeb	F1F8F
0003cb15	F!F(F
0003cd8f	 pG@j
0003cdc1	")FhF
0003ce14	(F!FS"
0003ce4a	R"!F(F
0003ce55	F!F(F
0003ce6b	w(F!FT"
0003ce77	c(F!FQ"
0003cef7	a0F)FF"
0003cf03	wE")F0F
0003cf0f	F)F0F
0003cf96	0F)F["
0003cfa1	c0F)F\"
0003cfad	c0F)F]"
0003cfe2	 b0F)F^"
0003d032	0F)FH"
0003d042	L")F0F
0003d04d	F)F0F
0003d066	0F)FI"
0003d074	0F)FJ"
0003d07f	c0F)FK"
0003d12e	0F)F&"
0003d14e	0F)F "
0003d17f	p#")F0F
0003d18b	F)F0F
0003d1a3	q0F)F!"
0003d1ae	 q0F)F""
0003d1ba	`r0F)F$"
0003d1c7	p0F)F%"
0003d1dc	0F)F0"
0003d1ea	0F)F2"
0003d1fe	0F)F4"
0003d21f	F)F0F
0003d264	`e9")F0F
0003d271	F)F0F
0003d292	0F)F("
0003d2a0	0F)F)"
0003d2be	*")F0F
0003d2c9	F)F0F
0003d2e2	0F)F+"
0003d2f0	0F)F,"
0003d334	 f)F0F
0003d33e	`f)F0F
0003d349	f=")F0F
0003d355	F)F0F
0003d3bc	`c)F0F
0003d567	i:F8D
0003d575	a jAF8D b F
0003d61e	`i2F8D`a
0003d627	i9F0D
0003d635	a j0D b F
0003d644	"F'!(F
0003d773	F!F+F
0003d787	"!F0F
0003db97	D:F1F
0003dcc5	FCF9F(F
0003dda3	FKFAF(F
0003de13	ajF.! F
0003de1e	"F'!0F
0003df4f	"/!@F
0003e0d2	2F)F F
0003e175	"1F(F
0003e1fe	:F1F(F
0003e290	*F!F8F
0003e475	a!F(F
0003e4a4	*F1F F
0003e4c2	+FjF!F
0003e4f2	3FjF!F8F
0003e603	"1F F
0003e60d	")F F
0003e66d	"!F(F
0003e6ca	2F)F8F
0003e6d4	*F!F@F
0003e77f	P(Ft`
0003e788	2F'!(F
0003e793	")!(F
0003e79c	2F'! F
0003e7a7	"(! F
0003e9fc	"F)F0F
0003ea06	"F)F0F
0003ea10	"F)F0F
0003ea52	"F)F0F
0003ea78	*F1F F
0003eafb	"!F(F
0003eb27	"!F(F
0003eb53	"!F(F
0003eb7e	(F1Fb"
0003ebc9	F2z8F
0003ebd8	2zQF8F
0003ebfe	2zQF8F
0003ec20	2z8Fqh
0003ec89	H0z(qhF
0003edb6	jFj!PF
0003edc2	jFk!PF
0003ee1c	jF0!PF
0003ee2e	jFh!PF
0003ee3a	jFi!PF
0003ee46	jFn!PF
0003ee52	jFl!PF
0003ee5e	jFm!PF
0003ee6a	jF:!PF
0003ee76	jF;!PF
0003ee82	jF8!PF
0003ee8e	jF<!PF
0003ee9a	jF>!PF
0003eea6	jF@!PF
0003eec2	jFB!PF
0003eece	jFH!PF
0003ef2a	;FJFQF
0003ef38	3FJFQF@F
0003ef4e	3FJFQF@F
0003f0e6	001hY
0003f0f4	uhKh[
0003f19a	uhKh@
0003f40e	jh!i0F
0003f4ae	zh5F1i i
0003f4cc	zh)iPF
0003f4dd	`!F8F
0003f53b	h0`&h
0003f545	sfhF`fh
0003f55d	F {"h
0003f5bf	F*F9F
0003f5e7	D `ah
0003f794	Option 1
0003f79d	Option 2
0003f7a6	Option 3
0003f7af	Option 4
0003f7b8	Option 5
0003f8d8	 k`c|
0003f8e7	! c F
0003fa73	j(DHCO
0003fcf5	`pGB`pG
0003ff81	"_!8F
0003ff8d	"_!(F
0003fff6	6>GQe{
0004004d	"*!(F
00040289	"hF)h
000402b1	"hF)h
000403d4	@79FHF
000403df	F9FHF
000403e9	F9FHF
000403f3	F9FHF
000403fd	F9FHF
00040407	F9FHF
00040691	lj\.*
00040710	@opGp
00040c7e	!` z@
00040f75	@9Ca`
000410ed	F1F@F
000410f7	F1F@F
00041101	F1F@F
00041155	5)F@F
000411ee	*F!FhF
00041278	F``kP
00041395	" ! F
000413c7	h!l`l
000413d9	  d`d F
00041594	ACJF(F
000415b0	aCJF(F
000416d7	F)F@F
00041744	 hjh8D
000417d8	 D;FZFQF
00041877	F,F/FO
0004187f	8iFHF
00041964	 ,.;:-_)]}
000419ef	FEF `p]
00041a11	D```h(
00041aa1	J,DAF
00041abc	0D*F9F
00041b23	 pG ("
00041b94	+F:Fa
00041c70	rhiF8F
00041c94	rhiF(F
00041d52	 h1h8D
00041d70	rhiF8F
00041df3	F!l F%F9
00041ea1	" ! F
00041edb	 *N+O
00041ee4	2hiF(F
00042013	b c F
000421a9	" ! F
000423ad	FjF!F
00042500	2hiF(F
00042556	!F`cH
00042771	F:F F
00042816	CF2F9F(F
00042875	0&` a`i 
00042887	````i
00042979	!!u {
000429fd	F9FHF
00042a23	id"QC
00042a44	 b&a%u
00042b2d	!A` Fp
00042bd5	F!F(F
00042bf2	D`pGp
00042c0f	F"F(F
00042ca5	F:F!F(F
00042d97	W9FPFJF
0004311d	hSF"F(F
000432d1	F"F(F
000433a7	P`pd 
00043547	F!F8F
00043554	"F1F8F
0004358c	0`)`p
000437c4	%d %s
00043a5f	FyHDF
00043b7d	r=Hes
00043cf7	A]H\M^J
00043cff	h\H)h
00043d07	h\J]L
00043e3d	"%I(h
00044121	hBPpG
000441e7	"&! F
000444b0	kL hh
0004486f	F)H*M
00044a1f	F{Lh|{OL
00044bb7	tNFHF
00044c8c	%01d.%03d
00044cdc	%03d.%02d
00044d03	vYM"hO
00044f08	%02d.%02d
00044f1d	F&H&M
00044fc8	%01d.%03d A
00044ffb	H3F:F
00045009	H3F:F
0004502c	%03d.%01d
00045094	%01d.%03d
0004510d	H3F:F
0004511b	H3F:F
00045144	%03d.%02d
00045176	nM"hO
000453ac	%03ld:%02ld:%02ld
0004542f	HCFJF
00045458	%02d.%02d
00045468	%02d.%02d V
0004547d	F'H'MO
0004552c	%01d.%03d A
00045670	%03d.%01d Wh
000456d8	%01d.%03d    A
000456e8	%01d.%03d A
00045758	%03d.%01d   W
00045768	%03d.%01d W
000457cc	%02ld:%02ld:%02ld
00045838	%02d.%02d    V
00045848	%02d.%02d V
00045df4	%02d.%01dV/%dW
00045e7c	%ldh%02ldmin
00045f1f	_sIvH
00045f36	tNtMuL
00046123	A'O(L(M
0004644c	%d.%01d
0004646c	%02d.%01d
0004647c	%02d.%02d
0004648c	%03d.%02d
000464a0	%02d:%02d:%02d
0004655b	"!F(h
0004667b	A%L'M'O
000466b7	F)x8h
000467cc	%d.%02dV
000467e2	$N$O1x8h
00046811	F1x8h
000469e0	3F:F0
000469ea	2H3F:F-
00046a52	3F:F 
00046a89	`iF8h
00046aa8	%01d.%03d A
00046ac4	%d.%02d
00046ad8	SET : %01d.%03d A
00046b82	;F2F!
00046bf8	%s  %dS
00046c04	%d  mAh
00046c0c	%d.%02d  Wh
00046c18	%02d:%02d:%02d
00046c31	F2M4H
00046d29	I#F*x1
00046d6c	%d %s
0004704c	%.1fV/0.1%s
00047080	BLCHCN!~
00047274	30 %s
000472a9	I"x+F
00047300	%d %s
00047514	KFBFl
0004757e	KFBFX
000475e2	KFBFE
000476b8	SRC Test - %dW
000476cc	%02d.%02dV / %d.%02dA
000476e4	%d.%d-%d.%dV / %d.%02dA
000476fc	09.0-15.0V / %d.%02dA
00047712	15.0-20.0V / %d.%02dA
00047728	%d.%d-%d.%dV / %dW
00047a08	Thunderbolt
00047a16	 %d Cable
00047a24	Undefined (0x%04x)
00047a3c	%dV %dA
00047a44	%dW EPR
00047a4c	Passive Cable
00047a5c	Active Cable
00047a6c	%dV %dA %dW EPR
00047a7c	%dV %dA
00047a84	%dW No-EPR
00047a90	%dV %dA %dW No-EPR
00047aac	USB2.0 only
00047ab8	(480Mbps)
00047ac4	USB3.2 Gen1
00047ad0	(5Gbps)
00047ad8	USB3.2/USB4 Gen2
00047ae9	(10Gbps/20Gbps)
00047afc	USB4 Gen3
00047b06	(40Gbps)
00047b10	USB4 Gen4
00047b1a	(80Gbps)
00047b24	USB2.0 only (480Mbps)
00047b3c	USB3.2 Gen1 (5Gbps)
00047b50	USB4 Gen3 (40Gbps)
00047b64	USB4 Gen4 (80Gbps)
00047c1d	FEHELO
00047c95	%@y+J
00047cbf	F)F0h
00047cdd	F)F0h
00047dc0	 zhp0x
00047ddc	%d.%d/%d.%d/%d.%d/%d.%d
00047e5c	Self-test Err %d
00047e70	Self-test ...  %d/%d
00047e88	Self-test All OK %d/%d
000481ae	#M!H#N-
0004824b	@%.1fV@5A
00048299	H+F2F
000482e9	`iF8h
00048308	%02d.%02d V
0004831c	SET : %02d.%02d V
00048402	JkBcJlBd
00048411	apGBk
0004841a	JkBcJlBd
000484e9	F!F(h
00048501	F!F(h
00048519	F!F(h
00048537	F!F(h
0004873b	D(`!h
000487c9	i``(j
000487dd	`hi `
000487e8	@61F(F
000487f3	F1F(F
000487fd	F1F(F
00048807	F1F(F
00048811	F1F(F
0004881b	F1F(F
00048882	!l0DAC
000488b9	~(Nd(
000488e5	~HCd!
00048a64	(null)
00048ac2	;F2FiFHF
00048b1e	;F2F!FHF
00048c7b	q2H:h
00048c93	"`48h
0004919b	F1F(h
000491df	F1F(h
00049861	I"hHh
0004987b	` hAa
0004988f	BE`!h
000498cd	` h4O
00049adb	`S`pG
00049bb1	aJFQF8F
00049c88	*F1F F
00049d79	"iF0h
00049e73	 0`(F
00049fa6	ahhh@
0004a0cf	s&s!F8F
0004a125	s&s!F8F
0004a151	s"F$h
0004a169	s%sHh!F
0004a241	`pGJh
0004a2b7	B@j `0i
0004a389	FBFIF0i
0004a3a3	h9h[j#`
0004a3ff	h9h[j#`
0004a48e	JBABhF
0004a4e9	b8F1F
0004a50b	F)F8F
0004a51b	b1F8F
0004a59b	F/F8F
0004a62d	+ FYF&f
0004a639	FYF F
0004a717	A#M(i
0004a7e0	*F!F+
0004a8b3	! Fo"
0004ab79	F*FhF
0004abe7	F1F(F
0004abf1	F1F(F
0004abfb	F1F(F
0004ac0f	F1F(F
0004ac23	F1F(F
0004ac41	#!F(F
0004ad07	F<! i
0004ade7	"/!0F
0004ae5a	"k!Fbc
0004ae97	%iF8F
0004af6b	")F F
0004b2f5	CCCd!
0004b3a9	jaj l
0004bcf0	:F)F F
0004bf9e	kTYD@
0004c41e	JF!F(F
0004c454	[xSpc\
0004cd16	2F!F(F
0004cefd	(QMQIRN
0004d054	%02d.%02d
0004d060	%01d.%03d
0004d074	(I)J)L
0004d1ad	!(F#l
0004d21e	RF)F F
0004d2d1	Ha|@n
0004d324	]FYF F
0004d3ad	!0F#l
0004d42e	JF1F F
0004dad3	D `9F0F
0004daf6	 `9F0F
0004dbc1	FYF F
0004dd8f	uKF@F
0004ddc6	jFP!(F
0004dddc	 bjFR!(F
0004de01	wjFS!(F
0004de70	jFX!(F
0004de98	jFY!(F
0004deb4	jF[!(F
0004decb	cjFZ!(F
0004df3e	jFH!(F
0004df54	 cjFL!(F
0004df7c	jFM!(F
0004dfc5	p1F8F
0004dfce	 t1F8F
0004e00f	3QFbh
0004e01b	#IF(F
0004e225	"*!(F
0004e22f	"+!0F
0004e24f	"-!(F
0004e2c3	i`hAD
0004e311	F}B0F
0004e338	ah)D@
0004e425	D)I0F
0004e4b6	*F!F0F
0004e5d7	61F(F
0004e604	(F1F2"
0004e61a	(F1F0"
0004e62a	(F1F1"
0004e648	Hp(F1F>"
0004e65e	(F1F<"
0004e66e	(FB"1F
0004e679	f(F="1F
0004e69a	lp1F(F
0004e739	F(Frm
0004e758	:F!Fpm
0004ee2c	2F)F F
0004f290	H"bIhF
0004f2af	F1F(h
0004f2e1	F1F(h
0004f476	+L-"U! h
0004f67f	F`HaI
0004f6b3	F1F(h
0004f6e5	F1F(h
0004fa51	F)F F
00050075	F)F h
000500cb	F)F h
0005054d	'hMhL
000508fd	xAF0F
000509ab	"BCP2
000509bd	!HCP0
000509ef	"BCP2
00050a01	!HCP0
00050a4b	"BCP2
00050a59	!HCP0
00050ae7	"BCP2
00050af9	!HCP0
00050b2b	"BCP2
00050b3d	!HCP0
00050b6f	"BCP2
00050b81	!HCP0
00050c89	"BCP2
00050c9b	!HCP0
00050d69	jHCP0
00050d93	jHCP0
00050dcd	"BCP2
00050ddf	!HCP0
00050e11	"BCP2
00050e23	!HCP0
00050ef9	"BCP2
00050f0b	!HCP0
00050f3d	"BCP2
00050f4f	!HCP0
00050f81	"BCP2
00050f93	!HCP0
00050fcf	"BCP2
00050fe1	!HCP0
00051013	"BCP2
00051025	!HCP0
000510fd	"BCP2
0005110f	!HCP0
00051141	"BCP2
00051153	!HCP0
00051185	"BCP2
00051197	!HCP0
000514a3	!ACP1
000514b1	!HCP0
00051513	 ABHF
00051617	FAFPF
00051681	!ACP1
0005168f	!HCP0
000516f5	"BCP2
00051707	!HCP0
00051739	"BCP2
0005174b	!HCP0
0005177d	"BCP2
0005178f	!HCP0
0005187b	"BCP2
0005188d	!HCP0
000518bf	"BCP2
000518d1	!HCP0
00051907	"BCP2
00051919	!HCP0
00051955	"BCP2
00051967	!HCP0
00051999	"BCP2
000519ab	!HCP0
00051a51	"BCP2
00051a63	!HCP0
00051b0f	 AB@F
00051b6f	"BCP2
00051b81	!HCP0
00051bb3	"BCP2
00051bc5	!HCP0
00051c51	"BCP2
00051c63	!HCP0
00051c95	"BCP2
00051ca7	!HCP0
00051cd9	"BCP2
00051ceb	!HCP0
00051d1d	"BCP2
00051d2f	!HCP0
00051d93	"BCP2
00051da1	!HCP0
00051e41	 AB@F
00051e63	"BCP2
00051e75	!HCP0
00051eff	"BCP2
00051f11	!HCP0
00051f43	"BCP2
00051f55	!HCP0
00051f91	"BCP2
00051fa3	!HCP0
00052248	H"JIhF
00052718	*F9F0F
00052735	q:F0F
000528a0	`?:F0F
00052922	*F9F0F
0005292c	RFYF0F
00052961	JYF0F
000529e0	RF9Fn
00052aa0	*F9F^
00052b30	*F9F0F
00052b66	*F9F0F
00052d8e	 ")F0F
00052e13	")F0F
000530b6	*F!F0F
000530c0	:F!F0F
000530f1	h;N;L
0005323f	FiF(F
00053299	" !(F
0005352f	@jF)F
000535da	 y=(^
000536dd	h'H&y
00053760	`h!h 
00053799	  q#F*F1F h
00054001	iKCAi
0005403f	iKCAi
000544d8	EMjF!F(F
000545dd	",! F
0005463f	FjF0F
0005473d	"$! F
0005496f	F|HH0
00054980	xH|IT0
00054991	FtHT0
000549a2	pHrI`0
000549b3	FkH`0
000549c4	gHkIl0
000549d5	FcHl0
000549e6	_HaIx0
000549f5	F[Hx0
00054daf	FsH00
00054df1	FcH00
00054dfa	aHaI00
00054e0b	F\H00
00054e37	FQH<0
00054e8d	F<H<0
00054e9d	F8H<0
00054ea6	6H6I<0
00054ed3	F*HH0
0005508f	F%H$0
000550cd	Hd!<0
00055357	"iF F
000554b7	" ! F
00055671	#Z`Jh
000556e4	"FTh%h
00055779	M`hih
0005577f	Dh` F
000559b3	hA`pG
00055b0a	&KZkA
00055b21	El`Th
00055b43	%j`Eh
00055b4f	hE`La
00055c40	JhRhJ`
00055ca0	%d %s
00055fe0	+F"Fi
00056021	!fKfI
00056030	H"dIhF
000560f5	!8K1I
00056104	H"5IhF
0005613c	ffffff
00056143	@%.1f
0005614c	ffffff
0005618c	SET : %02d.%02d V
000561a0	SET : %01d.%03d A
000561c8	I-SET
000561d0	V-SET
000564ac	Web Link
0005656e	%hJF1F(F
000565dc	%hJF1F(F
0005673d	c!ha`
000567d6	JFQF F
000568dd	kBFIF F
00056b4b	hgh1h
00056bda	KF2FQFXF
00056cad	'z`_h
00056d6f	M(h`l@
00056d97	C*a l
00056e3f	C*a(h
00056eb5	#Z`Kh
00056ecf	`$IMk
00056f0b	Vu`Vh
00056f17	hV`Ca
00056f73	$'Fhk
000570c0	Tmr Svc
000570df	#"FiF
000571aa	"3DUfw
0005794f	dkp/@
00058608	DDDDB
00058ca8	"""""
00058e31	""""!
00058ff0	"""""
00059013	&fffff
0005906d	&fffc
00059277	5fffffP
00059a03	%%&'()*+
00059a0e	-./0123-4450--..67893::;:<)
00059aac	%&'''
00059ab2	'&()&&**'*'*+,-../.0
0005cd45	DDDD_
0005cd81	""""?
0005cda5	""""?
0005cde1	DDDD_
0005ce06	DDDDDDA
0005ceba	DDDDDDA
0005d681	DDDDC
0005d69e	4DDDD
0005ddd1	DDDDDDDDA
0005e00a	DDDDDDDDD
0005e25f	wwwwwwwwv
0005e8a4	4DDDDD
0005e95c	DDDD 
0005eed5	DDDDDDB
0005ef34	TDDDDE
0005efbc	333333333
0005efe6	333333333
0005f00f	Wwwwwwwwww_
0005f059	3333333331
0005f083	3333333331=
0005f8a0	DDDDDDDDDDDD0
0005f955	DDDDDDDDDDJ
0005f990	DDDDDDDDDDDD0
0005fa45	DDDDDDDDDDJ
0005fa80	DDDDDDDDDDDD0
0005fb35	DDDDDDDDDDJ
0005fb70	DDDDDDDDDDDD0
0005fc25	DDDDDDDDDDJ
0005fc60	DDDDDDDDDDDD0
0005fd15	DDDDDDDDDDJ
000603e0	"""""+
00060a17	%%&'()*+
00060a22	-./0123-4450--..67893::;:<)
00060ac0	%&'''
00060ac6	'&()&&**'*'*+,-../.0
00062375	wwwww0
000627ad	wwwwwP
0006337e	$DD0z
00064b0d	 !!"!
00065841	@z@/@
00065dbd	ppppppppppppp
00066bf2	0$UUU_
00066f96	5UU\0
00067166	,3@4|3
000676e9	0033p0=00040p00 
00067825	UUUP?
000683aa	0,\40?
0006845c	($$0($40
000684de	0|,,;
00069738	r WMZM}M
00069741	M5NFNpN
0006974f	N-O1O>O
00069765	PJQVQ
00069785	S?SBSvS
00069791	UJVxV
00069797	VWX]X
000697b3	]F^P^R^
000697e9	e0eFe^e
000697f1	eYfzf|f
00069813	lKmym
00069827	tDvHv[v5w
00069833	x"y[y
00069845	~!~/~V~c~f~
0006a06e	!!H#l%
0006a095	GkI=K
0006a10a	 #'*-02579;=@ACEGIKLNPQSTVWYZ[]^`abcefghjklmnpqrstuvwxyz{|}~
0006a47c	82}. ^
0006a4cb	ALm7@].4N#'>znTdZEOG782&uuuaaaBBB!!!
0006afcc	MP305B
0006b60e	DDDDDDDDDD
0006bd3a	DDDDDDDOP
0006bdec	DDDDO
0006be19	DDDDO
0006bee5	$DDDDDB
0006c5c2	DDDDDDDDDDDDD
0006e330	@A@A@A@A 
0006e44f	 @A@A@A@A`
0006f28c	DDDDDDD
0006f2cb	DDDDDDD
0006fdbe	DDDDDDDDD 
0007218d	DDDDDDDDDDDDDDDDDDDDDDDDDDDDD@
00072ce2	hikjnlmba
00072d1e	@@@@@@@@@AAAAA@@@@@@@@@@@@@@@@@@
00072d4e	          
00072de0	btnmatrix
00072e04	calendar
00072e20	March
00072e28	April
00072e30	December
00072e3c	September
00072e48	November
00072e54	October
00072e5c	August
00072e64	calendar-header-arrow
00072e88	January
00072e90	February
00073134	calendar-header-dropdown
00073150	chart
00073158	checkbox
00073164	dropdown-list
00073174	image
0007317c	keyboard
00073300	label
00073314	list-btn
00073328	list-text
00073334	menu-page
00073340	menu-section
00073350	menu-separator
00073360	menu-cont
00073374	msgbox-header-button
0007338c	msgbox-footer-button
000733a4	msgbox-backdrop
000733b4	msgbox-header
000733c4	msgbox-footer
000733d4	msgbox-content
000733e4	msgbox
000733ec	roller-label
000733fc	roller
00073404	scale
0007340c	slider
00073414	spinbox
0007341c	spinner
00073424	switch
0007342c	table
00073434	tabview
0007343c	textarea
00073450	tileview
00073460	I %dmV/%dmA
00073476	%dmV/%dmA
0007348a	O %dmV/%dmA
000734a0	%dmV/%dmA
000734b4	D %dmV
000734ca	T %d/%d/%d %d
000734e2	%d %d %d
000734f5	V%d.%d.%d.%d %d %d
00073512	V%d.%d,%dmAh
00073520	~100m 1000ns
00073530	~200m 2000ns
00073540	~300m 3000ns
00073550	~1m <10ns
0007355c	~2m 10ns to 20ns
00073570	~3m 20ns to 30ns
00073584	~4m 30ns to 40ns
00073598	~5m 40ns to 50ns
000735ac	~6m 50ns to 60ns
000735c0	~7m 60ns to 70ns
000735d8	NiMH/Cd
000735e8	Lilon
00073600	Please unplug all cables.
0007361c	USB-C
00073622	PD-SRC
00073634	VOLTAGE
00073648	BATTERY TYPE
00073660	POWER
00073668	ERROR
00073670	I-SET
00073678	V-SET
00073680	ENERGY
00073688	Uploading Data
00073698	No Data
000736a0	Last Data
000736ac	Added
000736b4	Disabled
000736c0	Battery disconnected
000736d8	Output voltage inverted
000736f4	Device
000736fc	Abnormal
00073705	battery voltage
00073718	Middle
00073720	Profile
00073728	Remaining Time
00073738	Volume
00073748	Internal circuit failure
00073764	Battery
0007376c	low temperature
00073784	Remote Control
00073793	Active
0007379c	Confirm Bluetooth
000737ae	Binding
000737b8	System overheating
000737cc	Battery overheating
000737e0	Charge Setting
000737f0	Setting
00073808	Unlock
00073810	User Manual
0007381c	Scan to view the full user manual
00073840	Scan to access the remote control panel
00073868	Allow Remote
00073875	Control
00073880	Auto Screen-Darken
00073898	Data Rate
000738a2	Specification
000738b0	Overvoltage protection
000738c8	Overcurrent protection
000738e0	Condition
000738ec	Total Energy Consumption
00073908	Auto Shutdown
00073918	Unknown
00073924	Sys Info
00073938	Ramp Step
0007394c	USB Line Drop
0007395c	Charger
00073964	Regulated
0007396e	DC Power
00073978	Programmable
00073985	DC Power
00073990	Input Power
0007399c	Low battery power
000739b0	Internal data error
000739c8	Real-time 
000739d3	Changes
000739dc	Bluetooth Accessories
000739f4	Cycles
000739fc	Cells
00073a08	Disconnect
00073a14	Factory Reset
00073a24	Charge Limit
00073a34	Current
00073a3c	Start
00073a44	Data repair
00073a50	Please restart
00073a60	System Self-Test
00073a78	Update Now
00073a84	OCP Delay
00073a90	Latency
00073a98	Battery
00073aa0	Capacity
00073aac	Power Delivery
00073abb	Capability
00073c1c	USB-C PD 
0007409e	PUZ_d
