image	file_offset	processor_address	candidate_value
main-arm.bin	0x2dc	0x102dc	0xe000ed08
main-arm.bin	0x2f0	0x102f0	0xe000ed88
main-arm.bin	0x37c	0x1037c	0x40050810
main-arm.bin	0x470	0x10470	0xe009d003
main-arm.bin	0x47c	0x1047c	0xe003d2fa
main-arm.bin	0x4cc	0x104cc	0xe0044604
main-arm.bin	0x5cc	0x105cc	0xe003d10e
main-arm.bin	0x648	0x10648	0xe0094681
main-arm.bin	0x6ac	0x106ac	0xe00f6008
main-arm.bin	0x6c8	0x106c8	0xe0018000
main-arm.bin	0x974	0x10974	0xe0010801
main-arm.bin	0x9d4	0x109d4	0xe0062300
main-arm.bin	0x9dc	0x109dc	0xe0024300
main-arm.bin	0xe24	0x10e24	0xe002f281
main-arm.bin	0xe6c	0x10e6c	0xe0042001
main-arm.bin	0x1024	0x11024	0xe00d0502
main-arm.bin	0x103c	0x1103c	0xe0050508
main-arm.bin	0x114c	0x1114c	0xe00fd407
main-arm.bin	0x1168	0x11168	0xe007e05a
main-arm.bin	0x135c	0x1135c	0xe005fae1
main-arm.bin	0x13c0	0x113c0	0xe002d10b
main-arm.bin	0x13f0	0x113f0	0xe0090820
main-arm.bin	0x1474	0x11474	0xe0030001
main-arm.bin	0x1588	0x11588	0xe00b1200
main-arm.bin	0x1634	0x11634	0x4000f8cb
main-arm.bin	0x164c	0x1164c	0x4006ea48
main-arm.bin	0x1690	0x11690	0xe0031c92
main-arm.bin	0x16c0	0x116c0	0x4001eb00
main-arm.bin	0x16dc	0x116dc	0x4001eb00
main-arm.bin	0x1a14	0x11a14	0xe0020642
main-arm.bin	0x1cb8	0x11cb8	0xe0038035
main-arm.bin	0x1d04	0x11d04	0xe00120f3
main-arm.bin	0x1fa8	0x11fa8	0x4000f8aa
main-arm.bin	0x208c	0x1208c	0xe00d2006
main-arm.bin	0x20ec	0x120ec	0x4004f8aa
main-arm.bin	0x2184	0x12184	0xe0053400
main-arm.bin	0x21bc	0x121bc	0x40024000
main-arm.bin	0x24b4	0x124b4	0xe00b2007
main-arm.bin	0x24c8	0x124c8	0xe00ed3d1
main-arm.bin	0x254c	0x1254c	0x4000f44f
main-arm.bin	0x25bc	0x125bc	0x40040000
main-arm.bin	0x267c	0x1267c	0x40040000
main-arm.bin	0x2780	0x12780	0xe0037038
main-arm.bin	0x27ac	0x127ac	0xe00de004
main-arm.bin	0x29fc	0x129fc	0xe0037028
main-arm.bin	0x2a1c	0x12a1c	0xe0037030
main-arm.bin	0x2b8c	0x12b8c	0xe00c1cf6
main-arm.bin	0x2bac	0x12bac	0xe00c60a0
main-arm.bin	0x2c00	0x12c00	0xe0086548
main-arm.bin	0x2c64	0x12c64	0x4006f8ad
main-arm.bin	0x2c94	0x12c94	0x4003ac00
main-arm.bin	0x2d04	0x12d04	0x40054000
main-arm.bin	0x2d0c	0x12d0c	0x4001c800
main-arm.bin	0x2d28	0x12d28	0x40054000
main-arm.bin	0x2d30	0x12d30	0x4001c800
main-arm.bin	0x2e0c	0x12e0c	0x4003a480
main-arm.bin	0x2e24	0x12e24	0x4002f88d
main-arm.bin	0x2e84	0x12e84	0x4003a400
main-arm.bin	0x2f80	0x12f80	0xe0067065
main-arm.bin	0x2fa8	0x12fa8	0xe004f892
main-arm.bin	0x3138	0x13138	0xe0055103
main-arm.bin	0x3204	0x13204	0xe006d204
main-arm.bin	0x3230	0x13230	0xe00fe016
main-arm.bin	0x3768	0x13768	0xe006d005
main-arm.bin	0x37f0	0x137f0	0x4001d400
main-arm.bin	0x38c4	0x138c4	0xe008fe2d
main-arm.bin	0x3a68	0x13a68	0x4001d400
main-arm.bin	0x3a8c	0x13a8c	0x40054000
main-arm.bin	0x3ae4	0x13ae4	0x40054000
main-arm.bin	0x3b20	0x13b20	0x40054000
main-arm.bin	0x3b9c	0x13b9c	0x40054000
main-arm.bin	0x3bc0	0x13bc0	0x40054000
main-arm.bin	0x3c00	0x13c00	0x40054000
main-arm.bin	0x3d20	0x13d20	0xe008fd9b
main-arm.bin	0x3d2c	0x13d2c	0xe002fccb
main-arm.bin	0x3dd0	0x13dd0	0xe00124ff
main-arm.bin	0x3ff4	0x13ff4	0xe0014621
main-arm.bin	0x3ff8	0x13ff8	0xe002e00a
main-arm.bin	0x4074	0x14074	0x4001dc00
main-arm.bin	0x4078	0x14078	0x40021c00
main-arm.bin	0x4108	0x14108	0x4002f88d
main-arm.bin	0x4168	0x14168	0x4003a000
main-arm.bin	0x41f0	0x141f0	0x40041000
main-arm.bin	0x4294	0x14294	0x40041000
main-arm.bin	0x44f4	0x144f4	0x40054000
main-arm.bin	0x4514	0x14514	0xe006f2f3
main-arm.bin	0x4530	0x14530	0x40054000
main-arm.bin	0x4704	0x14704	0x4001041c
main-arm.bin	0x471c	0x1471c	0x40010420
main-arm.bin	0x4818	0x14818	0x40010424
main-arm.bin	0x481c	0x1481c	0x40054000
main-arm.bin	0x4870	0x14870	0x40054000
main-arm.bin	0x48f8	0x148f8	0x40010424
main-arm.bin	0x48fc	0x148fc	0x40054000
main-arm.bin	0x4948	0x14948	0x40010418
main-arm.bin	0x494c	0x1494c	0x40054000
main-arm.bin	0x4978	0x14978	0x40010590
main-arm.bin	0x49b0	0x149b0	0x40051000
main-arm.bin	0x49c4	0x149c4	0x40051000
main-arm.bin	0x4a20	0x14a20	0xe000f8cc
main-arm.bin	0x4a24	0x14a24	0xe000f8d3
main-arm.bin	0x4a2c	0x14a2c	0xe000f8c3
main-arm.bin	0x4a30	0x14a30	0xe000f8d3
main-arm.bin	0x4a38	0x14a38	0xe000f8c3
main-arm.bin	0x4a50	0x14a50	0x40051010
main-arm.bin	0x4cbc	0x14cbc	0xe00ef95d
main-arm.bin	0x4d30	0x14d30	0xe009483d
main-arm.bin	0x503c	0x1503c	0xe0012401
main-arm.bin	0x5170	0x15170	0x40048000
main-arm.bin	0x5188	0x15188	0x40048000
main-arm.bin	0x51a0	0x151a0	0x40048000
main-arm.bin	0x51b8	0x151b8	0x40048000
main-arm.bin	0x5290	0x15290	0x40026000
main-arm.bin	0x52dc	0x152dc	0x40053c00
main-arm.bin	0x534c	0x1534c	0x40053c00
main-arm.bin	0x5368	0x15368	0x40053806
main-arm.bin	0x5380	0x15380	0x40053000
main-arm.bin	0x5394	0x15394	0x4005380a
main-arm.bin	0x53b0	0x153b0	0x40053bf4
main-arm.bin	0x53dc	0x153dc	0x40053c02
main-arm.bin	0x53f0	0x153f0	0x40053808
main-arm.bin	0x5408	0x15408	0x40053bf8
main-arm.bin	0x5728	0x15728	0xe00b7496
main-arm.bin	0x5778	0x15778	0xe0020e24
main-arm.bin	0x59d0	0x159d0	0xe0022000
main-arm.bin	0x5b70	0x15b70	0xe00bb11c
main-arm.bin	0x5f60	0x15f60	0xe0022000
main-arm.bin	0x6014	0x16014	0xe00170fa
main-arm.bin	0x61b0	0x161b0	0x4004e400
main-arm.bin	0x61bc	0x161bc	0xe000ed04
main-arm.bin	0x6334	0x16334	0x40054000
main-arm.bin	0x6340	0x16340	0x4004e400
main-arm.bin	0x636c	0x1636c	0x4004e400
main-arm.bin	0x63a0	0x163a0	0x4004e400
main-arm.bin	0x6464	0x16464	0x4004e400
main-arm.bin	0x6534	0x16534	0x4004e400
main-arm.bin	0x65a4	0x165a4	0x4004e400
main-arm.bin	0x6648	0x16648	0x4004e400
main-arm.bin	0x6690	0x16690	0x4004e400
main-arm.bin	0x6730	0x16730	0xe003d002
main-arm.bin	0x6810	0x16810	0x40054000
main-arm.bin	0x6890	0x16890	0xe00a2100
main-arm.bin	0x690c	0x1690c	0x4004e000
main-arm.bin	0x694c	0x1694c	0x4000f440
main-arm.bin	0x69ec	0x169ec	0x4004e000
main-arm.bin	0x6a60	0x16a60	0x4004e000
main-arm.bin	0x6bb0	0x16bb0	0x4004e000
main-arm.bin	0x6c00	0x16c00	0x4004e000
main-arm.bin	0x6c8c	0x16c8c	0x4005f89d
main-arm.bin	0x6d98	0x16d98	0xe00a2020
main-arm.bin	0x6db8	0x16db8	0x4005105c
main-arm.bin	0x77d8	0x177d8	0x4000f8ad
main-arm.bin	0x7848	0x17848	0xe0051400
main-arm.bin	0x7978	0x17978	0xe0074d07
main-arm.bin	0x7b9c	0x17b9c	0xe0074d07
main-arm.bin	0x7d08	0x17d08	0xe00705a0
main-arm.bin	0x8238	0x18238	0xe00a0420
main-arm.bin	0x82e4	0x182e4	0x40026c00
main-arm.bin	0x82ec	0x182ec	0x40053000
main-arm.bin	0x8350	0x18350	0x40010400
main-arm.bin	0x8358	0x18358	0x40048000
main-arm.bin	0x835c	0x1835c	0x40053bfc
main-arm.bin	0x8360	0x18360	0x40054000
main-arm.bin	0x8364	0x18364	0x40050804
main-arm.bin	0x84c0	0x184c0	0x40010818
main-arm.bin	0x84c8	0x184c8	0x40026c48
main-arm.bin	0x84cc	0x184cc	0x40053000
main-arm.bin	0x850c	0x1850c	0x4004f8ad
main-arm.bin	0x8518	0x18518	0x4006f8ad
main-arm.bin	0x8548	0x18548	0x40026c00
main-arm.bin	0x8558	0x18558	0x4004e000
main-arm.bin	0x8828	0x18828	0xe005f0f5
main-arm.bin	0x92bc	0x192bc	0xe0092001
main-arm.bin	0x955c	0x1955c	0xe00e4408
main-arm.bin	0x9678	0x19678	0xe00cb129
main-arm.bin	0x9688	0x19688	0xe00470a9
main-arm.bin	0x97d0	0x197d0	0xe00a10ec
main-arm.bin	0x9940	0x19940	0xe00560ea
main-arm.bin	0x9948	0x19948	0xe0016092
main-arm.bin	0x9968	0x19968	0xe0070040
main-arm.bin	0x996c	0x1996c	0xe0094430
main-arm.bin	0x9cc0	0x19cc0	0xe00adb03
main-arm.bin	0x9da0	0x19da0	0xe0042001
main-arm.bin	0x9e94	0x19e94	0xe007d307
main-arm.bin	0x9fdc	0x19fdc	0x40026000
main-arm.bin	0xa0fc	0x1a0fc	0x40026000
main-arm.bin	0xa218	0x1a218	0xe0060a10
main-arm.bin	0xa5c0	0x1a5c0	0xe009737a
main-arm.bin	0xa78c	0x1a78c	0xe009db02
main-arm.bin	0xa8b0	0x1a8b0	0x4003f888
main-arm.bin	0xa8b8	0x1a8b8	0xe000f8a2
main-arm.bin	0xa914	0x1a914	0x4004f888
main-arm.bin	0xa948	0x1a948	0xe0010030
main-arm.bin	0xa94c	0x1a94c	0x4004f888
main-arm.bin	0xa9ac	0x1a9ac	0x4006f888
main-arm.bin	0xa9e0	0x1a9e0	0xe0010034
main-arm.bin	0xa9e4	0x1a9e4	0x4006f888
main-arm.bin	0xaadc	0x1aadc	0xe00310d4
main-arm.bin	0xac98	0x1ac98	0xe00c00ea
main-arm.bin	0xb5ac	0x1b5ac	0xe003fc87
main-arm.bin	0xb718	0x1b718	0x4004ccfc
main-arm.bin	0xb788	0x1b788	0xe00812c4
main-arm.bin	0xb828	0x1b828	0xe00924ff
main-arm.bin	0xb8a0	0x1b8a0	0xe00124ff
main-arm.bin	0xb8b0	0x1b8b0	0xe00224ff
main-arm.bin	0xb8f0	0x1b8f0	0xe00fb14f
main-arm.bin	0xb924	0x1b924	0xe00404ff
main-arm.bin	0xb96c	0x1b96c	0xe0017074
main-arm.bin	0xba70	0x1ba70	0xe0064814
main-arm.bin	0xbb38	0x1bb38	0xe00d483c
main-arm.bin	0xbeb8	0x1beb8	0x4001e9cd
main-arm.bin	0xbef4	0x1bef4	0x4001c800
main-arm.bin	0xc104	0x1c104	0xe0072003
main-arm.bin	0xc110	0x1c110	0xe0012013
main-arm.bin	0xc204	0x1c204	0xe00cd3e7
main-arm.bin	0xc254	0x1c254	0xe0081008
main-arm.bin	0xc2e4	0x1c2e4	0xe0012000
main-arm.bin	0xc348	0x1c348	0x40050800
main-arm.bin	0xc5c8	0x1c5c8	0x4003a400
main-arm.bin	0xc6cc	0x1c6cc	0xe007b2ed
main-arm.bin	0xc700	0x1c700	0xe003e000
main-arm.bin	0xc770	0x1c770	0xe004d204
main-arm.bin	0xc788	0x1c788	0xe005f817
main-arm.bin	0xc818	0x1c818	0xe003b9e5
main-arm.bin	0xc874	0x1c874	0xe002e008
main-arm.bin	0xcb14	0x1cb14	0xe00124ff
main-arm.bin	0xcb2c	0x1cb2c	0xe00124ff
main-arm.bin	0xcb3c	0x1cb3c	0xe00124ff
main-arm.bin	0xcb4c	0x1cb4c	0xe00124ff
main-arm.bin	0xcb64	0x1cb64	0xe00324ff
main-arm.bin	0xccac	0x1ccac	0x40048000
main-arm.bin	0xccb0	0x1ccb0	0x40054000
main-arm.bin	0xcd28	0x1cd28	0x40048000
main-arm.bin	0xcd2c	0x1cd2c	0x40054000
main-arm.bin	0xcd6c	0x1cd6c	0x4003ac00
main-arm.bin	0xce64	0x1ce64	0x4003a000
main-arm.bin	0xce7c	0x1ce7c	0x40041000
main-arm.bin	0xce94	0x1ce94	0x40041000
main-arm.bin	0xcef0	0x1cef0	0xe00454bf
main-arm.bin	0xcf0c	0x1cf0c	0xe0012200
main-arm.bin	0xcf2c	0x1cf2c	0x40026000
main-arm.bin	0xcf30	0x1cf30	0x4003a400
main-arm.bin	0xcf34	0x1cf34	0x4003ac00
main-arm.bin	0xcf38	0x1cf38	0x40026c00
main-arm.bin	0xcf68	0x1cf68	0xe00b247b
main-arm.bin	0xcf8c	0x1cf8c	0xe0087240
main-arm.bin	0xcfb8	0x1cfb8	0x40026000
main-arm.bin	0xcfbc	0x1cfbc	0x4003a400
main-arm.bin	0xcfc0	0x1cfc0	0x4003ac00
main-arm.bin	0xcfc4	0x1cfc4	0x40026c00
main-arm.bin	0xd0fc	0x1d0fc	0x4003a000
main-arm.bin	0xd128	0x1d128	0xe0074f31
main-arm.bin	0xd5f8	0x1d5f8	0xe005a02c
main-arm.bin	0xda24	0x1da24	0xe000ed04
main-arm.bin	0xdb58	0x1db58	0x40010684
main-arm.bin	0xdb68	0x1db68	0x40054000
main-arm.bin	0xdb90	0x1db90	0xe000ed88
main-arm.bin	0xddc4	0x1ddc4	0x40024000
main-arm.bin	0xdfd4	0x1dfd4	0x4001cc00
main-arm.bin	0xdfd8	0x1dfd8	0x40053400
main-arm.bin	0xdff4	0x1dff4	0x4001d400
main-arm.bin	0xdff8	0x1dff8	0x40053400
main-arm.bin	0xe170	0x1e170	0xe006f90b
main-arm.bin	0xe240	0x1e240	0x4001dc00
main-arm.bin	0xe244	0x1e244	0x40021c00
main-arm.bin	0xe280	0x1e280	0x40053400
main-arm.bin	0xe4c0	0x1e4c0	0xe00ce000
main-arm.bin	0xe6e8	0x1e6e8	0xe00500ae
main-arm.bin	0xe8c4	0x1e8c4	0xe00e48cb
main-arm.bin	0xe9a4	0x1e9a4	0xe00fb120
main-arm.bin	0xec48	0x1ec48	0xe00573ee
main-arm.bin	0xee00	0x1ee00	0xe00b1108
main-arm.bin	0xee0c	0x1ee0c	0xe00550c0
main-arm.bin	0xef08	0x1ef08	0x4001cc00
main-arm.bin	0xef2c	0x1ef2c	0x4001cc00
main-arm.bin	0xef3c	0x1ef3c	0x4001cc00
main-arm.bin	0xef58	0x1ef58	0x4001d400
main-arm.bin	0xef7c	0x1ef7c	0x4001d400
main-arm.bin	0xef8c	0x1ef8c	0x4001d400
main-arm.bin	0xf014	0x1f014	0x40054000
main-arm.bin	0xf044	0x1f044	0x40021000
main-arm.bin	0xf050	0x1f050	0x40021000
main-arm.bin	0xf204	0x1f204	0x4001cc00
main-arm.bin	0xf2d0	0x1f2d0	0xe0054618
main-arm.bin	0xf318	0x1f318	0x4002f88d
main-arm.bin	0xf378	0x1f378	0x4003a000
main-arm.bin	0xf38c	0x1f38c	0x40049000
main-arm.bin	0xf3a8	0x1f3a8	0x40014806
main-arm.bin	0xf3c8	0x1f3c8	0x40049000
main-arm.bin	0xf458	0x1f458	0xe0022400
main-arm.bin	0xf4a0	0x1f4a0	0xe0087215
main-arm.bin	0xf4c4	0x1f4c4	0xe0050201
main-arm.bin	0xf500	0x1f500	0x40041000
main-arm.bin	0xf550	0x1f550	0xe0022400
main-arm.bin	0xf588	0x1f588	0xe0042201
main-arm.bin	0xf5b8	0x1f5b8	0x40041000
main-arm.bin	0xf700	0x1f700	0xe00bf861
main-arm.bin	0xf70c	0x1f70c	0xe005f87d
main-arm.bin	0xf890	0x1f890	0xe0018388
main-arm.bin	0xf958	0x1f958	0xe0064050
main-arm.bin	0xf9fc	0x1f9fc	0xe007d005
main-arm.bin	0xfa3c	0x1fa3c	0xe002411c
main-arm.bin	0xfcb0	0x1fcb0	0x4001eb00
main-arm.bin	0xfdc8	0x1fdc8	0xe00c2007
main-arm.bin	0xfed4	0x1fed4	0xe000ed0c
main-arm.bin	0xff10	0x1ff10	0xe0082400
main-arm.bin	0xffd4	0x1ffd4	0xe0061208
main-arm.bin	0x102cc	0x202cc	0xe0012000
main-arm.bin	0x102f0	0x202f0	0xe008062f
main-arm.bin	0x10694	0x20694	0x4000e9cd
main-arm.bin	0x106a8	0x206a8	0xe00ad407
main-arm.bin	0x10728	0x20728	0x40026bb1
main-arm.bin	0x10740	0x20740	0x40000000
main-arm.bin	0x10840	0x20840	0xe0074601
main-arm.bin	0x10854	0x20854	0xe0092410
main-arm.bin	0x1089c	0x2089c	0xe00d1e6d
main-arm.bin	0x10914	0x20914	0xe00aa19c
main-arm.bin	0x10a6c	0x20a6c	0xe00c0901
main-arm.bin	0x10c2c	0x20c2c	0xe001d3f9
main-arm.bin	0x10c60	0x20c60	0xe0041e40
main-arm.bin	0x10d04	0x20d04	0xe0093030
main-arm.bin	0x10d10	0x20d10	0xe0010c41
main-arm.bin	0x10df0	0x20df0	0xe0074635
main-arm.bin	0x10efc	0x20efc	0xe004d114
main-arm.bin	0x10f0c	0x20f0c	0xe00a1400
main-arm.bin	0x10fdc	0x20fdc	0xe00dd402
main-arm.bin	0x10ff4	0x20ff4	0xe008d1f4
main-arm.bin	0x11020	0x21020	0xe0070509
main-arm.bin	0x11070	0x21070	0xe0054690
main-arm.bin	0x1109c	0x2109c	0xe0032201
main-arm.bin	0x11118	0x21118	0xe00ed005
main-arm.bin	0x11168	0x21168	0xe00b9202
main-arm.bin	0x111cc	0x211cc	0xe0062700
main-arm.bin	0x11208	0x21208	0xe008dcf5
main-arm.bin	0x112f8	0x212f8	0x4000f04f
main-arm.bin	0x114c8	0x214c8	0xe005dcde
main-arm.bin	0x11534	0x21534	0xe005d504
main-arm.bin	0x115a4	0x215a4	0xe00f4f4a
main-arm.bin	0x11614	0x21614	0xe00a4d34
main-arm.bin	0x11660	0x21660	0xe00a4d24
main-arm.bin	0x11744	0x21744	0xe0072100
main-arm.bin	0x118a0	0x218a0	0xe002d8a2
main-arm.bin	0x11bd4	0x21bd4	0xe00a4dc2
main-arm.bin	0x11c20	0x21c20	0xe00a4db2
main-arm.bin	0x11c78	0x21c78	0xe00a2400
main-arm.bin	0x11cc4	0x21cc4	0xe00a4d8e
main-arm.bin	0x12228	0x22228	0xe001f5f2
main-arm.bin	0x12588	0x22588	0xe00b81a8
main-arm.bin	0x125b0	0x225b0	0xe00f4f61
main-arm.bin	0x12854	0x22854	0xe00f4d36
main-arm.bin	0x128f0	0x228f0	0xe00f4d1d
main-arm.bin	0x129f8	0x229f8	0x4006e9d6
main-arm.bin	0x12bd4	0x22bd4	0x4006e9d6
main-arm.bin	0x12c14	0x22c14	0xe00b464e
main-arm.bin	0x12dbc	0x22dbc	0x4006e9d5
main-arm.bin	0x12eb0	0x22eb0	0xe001fc63
main-arm.bin	0x12f1c	0x22f1c	0xe001fc2d
main-arm.bin	0x12f94	0x22f94	0xe001fbf1
main-arm.bin	0x13060	0x23060	0x4006e9d6
main-arm.bin	0x13098	0x23098	0xe00b464e
main-arm.bin	0x134d0	0x234d0	0x4006e9d6
main-arm.bin	0x13508	0x23508	0xe00b464e
main-arm.bin	0x13794	0x23794	0xe002b111
main-arm.bin	0x13bf4	0x23bf4	0x4006e9d6
main-arm.bin	0x13dc4	0x23dc4	0x4006e9d5
main-arm.bin	0x13e48	0x23e48	0xe001fc97
main-arm.bin	0x1404c	0x2404c	0x4006e9d6
main-arm.bin	0x14080	0x24080	0xe00b2600
main-arm.bin	0x14278	0x24278	0xe00e46b0
main-arm.bin	0x144b0	0x244b0	0x4006e9d6
main-arm.bin	0x144e8	0x244e8	0xe009464e
main-arm.bin	0x1455c	0x2455c	0xe00e4656
main-arm.bin	0x14904	0x24904	0xe0040a24
main-arm.bin	0x15118	0x25118	0xe00ca1f3
main-arm.bin	0x15204	0x25204	0xe0012500
main-arm.bin	0x153c0	0x253c0	0xe000fb0e
main-arm.bin	0x15584	0x25584	0xe0022500
main-arm.bin	0x1563c	0x2563c	0xe0012500
main-arm.bin	0x156a0	0x256a0	0xe0012500
main-arm.bin	0x15960	0x25960	0xe0077c01
main-arm.bin	0x15b64	0x25b64	0xe0010b10
main-arm.bin	0x15c78	0x25c78	0xe000f0f4
main-arm.bin	0x15e6c	0x25e6c	0xe0024608
main-arm.bin	0x15ec8	0x25ec8	0xe00a050a
main-arm.bin	0x160f8	0x260f8	0xe00b1c40
main-arm.bin	0x162a8	0x262a8	0xe0024608
main-arm.bin	0x16304	0x26304	0xe00a050a
main-arm.bin	0x16720	0x26720	0xe000e038
main-arm.bin	0x16844	0x26844	0xe00a462c
main-arm.bin	0x16c00	0x26c00	0xe00cfeee
main-arm.bin	0x16e58	0x26e58	0xe00f6961
main-arm.bin	0x16ee8	0x26ee8	0xe003fa77
main-arm.bin	0x16f3c	0x26f3c	0xe00b0061
main-arm.bin	0x17184	0x27184	0xe0084407
main-arm.bin	0x172c4	0x272c4	0xe00631cf
main-arm.bin	0x173c0	0x273c0	0xe007fb56
main-arm.bin	0x17408	0x27408	0xe0084d36
main-arm.bin	0x175b0	0x275b0	0xe003fba3
main-arm.bin	0x17880	0x27880	0xe0038022
main-arm.bin	0x1797c	0x2797c	0xe0010001
main-arm.bin	0x17a70	0x27a70	0xe0024650
main-arm.bin	0x17af8	0x27af8	0xe00c4650
main-arm.bin	0x17b10	0x27b10	0xe0042101
main-arm.bin	0x17c18	0x27c18	0xe00870a1
main-arm.bin	0x17db8	0x27db8	0x40021000
main-arm.bin	0x17fdc	0x27fdc	0xe00b0442
main-arm.bin	0x17ff0	0x27ff0	0xe0010482
main-arm.bin	0x181cc	0x281cc	0xe0060002
main-arm.bin	0x18c28	0x28c28	0xe001e000
main-arm.bin	0x18ed8	0x28ed8	0xe0023158
main-arm.bin	0x1b8d8	0x2b8d8	0xe00b0100
main-arm.bin	0x1b938	0x2b938	0xe0010a05
main-arm.bin	0x1b95c	0x2b95c	0xe0010a07
main-arm.bin	0x1b9a8	0x2b9a8	0xe0010a06
main-arm.bin	0x1bcbc	0x2bcbc	0xe00ee000
main-arm.bin	0x1c0e0	0x2c0e0	0xe0019906
main-arm.bin	0x1c0e4	0x2c0e4	0xe00de00c
main-arm.bin	0x1c3a8	0x2c3a8	0xe0062020
main-arm.bin	0x1c3e8	0x2c3e8	0xe0062020
main-arm.bin	0x1c43c	0x2c43c	0xe0086030
main-arm.bin	0x1c764	0x2c764	0xe0049038
main-arm.bin	0x1cc4c	0x2cc4c	0xe0027120
main-arm.bin	0x1ce50	0x2ce50	0xe0084410
main-arm.bin	0x1cf1c	0x2cf1c	0xe00a0000
main-arm.bin	0x1d114	0x2d114	0xe00f900d
main-arm.bin	0x1d6b8	0x2d6b8	0xe007d007
main-arm.bin	0x1d80c	0x2d80c	0xe0018000
main-arm.bin	0x1da64	0x2da64	0xe004e000
main-arm.bin	0x1dc5c	0x2dc5c	0xe0081207
main-arm.bin	0x1de40	0x2de40	0xe008900e
main-arm.bin	0x1dec4	0x2dec4	0xe002900e
main-arm.bin	0x1e308	0x2e308	0xe001fe82
main-arm.bin	0x1e854	0x2e854	0xe00a493b
main-arm.bin	0x1e858	0x2e858	0xe001e000
main-arm.bin	0x1f31c	0x2f31c	0xe00e4c1e
main-arm.bin	0x1f418	0x2f418	0xe003f828
main-arm.bin	0x21f78	0x31f78	0xe0020a28
main-arm.bin	0x21fd4	0x31fd4	0x4000f06f
main-arm.bin	0x2228c	0x3228c	0xe0030a80
main-arm.bin	0x22380	0x32380	0x4000f06f
main-arm.bin	0x25104	0x35104	0xe007482c
main-arm.bin	0x25dc4	0x35dc4	0xe00c440e
main-arm.bin	0x25e34	0x35e34	0xe000e00e
main-arm.bin	0x25e44	0x35e44	0xe0051846
main-arm.bin	0x26618	0x36618	0xe0012204
main-arm.bin	0x26640	0x36640	0xe0012205
main-arm.bin	0x26680	0x36680	0xe00e6120
main-arm.bin	0x266b8	0x366b8	0xe00168e0
main-arm.bin	0x266bc	0x366bc	0xe001e013
main-arm.bin	0x267d0	0x367d0	0xe004f831
main-arm.bin	0x267ec	0x367ec	0xe001f996
main-arm.bin	0x2692c	0x3692c	0xe00ae002
main-arm.bin	0x26ac0	0x36ac0	0xe006d117
main-arm.bin	0x26e5c	0x36e5c	0xe0010a0d
main-arm.bin	0x27244	0x37244	0xe0030008
main-arm.bin	0x27304	0x37304	0xe00c0308
main-arm.bin	0x27620	0x37620	0xe00f1205
main-arm.bin	0x276dc	0x376dc	0xe000e7af
main-arm.bin	0x27750	0x37750	0xe00adcf0
main-arm.bin	0x278ac	0x378ac	0xe0078000
main-arm.bin	0x279e0	0x379e0	0xe005602a
main-arm.bin	0x27a00	0x37a00	0xe0056069
main-arm.bin	0x27bf4	0x37bf4	0xe0055d00
main-arm.bin	0x27c6c	0x37c6c	0xe00a1105
main-arm.bin	0x27d9c	0x37d9c	0x4000f8ad
main-arm.bin	0x27e48	0x37e48	0x4002f8ad
main-arm.bin	0x27f08	0x37f08	0x4001ea40
main-arm.bin	0x27f74	0x37f74	0xe00c71d1
main-arm.bin	0x27f78	0x37f78	0xe00b1a41
main-arm.bin	0x27f84	0x37f84	0xe00c9000
main-arm.bin	0x27f94	0x37f94	0xe0046021
main-arm.bin	0x283f8	0x383f8	0xe00e4645
main-arm.bin	0x28430	0x38430	0xe00f464d
main-arm.bin	0x28594	0x38594	0xe00f462c
main-arm.bin	0x285ac	0x385ac	0xe001f8e5
main-arm.bin	0x28618	0x38618	0xe001f8af
main-arm.bin	0x2867c	0x3867c	0xe002f87d
main-arm.bin	0x287f4	0x387f4	0xe00e4645
main-arm.bin	0x2883c	0x3883c	0xe00e4645
main-arm.bin	0x28874	0x38874	0xe00f464d
main-arm.bin	0x289d0	0x389d0	0xe00e4680
main-arm.bin	0x28c9c	0x38c9c	0xe00c4635
main-arm.bin	0x28eb4	0x38eb4	0xe001ffdc
main-arm.bin	0x29150	0x39150	0xe00eb15a
main-arm.bin	0x29750	0x39750	0x4007f3c0
main-arm.bin	0x29a0c	0x39a0c	0xe0011e40
main-arm.bin	0x29a7c	0x39a7c	0xe001f983
main-arm.bin	0x29d60	0x39d60	0xe00a3020
main-arm.bin	0x29d64	0x39d64	0xe0083010
main-arm.bin	0x2a1b8	0x3a1b8	0xe001fdf1
main-arm.bin	0x2a49c	0x3a49c	0xe00fb9a7
main-arm.bin	0x2a864	0x3a864	0xe007696a
main-arm.bin	0x2ad44	0x3ad44	0xe002d002
main-arm.bin	0x2b09c	0x3b09c	0xe00774b1
main-arm.bin	0x2b0c4	0x3b0c4	0xe008607d
main-arm.bin	0x2b140	0x3b140	0xe002fc15
main-arm.bin	0x2b1f4	0x3b1f4	0xe00a2600
main-arm.bin	0x2b220	0x3b220	0xe00c2600
main-arm.bin	0x2b314	0x3b314	0x4006e9d6
main-arm.bin	0x2b34c	0x3b34c	0xe00c4608
main-arm.bin	0x2b500	0x3b500	0xe00d4645
main-arm.bin	0x2b578	0x3b578	0xe001f8ff
main-arm.bin	0x2b5d4	0x3b5d4	0xe00ee002
main-arm.bin	0x2b6f0	0x3b6f0	0x4006e9d6
main-arm.bin	0x2b71c	0x3b71c	0xe0092600
main-arm.bin	0x2b91c	0x3b91c	0xe00c46b0
main-arm.bin	0x2b958	0x3b958	0xe00f46b0
main-arm.bin	0x2bb48	0x3bb48	0xe007464e
main-arm.bin	0x2bb74	0x3bb74	0xe0084656
main-arm.bin	0x2bbac	0x3bbac	0xe00c4656
main-arm.bin	0x2bf6c	0x3bf6c	0xe0062500
main-arm.bin	0x2c1fc	0x3c1fc	0xe0052400
main-arm.bin	0x2c23c	0x3c23c	0x40010814
main-arm.bin	0x2c240	0x3c240	0x4001c000
main-arm.bin	0x2c244	0x3c244	0x40053000
main-arm.bin	0x2c29c	0x3c29c	0x40053000
main-arm.bin	0x2c2a0	0x3c2a0	0x4001c000
main-arm.bin	0x2c304	0x3c304	0xe0016060
main-arm.bin	0x2c348	0x3c348	0x4001c000
main-arm.bin	0x2c34c	0x3c34c	0x4005305c
main-arm.bin	0x2c368	0x3c368	0x40053000
main-arm.bin	0x2c3ec	0x3c3ec	0x4001c000
main-arm.bin	0x2c434	0x3c434	0x40026c00
main-arm.bin	0x2c438	0x3c438	0x40053000
main-arm.bin	0x2c59c	0x3c59c	0xe0094640
main-arm.bin	0x2c778	0x3c778	0xe006af6e
main-arm.bin	0x2c864	0x3c864	0xe0042007
main-arm.bin	0x2c9d0	0x3c9d0	0xe00bfba3
main-arm.bin	0x2cfb4	0x3cfb4	0xe0050a0e
main-arm.bin	0x2d070	0x3d070	0xe0011a40
main-arm.bin	0x2d090	0x3d090	0xe0098a41
main-arm.bin	0x2d0a0	0x3d0a0	0xe0018a60
main-arm.bin	0x2d2a8	0x3d2a8	0xe00b9100
main-arm.bin	0x2d314	0x3d314	0xe0018a60
main-arm.bin	0x2d3cc	0x3d3cc	0xe0044638
main-arm.bin	0x2d3d0	0x3d3d0	0xe0024630
main-arm.bin	0x2d51c	0x3d51c	0xe0090a48
main-arm.bin	0x2d5d8	0x3d5d8	0xe0090a61
main-arm.bin	0x2d7e4	0x3d7e4	0xe00cf8d1
main-arm.bin	0x2e038	0x3e038	0xe00200b4
main-arm.bin	0x2e188	0x3e188	0xe0044638
main-arm.bin	0x2e18c	0x3e18c	0xe0024630
main-arm.bin	0x2e244	0x3e244	0xe0024621
main-arm.bin	0x2e288	0x3e288	0xe0024621
main-arm.bin	0x2e438	0x3e438	0xe00660f1
main-arm.bin	0x2e5e4	0x3e5e4	0xe0048060
main-arm.bin	0x2e6c8	0x3e6c8	0xe007e004
main-arm.bin	0x2e7a0	0x3e7a0	0xe00162e6
main-arm.bin	0x2e854	0x3e854	0xe0052400
main-arm.bin	0x2e8f4	0x3e8f4	0xe00f802c
main-arm.bin	0x2ebb8	0x3ebb8	0xe0016427
main-arm.bin	0x2ec0c	0x3ec0c	0xe0096b62
main-arm.bin	0x2ed90	0x3ed90	0xe0094626
main-arm.bin	0x2ef0c	0x3ef0c	0xe007465d
main-arm.bin	0x2f25c	0x3f25c	0xe0062578
main-arm.bin	0x2f278	0x3f278	0xe00e6432
main-arm.bin	0x2f450	0x3f450	0xe00b2500
main-arm.bin	0x2f4f4	0x3f4f4	0xe0096027
main-arm.bin	0x2f5a4	0x3f5a4	0x4000f06f
main-arm.bin	0x2f620	0x3f620	0xe0090538
main-arm.bin	0x2f72c	0x3f72c	0x4000f06f
main-arm.bin	0x2f750	0x3f750	0xe008fa8b
main-arm.bin	0x2fb4c	0x3fb4c	0xe0044606
main-arm.bin	0x2fc80	0x3fc80	0xe006913c
main-arm.bin	0x30390	0x40390	0x4001ea40
main-arm.bin	0x303cc	0x403cc	0x4003ea40
main-arm.bin	0x30430	0x40430	0x4004ea40
main-arm.bin	0x30474	0x40474	0x4007f3c2
main-arm.bin	0x305b4	0x405b4	0x4001ea40
main-arm.bin	0x30860	0x40860	0xe0012101
main-arm.bin	0x309c4	0x409c4	0xe0026920
main-arm.bin	0x30a74	0x40a74	0xe00f083c
main-arm.bin	0x3130c	0x4130c	0xe00d68ed
main-arm.bin	0x31348	0x41348	0xe00710c4
main-arm.bin	0x31640	0x41640	0xe00e6927
main-arm.bin	0x31690	0x41690	0xe0042600
main-arm.bin	0x31714	0x41714	0xe0052600
main-arm.bin	0x317ec	0x417ec	0xe00642a8
main-arm.bin	0x3182c	0x4182c	0xe0066b8c
main-arm.bin	0x318f4	0x418f4	0xe00e6b80
main-arm.bin	0x31910	0x41910	0xe00d1130
main-arm.bin	0x31918	0x41918	0xe009d1ee
main-arm.bin	0x31a98	0x41a98	0xe00b6baf
main-arm.bin	0x31c5c	0x41c5c	0x4000e9cd
main-arm.bin	0x31cb0	0x41cb0	0xe001c80f
main-arm.bin	0x31d0c	0x41d0c	0xe0039005
main-arm.bin	0x31f8c	0x41f8c	0xe00d0060
main-arm.bin	0x321f0	0x421f0	0xe00e0060
main-arm.bin	0x32650	0x42650	0xe00adc09
main-arm.bin	0x32658	0x42658	0xe004dc10
main-arm.bin	0x326a0	0x426a0	0xe00eb1bf
main-arm.bin	0x326c8	0x426c8	0xe008d005
main-arm.bin	0x32754	0x42754	0xe00fdd0e
main-arm.bin	0x3276c	0x4276c	0xe0054410
main-arm.bin	0x329c8	0x429c8	0xe0022100
main-arm.bin	0x32ac8	0x42ac8	0xe0022200
main-arm.bin	0x32bc8	0x42bc8	0xe001e000
main-arm.bin	0x32ca4	0x42ca4	0xe008fca2
main-arm.bin	0x33060	0x43060	0xe0016a10
main-arm.bin	0x331f8	0x431f8	0xe00fb1b4
main-arm.bin	0x33300	0x43300	0xe0082000
main-arm.bin	0x33484	0x43484	0xe000fca8
main-arm.bin	0x334a4	0x434a4	0xe004b110
main-arm.bin	0x336cc	0x436cc	0xe00a2400
main-arm.bin	0x33710	0x43710	0xe00d2400
main-arm.bin	0x337fc	0x437fc	0xe00a2400
main-arm.bin	0x33980	0x43980	0xe001fefb
main-arm.bin	0x33a64	0x43a64	0xe001fe89
main-arm.bin	0x33af4	0x43af4	0xe001dbeb
main-arm.bin	0x33b70	0x43b70	0xe0092600
main-arm.bin	0x33bf8	0x43bf8	0xe00d4009
main-arm.bin	0x33c9c	0x43c9c	0xe00b6038
main-arm.bin	0x33d68	0x43d68	0xe00b2500
main-arm.bin	0x33df8	0x43df8	0xe0072100
main-arm.bin	0x33e14	0x43e14	0xe0062401
main-arm.bin	0x33efc	0x43efc	0xe00b4625
main-arm.bin	0x33f8c	0x43f8c	0xe00a2103
main-arm.bin	0x34010	0x44010	0xe00a2103
main-arm.bin	0x34264	0x44264	0xe001fc61
main-arm.bin	0x34290	0x44290	0xe001fc4b
main-arm.bin	0x34580	0x44580	0xe001902f
main-arm.bin	0x3481c	0x4481c	0xe0077cd4
main-arm.bin	0x34954	0x44954	0xe0014608
main-arm.bin	0x34a48	0x44a48	0xe0014608
main-arm.bin	0x34ab8	0x44ab8	0xe00c9f10
main-arm.bin	0x34cc4	0x44cc4	0xe0019009
main-arm.bin	0x34cc8	0x44cc8	0xe003e017
main-arm.bin	0x34dd0	0x44dd0	0xe00b2000
main-arm.bin	0x34e7c	0x44e7c	0xe00b2000
main-arm.bin	0x34eec	0x44eec	0xe009003c
main-arm.bin	0x34ef0	0x44ef0	0xe0032002
main-arm.bin	0x3504c	0x4504c	0xe0011a60
main-arm.bin	0x3521c	0x4521c	0xe0022500
main-arm.bin	0x3523c	0x4523c	0xe0034420
main-arm.bin	0x35424	0x45424	0xe0014601
main-arm.bin	0x354b0	0x454b0	0xe006d014
main-arm.bin	0x355d8	0x455d8	0xe0092101
main-arm.bin	0x355e8	0x455e8	0xe00b6101
main-arm.bin	0x35758	0x45758	0xe00eff10
main-arm.bin	0x35870	0x45870	0xe0044366
main-arm.bin	0x359f8	0x459f8	0xe008100c
main-arm.bin	0x35b38	0x45b38	0xe0011a60
main-arm.bin	0x35ba0	0x45ba0	0xe0010a60
main-arm.bin	0x35bc4	0x45bc4	0xe0011a60
main-arm.bin	0x35c2c	0x45c2c	0xe0010a60
main-arm.bin	0x35de4	0x45de4	0xe0011000
main-arm.bin	0x36170	0x46170	0xe0084621
main-arm.bin	0x36200	0x46200	0xe0082000
main-arm.bin	0x36224	0x46224	0xe0070501
main-arm.bin	0x363ec	0x463ec	0xe0052604
main-arm.bin	0x36454	0x46454	0xe00d6ae0
main-arm.bin	0x36468	0x46468	0xe0036ae0
main-arm.bin	0x364d8	0x464d8	0xe0042101
main-arm.bin	0x364dc	0x464dc	0xe0022103
main-arm.bin	0x36500	0x46500	0xe00663e5
main-arm.bin	0x3665c	0x4665c	0xe005b108
main-arm.bin	0x367dc	0x467dc	0xe0052400
main-arm.bin	0x36928	0x46928	0xe00d065b
main-arm.bin	0x36934	0x46934	0xe00706db
main-arm.bin	0x36940	0x46940	0xe001075b
main-arm.bin	0x3694c	0x4694c	0xe005546b
main-arm.bin	0x369a4	0x469a4	0xe0081c01
main-arm.bin	0x369e4	0x469e4	0xe00d2100
main-arm.bin	0x36a54	0x46a54	0xe0022300
main-arm.bin	0x36d9c	0x46d9c	0xe00ff816
main-arm.bin	0x36e1c	0x46e1c	0x4000f8c9
main-arm.bin	0x36e9c	0x46e9c	0x4000f8c9
main-arm.bin	0x36f98	0x46f98	0xe00268a1
main-arm.bin	0x3731c	0x4731c	0xe001ff5d
main-arm.bin	0x37528	0x47528	0xe003db05
main-arm.bin	0x375b4	0x475b4	0xe003dc05
main-arm.bin	0x3782c	0x4782c	0xe0017221
main-arm.bin	0x378e0	0x478e0	0xe0054620
main-arm.bin	0x37cac	0x47cac	0xe001daf8
main-arm.bin	0x381e0	0x481e0	0xe0052103
main-arm.bin	0x38298	0x48298	0xe0026008
main-arm.bin	0x38354	0x48354	0xe0049001
main-arm.bin	0x383c0	0x483c0	0xe00dfddb
main-arm.bin	0x383d4	0x483d4	0xe003fab5
main-arm.bin	0x38704	0x48704	0xe0034632
main-arm.bin	0x38b88	0x48b88	0xe004d062
main-arm.bin	0x38b98	0x48b98	0xe00b2124
main-arm.bin	0x38ccc	0x48ccc	0xe0062000
main-arm.bin	0x38e9c	0x48e9c	0xe003104d
main-arm.bin	0x3911c	0x4911c	0xe000e020
main-arm.bin	0x39348	0x49348	0xe00a0660
main-arm.bin	0x39538	0x49538	0xe0072601
main-arm.bin	0x39674	0x49674	0xe009febf
main-arm.bin	0x397b0	0x497b0	0xe0059003
main-arm.bin	0x39834	0x49834	0xe00b005c
main-arm.bin	0x398c8	0x498c8	0xe0066b21
main-arm.bin	0x39c10	0x49c10	0xe000fb45
main-arm.bin	0x3a128	0x4a128	0xe003fff7
main-arm.bin	0x3a260	0x4a260	0xe0025905
main-arm.bin	0x3a4d0	0x4a4d0	0xe0050404
main-arm.bin	0x3a524	0x4a524	0xe004d8e0
main-arm.bin	0x3a568	0x4a568	0xe0034603
main-arm.bin	0x3a95c	0x4a95c	0xe001f8cc
main-arm.bin	0x3a984	0x4a984	0xe005f874
main-arm.bin	0x3a9bc	0x4a9bc	0xe007f858
main-arm.bin	0x3aa04	0x4aa04	0xe003fb04
main-arm.bin	0x3ace8	0x4ace8	0xe0090060
main-arm.bin	0x3ad28	0x4ad28	0xe0070061
main-arm.bin	0x3ad50	0x4ad50	0xe008463c
main-arm.bin	0x3ae08	0x4ae08	0xe00d4244
main-arm.bin	0x3b0a0	0x4b0a0	0xe0044620
main-arm.bin	0x3b0a4	0x4b0a4	0xe0024260
main-arm.bin	0x3b18c	0x4b18c	0xe007b130
main-arm.bin	0x3b5cc	0x4b5cc	0xe0087a82
main-arm.bin	0x3b70c	0x4b70c	0xe0062400
main-arm.bin	0x3b750	0x4b750	0xe003f9d2
main-arm.bin	0x3b77c	0x4b77c	0xe00ad0d1
main-arm.bin	0x3b7f0	0x4b7f0	0xe00b01a1
main-arm.bin	0x3b914	0x4b914	0xe0062400
main-arm.bin	0x3ba10	0x4ba10	0xe0082300
main-arm.bin	0x3ba74	0x4ba74	0xe0078d1c
main-arm.bin	0x3bbc0	0x4bbc0	0xe00a2000
main-arm.bin	0x3bd60	0x4bd60	0xe0024240
main-arm.bin	0x3bd78	0x4bd78	0xe0024240
main-arm.bin	0x3bff4	0x4bff4	0xe006dc05
main-arm.bin	0x3c028	0x4c028	0xe006dc05
main-arm.bin	0x3c100	0x4c100	0xe00760b0
main-arm.bin	0x3c158	0x4c158	0xe000f0f7
main-arm.bin	0x3c190	0x4c190	0xe000f0f7
main-arm.bin	0x3c288	0x4c288	0xe000f0f7
main-arm.bin	0x3c2c0	0x4c2c0	0xe000f0f7
main-arm.bin	0x3c374	0x4c374	0xe000f0f7
main-arm.bin	0x3c39c	0x4c39c	0xe008000a
main-arm.bin	0x3c434	0x4c434	0xe001f0f7
main-arm.bin	0x3c514	0x4c514	0xe000f0f7
main-arm.bin	0x3c790	0x4c790	0xe0032600
main-arm.bin	0x3cc5c	0x4cc5c	0xe003db05
main-arm.bin	0x3cc88	0x4cc88	0xe003dc05
main-arm.bin	0x3cce4	0x4cce4	0xe003dc05
main-arm.bin	0x3d5ac	0x4d5ac	0xe00a69a8
main-arm.bin	0x3d664	0x4d664	0xe005d108
main-arm.bin	0x3d778	0x4d778	0xe0062200
main-arm.bin	0x3d8f8	0x4d8f8	0xe0072700
main-arm.bin	0x3d974	0x4d974	0xe0072700
main-arm.bin	0x3d9f0	0x4d9f0	0xe007000f
main-arm.bin	0x3db78	0x4db78	0xe0010060
main-arm.bin	0x3db80	0x4db80	0xe0094406
main-arm.bin	0x3dbb4	0x4dbb4	0xe0010060
main-arm.bin	0x3e3e0	0x4e3e0	0xe00d0400
main-arm.bin	0x3e410	0x4e410	0xe00e0500
main-arm.bin	0x3e70c	0x4e70c	0xe0072204
main-arm.bin	0x3e744	0x4e744	0xe003ff21
main-arm.bin	0x3ee0c	0x4ee0c	0xe0012107
main-arm.bin	0x3efe8	0x4efe8	0xe00b1002
main-arm.bin	0x3f004	0x4f004	0x4001ea40
main-arm.bin	0x3f028	0x4f028	0xe00a1002
main-arm.bin	0x3f088	0x4f088	0xe0021a08
main-arm.bin	0x3f0e0	0x4f0e0	0xe00c2000
main-arm.bin	0x3f408	0x4f408	0xe00c682c
main-arm.bin	0x3f41c	0x4f41c	0xe0026864
main-arm.bin	0x3f518	0x4f518	0xe0026048
main-arm.bin	0x3f52c	0x4f52c	0xe0064602
main-arm.bin	0x3f908	0x4f908	0xe0012814
main-arm.bin	0x3fa8c	0x4fa8c	0xe00e2003
main-arm.bin	0x3faa8	0x4faa8	0xe000f0f0
main-arm.bin	0x3fad8	0x4fad8	0xe00a0a01
main-arm.bin	0x3fd70	0x4fd70	0xe00a2700
main-arm.bin	0x3fdf0	0x4fdf0	0xe00dd003
main-arm.bin	0x4006c	0x5006c	0xe00ffc21
main-arm.bin	0x4013c	0x5013c	0xe00ee7d3
main-arm.bin	0x401e8	0x501e8	0xe000f1f1
main-arm.bin	0x4045c	0x5045c	0xe004460c
main-arm.bin	0x40460	0x50460	0xe0024634
main-arm.bin	0x4069c	0x5069c	0xe0081e41
main-arm.bin	0x406a4	0x506a4	0xe007fd10
main-arm.bin	0x406e4	0x506e4	0xe0092080
main-arm.bin	0x4072c	0x5072c	0xe0024604
main-arm.bin	0x408ac	0x508ac	0xe0012330
main-arm.bin	0x40920	0x50920	0xe0021080
main-arm.bin	0x40ad0	0x50ad0	0xe0062300
main-arm.bin	0x40adc	0x50adc	0xe00a6840
main-arm.bin	0x40ae8	0x50ae8	0xe00ad1f4
main-arm.bin	0x40c20	0x50c20	0xe0094907
main-arm.bin	0x411b4	0x511b4	0xe0032400
main-arm.bin	0x4131c	0x5131c	0xe0046ae2
main-arm.bin	0x4143c	0x5143c	0xe0021e50
main-arm.bin	0x4159c	0x5159c	0xe00cffb9
main-arm.bin	0x415bc	0x515bc	0xe0094a0a
main-arm.bin	0x41714	0x51714	0xe0031a70
main-arm.bin	0x418f0	0x518f0	0xe007b960
main-arm.bin	0x41aac	0x51aac	0xe0031941
main-arm.bin	0x41c6c	0x51c6c	0xe0049000
main-arm.bin	0x41c90	0x51c90	0xe0049400
main-arm.bin	0x41ee0	0x51ee0	0xe0099000
main-arm.bin	0x424fc	0x524fc	0xe0099000
main-arm.bin	0x425f4	0x525f4	0xe0082503
main-arm.bin	0x426cc	0x526cc	0xe0026900
main-arm.bin	0x426e0	0x526e0	0x4001ea40
main-arm.bin	0x426ec	0x526ec	0xe001fa2d
main-arm.bin	0x42a34	0x52a34	0xe0012000
main-arm.bin	0x42e44	0x52e44	0xe0070102
main-arm.bin	0x42e50	0x52e50	0xe0010108
main-arm.bin	0x42f58	0x52f58	0xe005d1e2
main-arm.bin	0x42f88	0x52f88	0xe0072210
main-arm.bin	0x43080	0x53080	0xe0060b04
main-arm.bin	0x430f8	0x530f8	0xe0081b04
main-arm.bin	0x431b4	0x531b4	0xe009d506
main-arm.bin	0x43254	0x53254	0xe006d3f5
main-arm.bin	0x4337c	0x5337c	0xe006d004
main-arm.bin	0x439e8	0x539e8	0xe004f831
main-arm.bin	0x43a20	0x53a20	0xe00c0000
main-arm.bin	0x43be0	0x53be0	0xe002f88b
main-arm.bin	0x43e44	0x53e44	0xe007fe03
main-arm.bin	0x43e50	0x53e50	0xe0022006
main-arm.bin	0x43f4c	0x53f4c	0xe0084816
main-arm.bin	0x44018	0x54018	0xe00ed3fa
main-arm.bin	0x442c8	0x542c8	0xe007d8f8
main-arm.bin	0x44410	0x54410	0xe00a2400
main-arm.bin	0x44794	0x54794	0xe00c4625
main-arm.bin	0x44890	0x54890	0xe0054825
main-arm.bin	0x44df4	0x54df4	0xe0022100
main-arm.bin	0x4541c	0x5541c	0xe0044639
main-arm.bin	0x459a0	0x559a0	0xe00c4626
main-arm.bin	0x45b54	0x55b54	0xe000ff44
main-arm.bin	0x46208	0x56208	0xe006fc32
main-arm.bin	0x462c4	0x562c4	0xe003fb8c
main-arm.bin	0x46530	0x56530	0xe005407f
main-arm.bin	0x46824	0x56824	0xe002466a
main-arm.bin	0x46ee8	0x56ee8	0xe003ff07
main-arm.bin	0x47168	0x57168	0xe003e002
main-arm.bin	0x4716c	0x5716c	0xe003e006
main-arm.bin	0x47464	0x57464	0xe00140b1
main-arm.bin	0x4777c	0x5777c	0xe00ff821
main-arm.bin	0x47908	0x57908	0xe007f86a
main-arm.bin	0x47d04	0x57d04	0xe00a5027
main-arm.bin	0x47d08	0x57d08	0xe00be005
main-arm.bin	0x47d20	0x57d20	0xe0017026
main-arm.bin	0x48104	0x58104	0xe0014827
main-arm.bin	0x48134	0x58134	0xe003e002
main-arm.bin	0x48634	0x58634	0xe00ad009
main-arm.bin	0x48640	0x58640	0xe004f895
main-arm.bin	0x4899c	0x5899c	0xe0012301
main-arm.bin	0x48a98	0x58a98	0x40021000
main-arm.bin	0x48ae0	0x58ae0	0xe00c040b
main-arm.bin	0x48b14	0x58b14	0xe0021e76
main-arm.bin	0x48b44	0x58b44	0xe0014628
main-arm.bin	0x48b64	0x58b64	0xe00dd006
main-arm.bin	0x48b88	0x58b88	0xe005d1f7
main-arm.bin	0x48c40	0x58c40	0xe002493e
main-arm.bin	0x48f38	0x58f38	0xe00de000
main-arm.bin	0x48f6c	0x58f6c	0xe0032201
main-arm.bin	0x48fe4	0x58fe4	0xe00b2100
main-arm.bin	0x48ffc	0x58ffc	0xe0016800
main-arm.bin	0x491b4	0x591b4	0xe0044631
main-arm.bin	0x49250	0x59250	0xe00421b4
main-arm.bin	0x49380	0x59380	0xe007007c
main-arm.bin	0x49454	0x59454	0xe001fd87
main-arm.bin	0x495b8	0x595b8	0xe0082100
main-arm.bin	0x49724	0x59724	0xe0016828
main-arm.bin	0x497e8	0x597e8	0xe002490d
main-arm.bin	0x49804	0x59804	0xe001f937
main-arm.bin	0x499a8	0x599a8	0xe000ed04
main-arm.bin	0x49a7c	0x59a7c	0xe0016060
main-arm.bin	0x49b44	0x59b44	0xe000ed04
main-arm.bin	0x49bc4	0x59bc4	0x4000f8c8
main-arm.bin	0x49c30	0x59c30	0xe0076928
main-arm.bin	0x49c3c	0x59c3c	0xe0032401
main-arm.bin	0x49c90	0x59c90	0xe003f8b5
main-arm.bin	0x49d5c	0x59d5c	0xe00bff5d
main-arm.bin	0x49d6c	0x59d6c	0xe003fcf5
main-arm.bin	0x49df8	0x59df8	0xe000ed04
main-arm.bin	0x49ee0	0x59ee0	0xe0090624
main-arm.bin	0x4a024	0x5a024	0xe0062600
main-arm.bin	0x4a14c	0x5a14c	0xe00ad004
main-arm.bin	0x4a178	0x5a178	0xe002683a
main-arm.bin	0x4a234	0x5a234	0xe002605a
main-arm.bin	0x4a284	0x5a284	0xe0010102
main-arm.bin	0x4a724	0x5a724	0xe0032700
main-arm.bin	0x4a978	0x5a978	0xe002dcfa
main-arm.bin	0x4aa4c	0x5aa4c	0xe0082500
main-arm.bin	0x4aacc	0x5aacc	0xe00bd114
main-arm.bin	0x4aae4	0x5aae4	0xe0071041
main-arm.bin	0x4ac58	0x5ac58	0xe0024638
main-arm.bin	0x4ad24	0x5ad24	0xe009090c
main-arm.bin	0x4af3c	0x5af3c	0xe0039801
main-arm.bin	0x4b1cc	0x5b1cc	0xe003ffa5
main-arm.bin	0x4b238	0x5b238	0xe00d1105
main-arm.bin	0x4b264	0x5b264	0xe0072500
main-arm.bin	0x4b31c	0x5b31c	0xe000f3f1
main-arm.bin	0x4b5b8	0x5b5b8	0x4006e9d6
main-arm.bin	0x4b870	0x5b870	0xe001ff83
main-arm.bin	0x4b95c	0x5b95c	0xe001ff0d
main-arm.bin	0x4b9e4	0x5b9e4	0xe001fec9
main-arm.bin	0x4bac8	0x5bac8	0x4006e9d6
main-arm.bin	0x4bcec	0x5bcec	0xe0092600
main-arm.bin	0x4c20c	0x5c20c	0xe00c46b0
main-arm.bin	0x4c6a8	0x5c6a8	0xe00f46b8
main-arm.bin	0x4c6c0	0x5c6c0	0xe001f85b
main-arm.bin	0x4c794	0x5c794	0xe002fff1
main-arm.bin	0x4c818	0x5c818	0xe001ffaf
main-arm.bin	0x4c864	0x5c864	0x4006e9d6
main-arm.bin	0x4ca3c	0x5ca3c	0x4000f8d8
main-arm.bin	0x4cac0	0x5cac0	0xe00a46b0
main-arm.bin	0x4cb38	0x5cb38	0xe00f46b0
main-arm.bin	0x4ccdc	0x5ccdc	0x4006e9d8
main-arm.bin	0x4cd80	0x5cd80	0xe00a4640
main-arm.bin	0x4cdbc	0x5cdbc	0xe00f9008
main-arm.bin	0x4cdfc	0x5cdfc	0xe005e000
main-arm.bin	0x4d1e4	0x5d1e4	0xe0026872
main-arm.bin	0x4d240	0x5d240	0xe0032301
main-arm.bin	0x4d3e8	0x5d3e8	0xe003686a
main-arm.bin	0x4d4f8	0x5d4f8	0xe00f104c
main-arm.bin	0x4d4fc	0x5d4fc	0xe00d61ef
main-arm.bin	0x4d5b4	0x5d5b4	0xe0031a09
main-arm.bin	0x4d724	0x5d724	0xe0041ac0
main-arm.bin	0x4d768	0x5d768	0xe0074411
main-arm.bin	0x4d9d4	0x5d9d4	0xe0030008
main-arm.bin	0x4dc70	0x5dc70	0xe001b919
main-arm.bin	0x4dcb0	0x5dcb0	0xe00e465d
main-arm.bin	0x4ded8	0x5ded8	0xe00bd00a
main-arm.bin	0x4def0	0x5def0	0xe0039800
main-arm.bin	0x4e030	0x5e030	0xe0010030
main-arm.bin	0x4e064	0x5e064	0xe0010030
main-arm.bin	0x4e33c	0x5e33c	0xe0051a40
main-arm.bin	0x4e3d4	0x5e3d4	0xe008d408
main-arm.bin	0x4e54c	0x5e54c	0xe00a4241
main-arm.bin	0x4e694	0x5e694	0xe001005b
main-arm.bin	0x4e754	0x5e754	0xe00b72a8
main-arm.bin	0x4ea30	0x5ea30	0xe00a4625
main-arm.bin	0x4eca0	0x5eca0	0xe003c010
main-arm.bin	0x4eccc	0x5eccc	0xe0010c00
main-arm.bin	0x4ece4	0x5ece4	0xe003c000
main-arm.bin	0x4ed14	0x5ed14	0xe0052100
main-arm.bin	0x4ee54	0x5ee54	0xe0044364
main-arm.bin	0x4ee90	0x5ee90	0xe0074364
main-arm.bin	0x4f270	0x5f270	0xe003fa74
main-arm.bin	0x4f2a4	0x5f2a4	0xe00f2600
main-arm.bin	0x4f6a8	0x5f6a8	0xe00f2600
main-arm.bin	0x4f9ec	0x5f9ec	0xe004b2ed
main-arm.bin	0x4fa3c	0x5fa3c	0xe008e7cb
main-arm.bin	0x4fa48	0x5fa48	0xe002463c
main-arm.bin	0x4fc54	0x5fc54	0xe0081c49
main-arm.bin	0x4fc9c	0x5fc9c	0xe0034650
main-arm.bin	0x4fd04	0x5fd04	0xe00e1cb6
main-arm.bin	0x4fd14	0x5fd14	0xe0061d76
main-arm.bin	0x5001c	0x6001c	0xe0044639
main-arm.bin	0x50108	0x60108	0xe00421b4
main-arm.bin	0x50558	0x60558	0xe002d059
main-arm.bin	0x507a4	0x607a4	0xe0042400
main-arm.bin	0x507b8	0x607b8	0xe00bd1f6
main-arm.bin	0x50814	0x60814	0xe003fbfd
main-arm.bin	0x508e8	0x608e8	0xe002fb73
main-arm.bin	0x50934	0x60934	0xe000f1f5
main-arm.bin	0x509c4	0x609c4	0xe008f1f5
main-arm.bin	0x50a08	0x60a08	0xe008f1f5
main-arm.bin	0x50a60	0x60a60	0xe004f1f5
main-arm.bin	0x50aac	0x60aac	0xe000f1f5
main-arm.bin	0x50b00	0x60b00	0xe008f1f5
main-arm.bin	0x50b44	0x60b44	0xe008f1f5
main-arm.bin	0x50b88	0x60b88	0xe008f1f5
main-arm.bin	0x50bbc	0x60bbc	0xe000f1f5
main-arm.bin	0x50c00	0x60c00	0xe000f1f5
main-arm.bin	0x50c5c	0x60c5c	0xe000f1f5
main-arm.bin	0x50d8c	0x60d8c	0xe000f0f5
main-arm.bin	0x50e54	0x60e54	0xe000f1f5
main-arm.bin	0x50fe8	0x60fe8	0xe008f1f5
main-arm.bin	0x5102c	0x6102c	0xe008f1f5
main-arm.bin	0x510a4	0x610a4	0xe000f1f5
main-arm.bin	0x51350	0x61350	0xe000f1f5
main-arm.bin	0x513a0	0x613a0	0xe000f1f5
main-arm.bin	0x51408	0x61408	0xe000f1f5
main-arm.bin	0x514b8	0x614b8	0xe004f0f5
main-arm.bin	0x51574	0x61574	0xe000f1f5
main-arm.bin	0x515b0	0x615b0	0xe000f1f5
main-arm.bin	0x51600	0x61600	0xe000f1f5
main-arm.bin	0x517bc	0x617bc	0xe000f1f5
main-arm.bin	0x51814	0x61814	0xe000f1f5
main-arm.bin	0x51894	0x61894	0xe008f1f5
main-arm.bin	0x518d8	0x618d8	0xe00af1f5
main-arm.bin	0x51920	0x61920	0xe008f1f5
main-arm.bin	0x51af4	0x61af4	0xe000f1f5
main-arm.bin	0x51b88	0x61b88	0xe008f1f5
main-arm.bin	0x51bcc	0x61bcc	0xe008f0f5
main-arm.bin	0x51dc4	0x61dc4	0xe0041041
main-arm.bin	0x51e18	0x61e18	0xe000f0f5
main-arm.bin	0x51e3c	0x61e3c	0xe000f0f5
main-arm.bin	0x51e7c	0x61e7c	0xe008f1f5
main-arm.bin	0x51ec4	0x61ec4	0xe000f1f5
main-arm.bin	0x51f18	0x61f18	0xe008f1f5
main-arm.bin	0x51f5c	0x61f5c	0xe008f1f5
main-arm.bin	0x52008	0x62008	0xe000f1f5
main-arm.bin	0x520e0	0x620e0	0xe000f1f5
main-arm.bin	0x52224	0x62224	0xe0034650
main-arm.bin	0x52498	0x62498	0xe0012220
main-arm.bin	0x532a0	0x632a0	0xe005f982
main-arm.bin	0x5336c	0x6336c	0x4004e000
main-arm.bin	0x534d0	0x634d0	0x40054000
main-arm.bin	0x534dc	0x634dc	0x4004e000
main-arm.bin	0x538f0	0x638f0	0xe005006d
main-arm.bin	0x53980	0x63980	0xe00d085c
main-arm.bin	0x5399c	0x6399c	0xe00e9b07
main-arm.bin	0x539a0	0x639a0	0x4000f809
main-arm.bin	0x53a30	0x63a30	0xe002037f
main-arm.bin	0x53a48	0x63a48	0xe0029304
main-arm.bin	0x53b70	0x63b70	0xe00f9801
main-arm.bin	0x54228	0x64228	0xe0015501
main-arm.bin	0x54298	0x64298	0xe002037f
main-arm.bin	0x542b0	0x642b0	0xe0029307
main-arm.bin	0x545ec	0x645ec	0x4001cc04
main-arm.bin	0x545f0	0x645f0	0x40053400
main-arm.bin	0x545f8	0x645f8	0x40010834
main-arm.bin	0x5474c	0x6474c	0x4001d404
main-arm.bin	0x54750	0x64750	0x40053400
main-arm.bin	0x54758	0x64758	0x40010838
main-arm.bin	0x54b60	0x64b60	0xe00d30f0
main-arm.bin	0x54f7c	0x64f7c	0xe0054800
main-arm.bin	0x5523c	0x6523c	0xe00f2001
main-arm.bin	0x55378	0x65378	0xe0020094
main-arm.bin	0x553fc	0x653fc	0xe0041a80
main-arm.bin	0x55448	0x65448	0xe0041a51
main-arm.bin	0x5548c	0x6548c	0xe0024610
main-arm.bin	0x5560c	0x6560c	0xe00d2700
main-arm.bin	0x556dc	0x656dc	0xe0020208
main-arm.bin	0x556e0	0x656e0	0xe0046902
main-arm.bin	0x55740	0x65740	0xe000ed04
main-arm.bin	0x557d8	0x657d8	0xe000ed0c
main-arm.bin	0x55808	0x65808	0xe00702c3
main-arm.bin	0x558bc	0x658bc	0xe000ed04
main-arm.bin	0x55908	0x65908	0xe000ed04
main-arm.bin	0x55960	0x65960	0xe0046060
main-arm.bin	0x559a8	0x659a8	0xe000ed04
main-arm.bin	0x55e20	0x65e20	0xe001e000
main-arm.bin	0x55e54	0x65e54	0xe0027011
main-arm.bin	0x55edc	0x65edc	0xe003fdc8
main-arm.bin	0x55f44	0x65f44	0xe0016820
main-arm.bin	0x56140	0x66140	0x40046666
main-arm.bin	0x5632c	0x6632c	0xe0036830
main-arm.bin	0x56524	0x66524	0xe00ad103
main-arm.bin	0x565b4	0x665b4	0xe00ab118
main-arm.bin	0x56604	0x66604	0xe000ed04
main-arm.bin	0x56690	0x66690	0xe000ed00
main-arm.bin	0x56694	0x66694	0xe000e400
main-arm.bin	0x5669c	0x6669c	0xe000ef34
main-arm.bin	0x5679c	0x6679c	0xe000ed04
main-arm.bin	0x56898	0x66898	0xe000ed04
main-arm.bin	0x56a0c	0x66a0c	0xe000ed04
main-arm.bin	0x56a6c	0x66a6c	0xe006b11e
main-arm.bin	0x56b24	0x66b24	0xe005e782
main-arm.bin	0x56b38	0x66b38	0xe000ed04
main-arm.bin	0x56c80	0x66c80	0xe00262a2
main-arm.bin	0x5708c	0x6708c	0xe000ed04
main-arm.bin	0x574a4	0x674a4	0xe0080000
main-arm.bin	0x5a74c	0x6a74c	0xe00d0000
main-arm.bin	0x5aab4	0x6aab4	0xe00ff3af
main-arm.bin	0x6324c	0x7324c	0xe00700aa
main-arm.bin	0x632cc	0x732cc	0xe008601f
main-arm.bin	0x6341c	0x7341c	0xe00947be
main-arm.bin	0x63430	0x73430	0xe009009e
main-arm.bin	0x634d4	0x734d4	0xe00a0000
main-arm.bin	0x63638	0x73638	0xe00d0000
main-arm.bin	0x636dc	0x736dc	0xe0090000
main-arm.bin	0x63af0	0x73af0	0xe0077f8f
main-arm.bin	0x63ee0	0x73ee0	0xe008ad00
main-arm.bin	0x641bc	0x741bc	0xe0090000
main-arm.bin	0x643dc	0x743dc	0xe0090000
main-arm.bin	0x64454	0x74454	0xe0096f00
main-arm.bin	0x65834	0x75834	0x40020030
main-arm.bin	0x65850	0x75850	0x4002e02f
main-arm.bin	0x658d0	0x758d0	0x40030007
main-arm.bin	0x65a50	0x75a50	0xe002002e
main-arm.bin	0x65afc	0x75afc	0xe001003c
main-arm.bin	0x65c88	0x75c88	0xe0010f00
main-arm.bin	0x65ce0	0x75ce0	0x4003000d
main-arm.bin	0x65d84	0x75d84	0x40072c3c
main-arm.bin	0x65dd4	0x75dd4	0x40030007
main-arm.bin	0x6626c	0x7626c	0x40036700
main-arm.bin	0x662ec	0x762ec	0xe002800b
main-arm.bin	0x66580	0x76580	0x40030000
main-arm.bin	0x666d4	0x766d4	0x40037000
main-arm.bin	0x667bc	0x767bc	0x40030000
main-arm.bin	0x667d8	0x767d8	0x40038003
main-arm.bin	0x66808	0x76808	0x40035c75
main-arm.bin	0x6680c	0x7680c	0x40030c30
main-arm.bin	0x66810	0x76810	0x40030c30
main-arm.bin	0x66814	0x76814	0x40030c70
main-arm.bin	0x668bc	0x768bc	0x40000000
main-arm.bin	0x668c8	0x768c8	0x40030470
main-arm.bin	0x66db0	0x76db0	0x4003c000
main-arm.bin	0x66dc0	0x76dc0	0x40030700
main-arm.bin	0x66e48	0x76e48	0x40030000
main-arm.bin	0x66ed0	0x76ed0	0x40030000
main-arm.bin	0x66ee8	0x76ee8	0xe00f2de0
main-arm.bin	0x66fa0	0x76fa0	0x4003c4ff
main-arm.bin	0x670bc	0x770bc	0x4007000a
main-arm.bin	0x67148	0x77148	0x40030000
main-arm.bin	0x67188	0x77188	0x40000000
main-arm.bin	0x68174	0x78174	0x40030000
main-arm.bin	0x68584	0x78584	0x4007b000
main-arm.bin	0x686d8	0x786d8	0x40000000
main-arm.bin	0x68780	0x78780	0x40030d34
main-arm.bin	0x68784	0x78784	0x40030d34
main-arm.bin	0x68970	0x78970	0x40000000
main-arm.bin	0x68b1c	0x78b1c	0x40030ac0
main-arm.bin	0x68b24	0x78b24	0x400305c0
main-arm.bin	0x68b2c	0x78b2c	0x400300f8
main-arm.bin	0x6a014	0x7a014	0x40000174
main-arm.bin	0x6cd48	0x7cd48	0xe00400dc
main-arm.bin	0x728b4	0x828b4	0xe007f01f
ble-riscv.bin	0xe8	0x10e8	0xe000f7b7
ble-riscv.bin	0x128	0x1128	0x400017b7
ble-riscv.bin	0x14c	0x114c	0x400017b7
ble-riscv.bin	0x198	0x1198	0xe000f737
ble-riscv.bin	0x28c	0x128c	0xe000f4b7
ble-riscv.bin	0x324	0x1324	0x400016b7
ble-riscv.bin	0x348	0x1348	0x40001437
ble-riscv.bin	0x460	0x1460	0x400017b7
ble-riscv.bin	0x588	0x1588	0x400017b7
ble-riscv.bin	0x5c0	0x15c0	0x400017b7
ble-riscv.bin	0x64c	0x164c	0x400027b7
ble-riscv.bin	0x6b4	0x16b4	0x400027b7
ble-riscv.bin	0x704	0x1704	0x40002737
ble-riscv.bin	0x8f4	0x18f4	0xe000e7b7
ble-riscv.bin	0x90c	0x190c	0x400017b7
ble-riscv.bin	0x938	0x1938	0x40002437
ble-riscv.bin	0xe80	0x1e80	0x400016b7
ble-riscv.bin	0xea4	0x1ea4	0x400016b7
ble-riscv.bin	0xfa8	0x1fa8	0x400017b7
ble-riscv.bin	0x1068	0x2068	0x40001437
ble-riscv.bin	0x1218	0x2218	0x400017b7
ble-riscv.bin	0x12ac	0x22ac	0x400017b7
ble-riscv.bin	0x12bc	0x22bc	0x400017b7
ble-riscv.bin	0x1318	0x2318	0x400017b7
ble-riscv.bin	0x1328	0x2328	0x40001737
ble-riscv.bin	0x14b0	0x24b0	0x400017b7
ble-riscv.bin	0x14d8	0x24d8	0x400017b7
ble-riscv.bin	0x1500	0x2500	0x400017b7
ble-riscv.bin	0x1518	0x2518	0x400017b7
ble-riscv.bin	0x15d8	0x25d8	0x400017b7
ble-riscv.bin	0x15e4	0x25e4	0x400017b7
ble-riscv.bin	0x1614	0x2614	0x40005737
ble-riscv.bin	0x168c	0x268c	0x400057b7
ble-riscv.bin	0x16a0	0x26a0	0x40005737
ble-riscv.bin	0x16b0	0x26b0	0x40005737
ble-riscv.bin	0x16d0	0x26d0	0x400057b7
ble-riscv.bin	0x16e8	0x26e8	0x400017b7
ble-riscv.bin	0x1764	0x2764	0x400017b7
ble-riscv.bin	0x17cc	0x27cc	0x400037b7
ble-riscv.bin	0x18d0	0x28d0	0x40003737
ble-riscv.bin	0x1914	0x2914	0x400037b7
ble-riscv.bin	0x19f8	0x29f8	0x400087b7
ble-riscv.bin	0x1a00	0x2a00	0x400016b7
ble-riscv.bin	0x1a74	0x2a74	0x400087b7
ble-riscv.bin	0x1aa0	0x2aa0	0x400087b7
ble-riscv.bin	0x22d4	0x32d4	0xe000f6b7
ble-riscv.bin	0x240c	0x340c	0xe0060613
ble-riscv.bin	0x2978	0x3978	0xe0090593
ble-riscv.bin	0x29cc	0x39cc	0xe0040593
ble-riscv.bin	0x2c30	0x3c30	0xe0090593
ble-riscv.bin	0x2e48	0x3e48	0x4007c583
ble-riscv.bin	0x3810	0x4810	0x400017b7
ble-riscv.bin	0x3894	0x4894	0x400027b7
ble-riscv.bin	0x390c	0x490c	0x400057b7
ble-riscv.bin	0x3b1c	0x4b1c	0x40002437
ble-riscv.bin	0x3b44	0x4b44	0xe000e4b7
ble-riscv.bin	0x3b58	0x4b58	0x40003437
ble-riscv.bin	0x3e08	0x4e08	0xe000e7b7
ble-riscv.bin	0x3fc8	0x4fc8	0x400087b7
ble-riscv.bin	0x4014	0x5014	0x400087b7
ble-riscv.bin	0x4158	0x5158	0x400087b7
ble-riscv.bin	0x41fc	0x51fc	0xe0070ce3
ble-riscv.bin	0x43f0	0x53f0	0x400087b7
ble-riscv.bin	0x4438	0x5438	0x40008737
ble-riscv.bin	0x445c	0x545c	0x40008737
ble-riscv.bin	0x44ec	0x54ec	0x400087b7
ble-riscv.bin	0x4658	0x5658	0xe000e7b7
ble-riscv.bin	0x4690	0x5690	0x40000513
ble-riscv.bin	0x4dc8	0x5dc8	0xe0078de3
ble-riscv.bin	0x4f84	0x5f84	0x40000593
ble-riscv.bin	0x50cc	0x60cc	0x40000593
ble-riscv.bin	0x5ee4	0x6ee4	0x400017b7
ble-riscv.bin	0x5f08	0x6f08	0x4005f793
ble-riscv.bin	0x5f30	0x6f30	0x4004c513
ble-riscv.bin	0x63bc	0x73bc	0x40000513
ble-riscv.bin	0x65ac	0x75ac	0xe0058593
ble-riscv.bin	0x70e0	0x80e0	0x40000009
ble-riscv.bin	0x7128	0x8128	0x40000793
ble-riscv.bin	0x7f8c	0x8f8c	0x40038105
ble-riscv.bin	0x7fa0	0x8fa0	0x40000000
