target	raw_lcall_candidates	created	source_addresses
129e	3	true	[36326, 39231, 41222]
1d06	6	true	[12678, 12684, 12691, 12698, 12705, 12712]
1d32	3	true	[6629, 6988, 7187]
1d52	4	true	[6733, 6764, 6843, 6864]
1d62	6	true	[11117, 11167, 11217, 11267, 11317, 11367]
1d6e	3	true	[6479, 6888, 7085]
1d8d	10	true	[19192, 19212, 19217, 19222, 19227, 19232, 19237, 19242, 19247, 19252]
1d98	5	true	[5910, 5949, 5999, 6049, 37921]
1da9	3	true	[28370, 28376, 28390]
1dbe	7	true	[6222, 6247, 6276, 6301, 6330, 6355, 6388]
1dc5	3	true	[6574, 6792, 6945]
1dd3	3	true	[19016, 19031, 19046]
1de3	4	true	[6685, 6821, 7281, 28393]
1e02	7	true	[6215, 6240, 6269, 6294, 6323, 6348, 6381]
1e1d	4	true	[11012, 11035, 11057, 11077]
1e28	5	true	[29862, 33064, 34496, 34503, 34513]
1e72	3	true	[31918, 39331, 39354]
1e86	6	true	[11107, 11157, 11207, 11257, 11307, 11357]
1ed2	3	true	[6557, 6916, 7113]
1efd	4	true	[6513, 7005, 7130, 7350]
1f18	3	true	[6585, 6803, 6956]
1f20	3	true	[6639, 6998, 7197]
1f28	3	true	[19021, 19036, 19051]
1f60	3	true	[6532, 6891, 7088]
3491	3	true	[41836, 42354, 42779]
349f	3	true	[26539, 41885, 42587]
34ac	3	true	[42608, 42833, 42839]
34b9	3	true	[42615, 42845, 42851]
34de	4	true	[11483, 11547, 11818, 11911]
354e	4	true	[19758, 19816, 22661, 22705]
4690	5	true	[8630, 8751, 8763, 8871, 8883]
4696	5	true	[16900, 16912, 16924, 16936, 29576]
46a7	4	true	[8430, 8757, 8769, 8877]
46b2	3	true	[16438, 16553, 16624]
4736	3	true	[16748, 16989, 30737]
4749	3	true	[8565, 8976, 9023]
4752	4	true	[8369, 16781, 17032, 32543]
4758	4	true	[34235, 37359, 39539, 39561]
4778	3	true	[16945, 16956, 16967]
4789	3	true	[16680, 16689, 16706]
47a3	3	true	[5118, 5142, 5166]
4a33	3	true	[4412, 18787, 18819]
4ffe	3	true	[4954, 5189, 5438]
5000	3	true	[21785, 21812, 21843]
5049	3	true	[21775, 21802, 21833]
506b	4	true	[22192, 22365, 42701, 42707]
5a9d	6	true	[5708, 5759, 5842, 5873, 5884, 5895]
621e	3	true	[12001, 27796, 27877]
6234	6	true	[14532, 26163, 26177, 33170, 35847, 35861]
6240	3	true	[14392, 14715, 36332]
624e	3	true	[14425, 14650, 27845]
6266	3	true	[12037, 14544, 26192]
6a27	9	true	[4601, 5200, 5316, 5427, 5599, 5692, 16225, 36185, 40517]
6ba4	3	true	[30047, 34448, 39650]
7616	9	true	[8118, 9772, 9855, 10019, 10034, 10097, 10155, 34792, 36245]
7c14	6	true	[32313, 32379, 35915, 35920, 35957, 35962]
7ef7	4	true	[4919, 5510, 5558, 5579]
8229	8	true	[5098, 5103, 5112, 10139, 17056, 29570, 29587, 30731]
82d6	3	true	[15186, 15256, 15317]
83c7	4	true	[41501, 41513, 41537, 41549]
83d4	6	true	[41325, 41519, 41924, 41935, 42087, 42097]
83e7	3	true	[41929, 41940, 42092]
866f	4	true	[36239, 37692, 38785, 39668]
8954	4	true	[4967, 8479, 8997, 39405]
89e0	3	true	[12202, 16694, 16703]
9000	5	true	[12337, 12462, 19881, 28406, 28428]
90d1	12	true	[4630, 4994, 9282, 10082, 14889, 23597, 26781, 30861, 32587, 32918, 35175, 38203]
9115	4	true	[5007, 8113, 10014, 15998]
9340	5	true	[9738, 9913, 9926, 16154, 24911]
9379	15	true	[31761, 31774, 32345, 32363, 32411, 32429, 35923, 35965, 37728, 37735, 37738, 37741, 37744, 37747, 37750]
93fa	4	true	[30033, 36236, 37689, 39643]
9696	4	true	[5136, 16104, 38159, 38999]
974d	17	true	[8212, 16725, 16736, 16802, 16813, 16824, 16835, 16846, 23222, 29498, 29529, 30722, 30765, 30784, 38555, 41605, 42129]
979a	3	true	[29004, 36110, 37062]
9800	5	true	[11544, 12068, 34199, 35212, 38550]
984b	4	true	[5145, 5169, 5377, 16199]
9894	5	true	[24590, 32511, 34215, 37209, 37243]
98f4	5	true	[35203, 38942, 40825, 40841, 40857]
990c	3	true	[12150, 34204, 35217]
9a23	13	true	[4596, 5461, 8254, 14816, 22749, 23472, 23501, 26870, 26884, 31984, 33239, 35170, 35192]
9a39	5	true	[5541, 34177, 38969, 40880, 40896]
9cb7	4	true	[26208, 31633, 32253, 42869]
9cf0	5	true	[9667, 26510, 34212, 35225, 38568]
9d85	3	true	[23325, 29402, 39060]
9d97	3	true	[9032, 15509, 22959]
9dbb	6	true	[35240, 38952, 39156, 40831, 40847, 40863]
9e27	5	true	[12475, 18874, 18978, 18995, 35706]
9ec9	4	true	[10087, 30827, 30844, 35160]
9f19	8	true	[4718, 4777, 5045, 5068, 5076, 5179, 5250, 5680]
9fe9	3	true	[30052, 38591, 39673]
a01e	9	true	[8074, 9786, 9826, 9948, 9992, 10119, 28999, 32592, 36098]
a05a	3	true	[4927, 5239, 9113]
a11f	3	true	[4658, 16293, 34103]
a146	3	true	[16769, 29520, 30756]
a153	18	true	[4861, 5124, 5622, 12408, 15356, 16523, 16686, 21746, 22389, 22678, 23559, 23572, 29920, 29928, 36044, 38972, 38987, 41615]
a17a	3	true	[9181, 14830, 14901]
a223	9	true	[25357, 27163, 27937, 28756, 31156, 31580, 32220, 33133, 36139]
a22f	7	true	[27075, 28706, 28733, 29123, 29151, 31161, 36128]
a247	3	true	[27082, 28015, 29143]
a283	4	true	[16043, 21114, 33218, 35877]
a29b	3	true	[4731, 5176, 29915]
a32a	3	true	[4144, 19571, 38806]
a36c	4	true	[9889, 9908, 10136, 30873]
a3a3	7	true	[4787, 5203, 8526, 9000, 16491, 16666, 33646]
a3ae	5	true	[5731, 8192, 8535, 9009, 16500]
a3c4	3	true	[22771, 22800, 28961]
a403	3	true	[22542, 24400, 34415]
a435	6	true	[4665, 8055, 28992, 30820, 32578, 40458]
a471	4	true	[16242, 25272, 38092, 38113]
a485	3	true	[25394, 27920, 29120]
a53c	13	true	[5416, 5615, 5648, 5724, 34272, 34356, 35533, 36203, 36691, 38100, 38139, 39663, 41747]
a572	5	true	[8151, 8174, 9899, 29023, 30866]
a5dd	10	true	[8050, 18729, 18780, 18796, 18812, 18828, 28987, 32570, 36105, 37057]
a607	38	true	[8081, 14896, 18844, 21210, 21220, 22848, 27951, 27967, 28674, 28684, 28713, 28766, 29161, 31168, 32599, 33250, 33666, 34404, 35890, 35897, 36020, 36082, 36146, 37041, 37581, 37613, 37645, 38134, 38171, 39393, 39581, 39625, 40254, 41235, 41653, 41677, 41701, 41713]
a60e	26	true	[8139, 8161, 9250, 14876, 16254, 16268, 18738, 18752, 25298, 25307, 25324, 25336, 27915, 27927, 27944, 28694, 28956, 29011, 30852, 32609, 34081, 34098, 34165, 40453, 41569, 41665]
a65b	5	true	[5523, 16028, 34386, 39257, 40474]
a68c	6	true	[25284, 27993, 28728, 31111, 33113, 36123]
a6a1	15	true	[5131, 34112, 34155, 35872, 36192, 37549, 37559, 37571, 37603, 37635, 38124, 38154, 38994, 39571, 39615]
a6a8	18	true	[23492, 34289, 37539, 37591, 37623, 37655, 38184, 38194, 39416, 39593, 39603, 40875, 40891, 41641, 41689, 41725, 41737, 42455]
a6cd	3	true	[12348, 19484, 38788]
a71b	7	true	[8088, 8146, 9840, 10064, 17051, 29018, 29051]
a739	9	true	[4794, 5228, 5253, 5655, 9102, 33814, 41299, 41891, 41902]
a73f	19	true	[4565, 4649, 4842, 4858, 4912, 4936, 5028, 5291, 5311, 5481, 5563, 5586, 8546, 9020, 16677, 33229, 35904, 40912, 40928]
a786	4	true	[5738, 7025, 7207, 16057]
a7ae	4	true	[4922, 5602, 29912, 33656]
a7b3	17	true	[9662, 15145, 23528, 39252, 39426, 40469, 40905, 40921, 42147, 42157, 42167, 42177, 42187, 42197, 42207, 42217, 42227]
a7e7	4	true	[15294, 21729, 35389, 36061]
a809	4	true	[4609, 9775, 10105, 34294]
a815	8	true	[12082, 15169, 16403, 21884, 21904, 22253, 22402, 35397]
ab49	10	true	[24629, 24694, 24702, 24737, 24750, 27609, 31951, 32534, 32552, 34479]
ab95	3	true	[6568, 6927, 7124]
acbf	9	true	[5988, 6038, 6087, 16468, 16564, 16635, 16657, 18141, 29478]
acdd	10	true	[5938, 5977, 7527, 8420, 8502, 15336, 18223, 29543, 30773, 37392]
acf0	7	true	[6027, 6076, 7556, 16457, 16542, 16613, 18111]
ad03	10	true	[8228, 8342, 8357, 15320, 15367, 15441, 18073, 29463, 29538, 30768]
ad61	6	true	[16906, 16918, 16930, 16942, 29582, 30793]
ad92	9	true	[6225, 6250, 6279, 6304, 6333, 6358, 6391, 6667, 7257]
ada9	4	true	[44443, 44446, 44449, 44452]
adc3	4	true	[29411, 29420, 29430, 29443]
aed0	10	true	[15245, 15275, 19633, 19666, 20504, 20539, 22285, 22322, 29831, 29856]
