call_or_jump	table_address	selector	target	method
10d6	10d9	1	1374	compiler_helper_ae53
10d6	10dc	2	13b3	compiler_helper_ae53
10d6	10df	3	13d4	compiler_helper_ae53
10d6	10e2	4	13f8	compiler_helper_ae53
10d6	10e5	6	1401	compiler_helper_ae53
10d6	10e8	7	1420	compiler_helper_ae53
10d6	10eb	8	14f2	compiler_helper_ae53
10d6	10ee	9	1438	compiler_helper_ae53
10d6	10f1	10	1636	compiler_helper_ae53
10d6	10f4	11	144e	compiler_helper_ae53
10d6	10f7	13	1462	compiler_helper_ae53
10d6	10fa	14	146c	compiler_helper_ae53
10d6	10fd	15	15c0	compiler_helper_ae53
10d6	1100	16	1531	compiler_helper_ae53
10d6	1103	17	135a	compiler_helper_ae53
10d6	1106	18	1356	compiler_helper_ae53
10d6	1109	19	1543	compiler_helper_ae53
10d6	110c	20	1501	compiler_helper_ae53
10d6	110f	22	1523	compiler_helper_ae53
10d6	1112	23	14fc	compiler_helper_ae53
10d6	1115	24	1630	compiler_helper_ae53
10d6	1118	37	1506	compiler_helper_ae53
10d6	111b	38	1515	compiler_helper_ae53
10d6	111e	39	151e	compiler_helper_ae53
10d6	1121	40	1563	compiler_helper_ae53
10d6	1124	41	1572	compiler_helper_ae53
10d6	1127	42	1567	compiler_helper_ae53
10d6	112a	43	1593	compiler_helper_ae53
10d6	112d	45	15b2	compiler_helper_ae53
10d6	1130	46	15c7	compiler_helper_ae53
10d6	1133	47	15d0	compiler_helper_ae53
10d6	1136	49	1212	compiler_helper_ae53
10d6	1139	50	1232	compiler_helper_ae53
10d6	113c	51	124a	compiler_helper_ae53
10d6	113f	52	125e	compiler_helper_ae53
10d6	1142	53	129a	compiler_helper_ae53
10d6	1145	54	129f	compiler_helper_ae53
10d6	1148	55	12a9	compiler_helper_ae53
10d6	114b	56	11dc	compiler_helper_ae53
10d6	114e	57	1201	compiler_helper_ae53
10d6	1151	58	1316	compiler_helper_ae53
10d6	1154	60	11d3	compiler_helper_ae53
10d6	1157	61	1630	compiler_helper_ae53
10d6	115a	62	132e	compiler_helper_ae53
10d6	115d	64	1344	compiler_helper_ae53
10d6	1160	65	1346	compiler_helper_ae53
10d6	1163	67	134d	compiler_helper_ae53
10d6	1166	68	131d	compiler_helper_ae53
10d6	1169	69	1318	compiler_helper_ae53
10d6	116c	70	1321	compiler_helper_ae53
10d6	116f	71	132c	compiler_helper_ae53
10d6	1172	88	1641	compiler_helper_ae53
10d6	1175	89	150b	compiler_helper_ae53
10d6	1178	90	1528	compiler_helper_ae53
10d6	117b	91	1510	compiler_helper_ae53
10d6	117e	92	1528	compiler_helper_ae53
10d6	1181	94	15d7	compiler_helper_ae53
10d6	1184	95	15e7	compiler_helper_ae53
10d6	1187	96	1636	compiler_helper_ae53
10d6	118a	97	163a	compiler_helper_ae53
10d6	118d	98	1629	compiler_helper_ae53
10d6	1190	99	160b	compiler_helper_ae53
10d6	1193	100	15ff	compiler_helper_ae53
10d6	1196	101	15eb	compiler_helper_ae53
10d6	1199	102	15ff	compiler_helper_ae53
10d6	119c	103	15ef	compiler_helper_ae53
10d6	119f	107	155c	compiler_helper_ae53
10d6	11a2	109	16dd	compiler_helper_ae53
10d6	11a5	112	1646	compiler_helper_ae53
10d6	11a8	113	1651	compiler_helper_ae53
10d6	11ab	114	165c	compiler_helper_ae53
10d6	11ae	116	13b5	compiler_helper_ae53
10d6	11b1	117	13f8	compiler_helper_ae53
10d6	11b4	119	13cc	compiler_helper_ae53
10d6	11b7	120	13f8	compiler_helper_ae53
10d6	11ba	121	1679	compiler_helper_ae53
10d6	11bd	124	169e	compiler_helper_ae53
10d6	11c0	127	16b8	compiler_helper_ae53
10d6	11c3	129	16c2	compiler_helper_ae53
10d6	11c6	131	16cc	compiler_helper_ae53
10d6	11c9	133	168a	compiler_helper_ae53
10d6	11cc	136	1694	compiler_helper_ae53
10d6	11cf	default	16e4	compiler_helper_ae53
12c2	12c5	0	12e4	compiler_helper_ae53
12c2	12c8	1	12e4	compiler_helper_ae53
12c2	12cb	2	12e8	compiler_helper_ae53
12c2	12ce	4	12e4	compiler_helper_ae53
12c2	12d1	5	12e4	compiler_helper_ae53
12c2	12d4	6	12e8	compiler_helper_ae53
12c2	12d7	7	12e8	compiler_helper_ae53
12c2	12da	12	12f4	compiler_helper_ae53
12c2	12dd	14	12f8	compiler_helper_ae53
12c2	12e0	default	12fd	compiler_helper_ae53
148d	1490	2	14a9	compiler_helper_ae53
148d	1493	6	14a9	compiler_helper_ae53
148d	1496	7	14ae	compiler_helper_ae53
148d	1499	10	14c2	compiler_helper_ae53
148d	149c	12	14b5	compiler_helper_ae53
148d	149f	13	14c2	compiler_helper_ae53
148d	14a2	14	14b9	compiler_helper_ae53
148d	14a5	default	14bd	compiler_helper_ae53
1851	1854	4_literal_bytes	1858	return_address_plus_four
186a	186d	4_literal_bytes	1871	return_address_plus_four
1887	188a	4_literal_bytes	188e	return_address_plus_four
18a0	18a3	4_literal_bytes	18a7	return_address_plus_four
18bd	18c0	4_literal_bytes	18c4	return_address_plus_four
18d6	18d9	4_literal_bytes	18dd	return_address_plus_four
18f7	18fa	4_literal_bytes	18fe	return_address_plus_four
1a0b	1a0e	4_literal_bytes	1a12	return_address_plus_four
1c59	1c5c	4_literal_bytes	1c60	return_address_plus_four
244a	244d	0	24fc	compiler_helper_ae53
244a	2450	1	2503	compiler_helper_ae53
244a	2453	2	2508	compiler_helper_ae53
244a	2456	6	2517	compiler_helper_ae53
244a	2459	8	2549	compiler_helper_ae53
244a	245c	9	251c	compiler_helper_ae53
244a	245f	10	2521	compiler_helper_ae53
244a	2462	11	2526	compiler_helper_ae53
244a	2465	12	25be	compiler_helper_ae53
244a	2468	13	252b	compiler_helper_ae53
244a	246b	14	2530	compiler_helper_ae53
244a	246e	15	25be	compiler_helper_ae53
244a	2471	16	2535	compiler_helper_ae53
244a	2474	17	24f7	compiler_helper_ae53
244a	2477	18	24f2	compiler_helper_ae53
244a	247a	19	253a	compiler_helper_ae53
244a	247d	20	25be	compiler_helper_ae53
244a	2480	21	2562	compiler_helper_ae53
244a	2483	22	25be	compiler_helper_ae53
244a	2486	24	24ed	compiler_helper_ae53
244a	2489	37	25be	compiler_helper_ae53
244a	248c	38	2558	compiler_helper_ae53
244a	248f	39	255d	compiler_helper_ae53
244a	2492	40	2567	compiler_helper_ae53
244a	2495	41	2571	compiler_helper_ae53
244a	2498	42	256c	compiler_helper_ae53
244a	249b	43	257b	compiler_helper_ae53
244a	249e	45	2576	compiler_helper_ae53
244a	24a1	46	2580	compiler_helper_ae53
244a	24a4	88	25be	compiler_helper_ae53
244a	24a7	89	254e	compiler_helper_ae53
244a	24aa	91	2553	compiler_helper_ae53
244a	24ad	94	2585	compiler_helper_ae53
244a	24b0	95	258a	compiler_helper_ae53
244a	24b3	96	258f	compiler_helper_ae53
244a	24b6	97	2594	compiler_helper_ae53
244a	24b9	98	2599	compiler_helper_ae53
244a	24bc	100	259e	compiler_helper_ae53
244a	24bf	101	25a8	compiler_helper_ae53
244a	24c2	102	25a3	compiler_helper_ae53
244a	24c5	106	253f	compiler_helper_ae53
244a	24c8	107	2544	compiler_helper_ae53
244a	24cb	112	25ad	compiler_helper_ae53
244a	24ce	115	250d	compiler_helper_ae53
244a	24d1	118	2512	compiler_helper_ae53
244a	24d4	122	25b6	compiler_helper_ae53
244a	24d7	123	25b6	compiler_helper_ae53
244a	24da	125	25b6	compiler_helper_ae53
244a	24dd	126	25b6	compiler_helper_ae53
244a	24e0	128	25b6	compiler_helper_ae53
244a	24e3	130	25b6	compiler_helper_ae53
244a	24e6	132	25b6	compiler_helper_ae53
244a	24e9	default	25ca	compiler_helper_ae53
29ae	29b1	4_literal_bytes	29b5	return_address_plus_four
29bb	29be	4_literal_bytes	29c2	return_address_plus_four
29ca	29cd	4_literal_bytes	29d1	return_address_plus_four
29d7	29da	4_literal_bytes	29de	return_address_plus_four
29e6	29e9	4_literal_bytes	29ed	return_address_plus_four
29f3	29f6	4_literal_bytes	29fa	return_address_plus_four
3a3b	3a3e	0	3ab6	compiler_helper_ae53
3a3b	3a41	49	3abd	compiler_helper_ae53
3a3b	3a44	50	3ac2	compiler_helper_ae53
3a3b	3a47	51	3ac7	compiler_helper_ae53
3a3b	3a4a	52	3acc	compiler_helper_ae53
3a3b	3a4d	53	3ad1	compiler_helper_ae53
3a3b	3a50	54	3ad6	compiler_helper_ae53
3a3b	3a53	55	3adf	compiler_helper_ae53
3a3b	3a56	56	3aac	compiler_helper_ae53
3a3b	3a59	57	3ab1	compiler_helper_ae53
3a3b	3a5c	58	3b29	compiler_helper_ae53
3a3b	3a5f	60	3aa7	compiler_helper_ae53
3a3b	3a62	61	3aa2	compiler_helper_ae53
3a3b	3a65	62	3afd	compiler_helper_ae53
3a3b	3a68	63	3b02	compiler_helper_ae53
3a3b	3a6b	64	3b07	compiler_helper_ae53
3a3b	3a6e	67	3b0c	compiler_helper_ae53
3a3b	3a71	68	3ae4	compiler_helper_ae53
3a3b	3a74	69	3b29	compiler_helper_ae53
3a3b	3a77	71	3b29	compiler_helper_ae53
3a3b	3a7a	88	3b29	compiler_helper_ae53
3a3b	3a7d	89	3af3	compiler_helper_ae53
3a3b	3a80	91	3af8	compiler_helper_ae53
3a3b	3a83	106	3ae9	compiler_helper_ae53
3a3b	3a86	107	3aee	compiler_helper_ae53
3a3b	3a89	122	3b15	compiler_helper_ae53
3a3b	3a8c	123	3b15	compiler_helper_ae53
3a3b	3a8f	125	3b15	compiler_helper_ae53
3a3b	3a92	126	3b15	compiler_helper_ae53
3a3b	3a95	128	3b15	compiler_helper_ae53
3a3b	3a98	130	3b15	compiler_helper_ae53
3a3b	3a9b	132	3b15	compiler_helper_ae53
3a3b	3a9e	default	3b32	compiler_helper_ae53
3e2d	3e30	1	3e7c	compiler_helper_ae53
3e2d	3e33	3	3e90	compiler_helper_ae53
3e2d	3e36	4	3f6f	compiler_helper_ae53
3e2d	3e39	7	3e83	compiler_helper_ae53
3e2d	3e3c	8	3e86	compiler_helper_ae53
3e2d	3e3f	9	3e89	compiler_helper_ae53
3e2d	3e42	10	3e89	compiler_helper_ae53
3e2d	3e45	11	3e9c	compiler_helper_ae53
3e2d	3e48	16	3f6f	compiler_helper_ae53
3e2d	3e4b	17	3e8d	compiler_helper_ae53
3e2d	3e4e	20	3e93	compiler_helper_ae53
3e2d	3e51	23	3e96	compiler_helper_ae53
3e2d	3e54	24	3e99	compiler_helper_ae53
3e2d	3e57	33	3f07	compiler_helper_ae53
3e2d	3e5a	34	3ea8	compiler_helper_ae53
3e2d	3e5d	35	3ece	compiler_helper_ae53
3e2d	3e60	41	3ea8	compiler_helper_ae53
3e2d	3e63	42	3eab	compiler_helper_ae53
3e2d	3e66	47	3ec2	compiler_helper_ae53
3e2d	3e69	67	3ee2	compiler_helper_ae53
3e2d	3e6c	68	3ee5	compiler_helper_ae53
3e2d	3e6f	80	3ee8	compiler_helper_ae53
3e2d	3e72	97	3f01	compiler_helper_ae53
3e2d	3e75	98	3f04	compiler_helper_ae53
3e2d	3e78	default	3f26	compiler_helper_ae53
41ed	41f0	4_literal_bytes	41f4	return_address_plus_four
41fa	41fd	4_literal_bytes	4201	return_address_plus_four
4b73	4b76	1	4b9b	compiler_helper_ae53
4b73	4b79	3	4b9b	compiler_helper_ae53
4b73	4b7c	4	4b9b	compiler_helper_ae53
4b73	4b7f	5	4b9b	compiler_helper_ae53
4b73	4b82	7	4b9b	compiler_helper_ae53
4b73	4b85	8	4b98	compiler_helper_ae53
4b73	4b88	9	4b9b	compiler_helper_ae53
4b73	4b8b	14	4b9b	compiler_helper_ae53
4b73	4b8e	17	4b9e	compiler_helper_ae53
4b73	4b91	18	4ba5	compiler_helper_ae53
4b73	4b94	default	4c76	compiler_helper_ae53
4bb3	4bb6	1	4c2b	compiler_helper_ae53
4bb3	4bb9	2	4c15	compiler_helper_ae53
4bb3	4bbc	7	4c2e	compiler_helper_ae53
4bb3	4bbf	12	4c25	compiler_helper_ae53
4bb3	4bc2	13	4c22	compiler_helper_ae53
4bb3	4bc5	14	4c3b	compiler_helper_ae53
4bb3	4bc8	17	4c37	compiler_helper_ae53
4bb3	4bcb	19	4c34	compiler_helper_ae53
4bb3	4bce	20	4c25	compiler_helper_ae53
4bb3	4bd1	28	4c28	compiler_helper_ae53
4bb3	4bd4	30	4c25	compiler_helper_ae53
4bb3	4bd7	31	4c25	compiler_helper_ae53
4bb3	4bda	32	4c2e	compiler_helper_ae53
4bb3	4bdd	33	4c31	compiler_helper_ae53
4bb3	4be0	35	4c41	compiler_helper_ae53
4bb3	4be3	36	4c49	compiler_helper_ae53
4bb3	4be6	37	4c44	compiler_helper_ae53
4bb3	4be9	38	4c3e	compiler_helper_ae53
4bb3	4bec	47	4c08	compiler_helper_ae53
4bb3	4bef	48	4c08	compiler_helper_ae53
4bb3	4bf2	50	4bfc	compiler_helper_ae53
4bb3	4bf5	54	4c1c	compiler_helper_ae53
4bb3	4bf8	default	4c76	compiler_helper_ae53
5207	520a	1	5247	compiler_helper_ae53
5207	520d	2	5250	compiler_helper_ae53
5207	5210	7	524a	compiler_helper_ae53
5207	5213	8	524d	compiler_helper_ae53
5207	5216	22	5253	compiler_helper_ae53
5207	5219	24	5256	compiler_helper_ae53
5207	521c	33	5259	compiler_helper_ae53
5207	521f	35	5268	compiler_helper_ae53
5207	5222	42	527a	compiler_helper_ae53
5207	5225	47	525c	compiler_helper_ae53
5207	5228	67	528b	compiler_helper_ae53
5207	522b	68	528e	compiler_helper_ae53
5207	522e	70	5288	compiler_helper_ae53
5207	5231	81	5285	compiler_helper_ae53
5207	5234	97	5291	compiler_helper_ae53
5207	5237	98	5294	compiler_helper_ae53
5207	523a	99	5297	compiler_helper_ae53
5207	523d	100	529a	compiler_helper_ae53
5207	5240	101	529d	compiler_helper_ae53
5207	5243	default	52a0	compiler_helper_ae53
5a21	5a24	0	5a49	compiler_helper_ae53
5a21	5a27	176	5a91	compiler_helper_ae53
5a21	5a2a	178	5a53	compiler_helper_ae53
5a21	5a2d	182	5a73	compiler_helper_ae53
5a21	5a30	186	5a7d	compiler_helper_ae53
5a21	5a33	188	5a82	compiler_helper_ae53
5a21	5a36	190	5a87	compiler_helper_ae53
5a21	5a39	228	5a58	compiler_helper_ae53
5a21	5a3c	230	5a5d	compiler_helper_ae53
5a21	5a3f	232	5a69	compiler_helper_ae53
5a21	5a42	240	5a4e	compiler_helper_ae53
5a21	5a45	default	5a94	compiler_helper_ae53
73fd	7400	1	7439	compiler_helper_ae53
73fd	7403	2	7436	compiler_helper_ae53
73fd	7406	3	7433	compiler_helper_ae53
73fd	7409	4	7430	compiler_helper_ae53
73fd	740c	5	7428	compiler_helper_ae53
73fd	740f	7	743c	compiler_helper_ae53
73fd	7412	8	742d	compiler_helper_ae53
73fd	7415	9	7451	compiler_helper_ae53
73fd	7418	16	742a	compiler_helper_ae53
73fd	741b	17	743f	compiler_helper_ae53
73fd	741e	18	7433	compiler_helper_ae53
73fd	7421	20	7451	compiler_helper_ae53
73fd	7424	default	7454	compiler_helper_ae53
8006	8009	2	8025	compiler_helper_ae53
8006	800c	7	8025	compiler_helper_ae53
8006	800f	8	8025	compiler_helper_ae53
8006	8012	13	8025	compiler_helper_ae53
8006	8015	17	8025	compiler_helper_ae53
8006	8018	67	8025	compiler_helper_ae53
8006	801b	70	8025	compiler_helper_ae53
8006	801e	128	8025	compiler_helper_ae53
8006	8021	default	802c	compiler_helper_ae53
25f3	25f4	0	25f4	two_byte_jump_slot
25f3	25f4	1	25f6	two_byte_jump_slot
25f3	25f4	2	25f8	two_byte_jump_slot
25f3	25f4	3	25fa	two_byte_jump_slot
25f3	25f4	4	25fc	two_byte_jump_slot
25f3	25f4	5	25fe	two_byte_jump_slot
25f3	25f4	6	2600	two_byte_jump_slot
5e99	5e9a	0	5e9a	two_byte_jump_slot
5e99	5e9a	1	5e9c	two_byte_jump_slot
5e99	5e9a	2	5e9e	two_byte_jump_slot
5e99	5e9a	3	5ea0	two_byte_jump_slot
5e99	5e9a	4	5ea2	two_byte_jump_slot
5e99	5e9a	5	5ea4	two_byte_jump_slot
5e99	5e9a	6	5ea6	two_byte_jump_slot
5e99	5e9a	7	5ea8	two_byte_jump_slot
5e99	5e9a	8	5eaa	two_byte_jump_slot
a933	a88e	0	a88e	two_byte_jump_slot
a933	a88e	1	a890	two_byte_jump_slot
a933	a88e	2	a892	two_byte_jump_slot
a933	a88e	3	a894	two_byte_jump_slot
a933	a88e	4	a896	two_byte_jump_slot
a933	a88e	5	a898	two_byte_jump_slot
a933	a88e	6	a89a	two_byte_jump_slot
a933	a88e	7	a89c	two_byte_jump_slot
a933	a88e	8	a89e	two_byte_jump_slot
a933	a88e	9	a8a0	two_byte_jump_slot
a933	a88e	10	a8a2	two_byte_jump_slot
a933	a88e	11	a8a4	two_byte_jump_slot
a933	a88e	12	a8a6	two_byte_jump_slot
a933	a88e	13	a8a8	two_byte_jump_slot
a933	a88e	14	a8aa	two_byte_jump_slot
a933	a88e	15	a8ac	two_byte_jump_slot
