slot	target_in_sdk_reference	name
00040034	0006c278	VER_LIB
00040038	00041eae	tmos_rand
0004003c	2000026a	tmos_memcmp
00040040	200002b4	tmos_isbufset
00040044	20000226	tmos_strlen
00040048	20000214	tmos_memset
0004004c	200001dc	tmos_memcpy
00040050	00042138	tmos_set_event
00040054	00042164	tmos_clear_event
00040058	0004224c	tmos_start_task
0004022c	000423f6	tmos_start_reload_task
0004005c	0004244a	tmos_stop_task
00040060	000424ee	tmos_get_task_timer
00040064	00041d24	tmos_msg_send
00040068	00041c48	tmos_msg_deallocate
0004006c	00041cba	tmos_msg_receive
00040070	00041c74	tmos_msg_allocate
000401e0	00042bb4	tmos_snv_read
00040074	000429c2	TMOS_TimerInit
00040214	20000626	TMOS_TimerIRQHandler
0004007c	0004210e	TMOS_GetSystemClock
00040080	000426a0	TMOS_ProcessEventRegister
00040084	000662a4	LL_AddWhiteListDevice
00040088	0006649c	LL_RemoveWhiteListDevice
0004008c	00066514	LL_ClearWhiteList
00040090	00061b44	LL_Encrypt
00040094	00061b58	LL_Decrypt
00040098	00056856	LL_GetNumberOfUnAckPacket
0004009c	0005594e	LL_ConnectEventRegister
00040250	000558da	LL_AdvertiseEventRegister
000400a0	00065c8c	LL_SetTxPowerLevel
000401e4	00061c80	BLE_ReadRssi
00040218	00061d46	BLE_ReadCfo
000401e8	000624dc	BLE_PAControlInit
000401ec	000625d4	BLE_RegInit
000400a4	000426d6	BLE_LibInit
000400a8	000624fc	BLE_AccessAddressGenerate
000400ac	0004e0bc	linkDB_Register
000400b0	0004e14a	linkDB_State
000400b4	0004e1a2	linkDB_PerformFunc
000400b8	000432b0	ATT_GetMTU
000400bc	000432fc	ATT_HandleValueCfm
000400c0	00043166	ATT_CompareUUID
000400c4	00049ce6	GATT_InitClient
000400c8	000497a0	GATT_RegisterForInd
000400cc	0004a684	GATT_FindHandle
000400d0	0004aa54	GATT_Indication
000400d4	0004ae00	GATT_Notification
000400d8	000489c2	GATT_ExchangeMTU
000400dc	00048960	GATT_DiscAllPrimaryServices
000400e0	00048d4a	GATT_DiscPrimaryServiceByUUID
000400e4	00048a0e	GATT_FindIncludedServices
000400e8	00048936	GATT_DiscAllChars
000400ec	000489ba	GATT_DiscCharsByUUID
000400f0	000488e8	GATT_DiscAllCharDescs
000400f4	00048a92	GATT_ReadCharValue
000400f8	00048aea	GATT_ReadUsingCharUUID
000400fc	00048a9a	GATT_ReadLongCharValue
00040100	00048a9e	GATT_ReadMultiCharValues
00040104	00048b38	GATT_WriteNoRsp
00040108	00048af2	GATT_SignedWriteNoRsp
0004010c	00048b24	GATT_WriteCharValue
00040110	00049046	GATT_WriteLongCharValue
00040114	0004904e	GATT_ReliableWrites
00040118	00048a8e	GATT_ReadCharDesc
0004011c	00048a96	GATT_ReadLongCharDesc
00040120	00048b36	GATT_WriteCharDesc
00040124	0004904a	GATT_WriteLongCharDesc
00040128	00048be6	GATT_bm_alloc
0004012c	000491bc	GATT_bm_free
00040130	0004bc5e	GATTServApp_RegisterService
00040134	0004bcdc	GATTServApp_AddService
000401fc	0004a34e	GATTServApp_DeregisterService
00040138	0004bd1a	GATTServApp_InitCharCfg
00040230	0004a09c	GATTServApp_SendServiceChangedInd
0004013c	00049f4a	GATTServApp_ReadCharCfg
00040140	00049f62	GATTServApp_WriteCharCfg
00040144	00049f9e	GATTServApp_ProcessCCCWriteReq
00040148	00048360	GGS_SetParameter
0004014c	00048444	GGS_GetParameter
00040150	000484ac	GGS_AddService
00040154	000451b2	GAP_SetParamValue
00040158	00044c54	GAP_GetParamValue
0004015c	000478b8	GAP_ConfigDeviceAddr
00040160	00044cd2	GAP_ResolvePrivateAddr
00040164	000473e4	GAP_UpdateAdvertisingData
00040168	00069f0c	GAPBondMgr_SetParameter
0004016c	00069728	GAPBondMgr_GetParameter
00040170	00069c32	GAPBondMgr_PasscodeRsp
00040260	00069c70	GAPBondMgr_OobRsp
00040264	00069e0e	GAPBondMgr_EccInit
00040244	00069c90	GAPBondMgr_PeriSecurityReq
00040174	0006b47c	GAPRole_SetParameter
00040178	0006b342	GAPRole_GetParameter
0004017c	0006b7c6	GAPRole_TerminateLink
00040180	0006b77e	GAPRole_ReadRssiCmd
00040220	0006b782	GAPRole_CreateSync
00040224	0006b7ba	GAPRole_CancelSync
00040228	0006b7b6	GAPRole_TerminateSync
00040184	0006b7be	GAPRole_UpdateLink
0004021c	0006b7ea	GAPRole_UpdatePHY
00040248	0006b7ee	GAPRole_SetPrivacyMode
0004024c	0006b7f6	GAPRole_SetPathLossReporting
00040254	0006b7fa	GAPRole_SetPowerlevel
00040188	0006b86e	GAPRole_BroadcasterInit
0004018c	00068642	GAPRole_BroadcasterStartDevice
000401dc	00068676	GAPRole_BroadcasterSetCB
00040190	0006b7fe	GAPRole_ObserverInit
00040194	0006aa82	GAPRole_ObserverStartDevice
00040198	0006aaa8	GAPRole_ObserverStartDiscovery
0004019c	0006aad0	GAPRole_ObserverCancelDiscovery
000401a0	0006b8de	GAPRole_PeripheralInit
000401a4	0006b13c	GAPRole_PeripheralStartDevice
000401a8	0006b0d2	GAPRole_PeripheralConnParamUpdateReq
000401ac	0006b94e	GAPRole_CentralInit
000401b0	000688a4	GAPRole_CentralStartDevice
000401b4	00068940	GAPRole_CentralStartDiscovery
000401b8	00068968	GAPRole_CentralCancelDiscovery
00040234	0006b7f2	GAPRole_SetHostChanClassification
000401bc	0006890a	GAPRole_CentralEstablishLink
000401c0	00063f76	RF_RoleInit
000401c4	00062a94	RF_Config
000401c8	00062e22	RF_Rx
000401cc	00062b78	RF_Tx
000401d0	00063506	RF_Shut
00040200	00063f24	RF_SetChannel
00040204	00063586	RF_FrequencyHoppingShut
00040208	00063bbc	RF_FrequencyHoppingTx
0004020c	00063824	RF_FrequencyHoppingRx
00040210	00062a48	RF_BondingErase
000401d4	00065d2c	LL_SingleChannel
000401d8	00065c12	LL_TestEnd
000401f0	000653ba	API_LE_ReceiverTestCmd
000401f4	0006546c	API_LE_TransmitterTestCmd
000401f8	0006561c	API_LE_TestEndCmd
00040238	00064170	RFEND_SetSensitivity
0004023c	000642c2	RFEND_TXCtuneSet
00040240	0006433c	RFEND_TXCtuneGet
